ISO-10303-21;
HEADER;
FILE_DESCRIPTION(('KiCad electronic assembly'),'2;1');
FILE_NAME('Encoder.step','2024-09-01T22:36:19',('Pcbnew'),('Kicad'),
  'Open CASCADE STEP processor 7.7','KiCad to STEP converter','Unknown'
  );
FILE_SCHEMA(('AUTOMOTIVE_DESIGN { 1 0 10303 214 1 1 1 1 }'));
ENDSEC;
DATA;
#1 = APPLICATION_PROTOCOL_DEFINITION('international standard',
  'automotive_design',2000,#2);
#2 = APPLICATION_CONTEXT(
  'core data for automotive mechanical design processes');
#3 = SHAPE_DEFINITION_REPRESENTATION(#4,#10);
#4 = PRODUCT_DEFINITION_SHAPE('','',#5);
#5 = PRODUCT_DEFINITION('design','',#6,#9);
#6 = PRODUCT_DEFINITION_FORMATION('','',#7);
#7 = PRODUCT('Encoder 1','Encoder 1','',(#8));
#8 = PRODUCT_CONTEXT('',#2,'mechanical');
#9 = PRODUCT_DEFINITION_CONTEXT('part definition',#2,'design');
#10 = SHAPE_REPRESENTATION('',(#11,#15,#19,#23,#27),#31);
#11 = AXIS2_PLACEMENT_3D('',#12,#13,#14);
#12 = CARTESIAN_POINT('',(0.,0.,0.));
#13 = DIRECTION('',(0.,0.,1.));
#14 = DIRECTION('',(1.,0.,-0.));
#15 = AXIS2_PLACEMENT_3D('',#16,#17,#18);
#16 = CARTESIAN_POINT('',(152.8,-104.,1.65));
#17 = DIRECTION('',(0.,0.,1.));
#18 = DIRECTION('',(1.,0.,0.));
#19 = AXIS2_PLACEMENT_3D('',#20,#21,#22);
#20 = CARTESIAN_POINT('',(161.5,-102.1,1.65));
#21 = DIRECTION('',(-0.,0.,1.));
#22 = DIRECTION('',(1.110223024625E-16,-1.,0.));
#23 = AXIS2_PLACEMENT_3D('',#24,#25,#26);
#24 = CARTESIAN_POINT('',(152.8,-104.,-5.E-02));
#25 = DIRECTION('',(1.499759782662E-32,1.224646799147E-16,-1.));
#26 = DIRECTION('',(-1.,1.224646799147E-16,0.));
#27 = AXIS2_PLACEMENT_3D('',#28,#29,#30);
#28 = CARTESIAN_POINT('',(0.,0.,0.));
#29 = DIRECTION('',(0.,0.,1.));
#30 = DIRECTION('',(1.,0.,-0.));
#31 = ( GEOMETRIC_REPRESENTATION_CONTEXT(3) 
GLOBAL_UNCERTAINTY_ASSIGNED_CONTEXT((#35)) GLOBAL_UNIT_ASSIGNED_CONTEXT(
(#32,#33,#34)) REPRESENTATION_CONTEXT('Context #1',
  '3D Context with UNIT and UNCERTAINTY') );
#32 = ( LENGTH_UNIT() NAMED_UNIT(*) SI_UNIT(.MILLI.,.METRE.) );
#33 = ( NAMED_UNIT(*) PLANE_ANGLE_UNIT() SI_UNIT($,.RADIAN.) );
#34 = ( NAMED_UNIT(*) SI_UNIT($,.STERADIAN.) SOLID_ANGLE_UNIT() );
#35 = UNCERTAINTY_MEASURE_WITH_UNIT(LENGTH_MEASURE(2.E-06),#32,
  'distance_accuracy_value','confusion accuracy');
#36 = PRODUCT_RELATED_PRODUCT_CATEGORY('part',$,(#7));
#37 = SHAPE_DEFINITION_REPRESENTATION(#38,#44);
#38 = PRODUCT_DEFINITION_SHAPE('','',#39);
#39 = PRODUCT_DEFINITION('design','',#40,#43);
#40 = PRODUCT_DEFINITION_FORMATION('','',#41);
#41 = PRODUCT('PinHeader_2x04_P2.54mm_Vertical_SMD',
  'PinHeader_2x04_P2.54mm_Vertical_SMD','',(#42));
#42 = PRODUCT_CONTEXT('',#2,'mechanical');
#43 = PRODUCT_DEFINITION_CONTEXT('part definition',#2,'design');
#44 = SHAPE_REPRESENTATION('',(#11,#45),#49);
#45 = AXIS2_PLACEMENT_3D('',#46,#47,#48);
#46 = CARTESIAN_POINT('',(0.,0.,0.));
#47 = DIRECTION('',(0.,0.,1.));
#48 = DIRECTION('',(1.,0.,-0.));
#49 = ( GEOMETRIC_REPRESENTATION_CONTEXT(3) 
GLOBAL_UNCERTAINTY_ASSIGNED_CONTEXT((#53)) GLOBAL_UNIT_ASSIGNED_CONTEXT(
(#50,#51,#52)) REPRESENTATION_CONTEXT('Context #1',
  '3D Context with UNIT and UNCERTAINTY') );
#50 = ( LENGTH_UNIT() NAMED_UNIT(*) SI_UNIT(.MILLI.,.METRE.) );
#51 = ( NAMED_UNIT(*) PLANE_ANGLE_UNIT() SI_UNIT($,.RADIAN.) );
#52 = ( NAMED_UNIT(*) SI_UNIT($,.STERADIAN.) SOLID_ANGLE_UNIT() );
#53 = UNCERTAINTY_MEASURE_WITH_UNIT(LENGTH_MEASURE(1.E-07),#50,
  'distance_accuracy_value','confusion accuracy');
#54 = CONTEXT_DEPENDENT_SHAPE_REPRESENTATION(#55,#57);
#55 = ( REPRESENTATION_RELATIONSHIP('','',#44,#10) 
REPRESENTATION_RELATIONSHIP_WITH_TRANSFORMATION(#56) 
SHAPE_REPRESENTATION_RELATIONSHIP() );
#56 = ITEM_DEFINED_TRANSFORMATION('','',#11,#15);
#57 = PRODUCT_DEFINITION_SHAPE('Placement','Placement of an item',#58);
#58 = NEXT_ASSEMBLY_USAGE_OCCURRENCE('2','J201','',#5,#39,$);
#59 = PRODUCT_RELATED_PRODUCT_CATEGORY('part',$,(#41));
#60 = SHAPE_DEFINITION_REPRESENTATION(#61,#67);
#61 = PRODUCT_DEFINITION_SHAPE('','',#62);
#62 = PRODUCT_DEFINITION('design','',#63,#66);
#63 = PRODUCT_DEFINITION_FORMATION('','',#64);
#64 = PRODUCT('PinHeader_2x04_P254mm_Vertical_SMD',
  'PinHeader_2x04_P254mm_Vertical_SMD','',(#65));
#65 = PRODUCT_CONTEXT('',#2,'mechanical');
#66 = PRODUCT_DEFINITION_CONTEXT('part definition',#2,'design');
#67 = ADVANCED_BREP_SHAPE_REPRESENTATION('',(#11,#68),#5560);
#68 = MANIFOLD_SOLID_BREP('',#69);
#69 = CLOSED_SHELL('',(#70,#110,#141,#172,#637,#1102,#1119,#1136,#1153,
    #1170,#1187,#1204,#1221,#1238,#1255,#1272,#1289,#1306,#1323,#1340,
    #1357,#1374,#1391,#1408,#1425,#1442,#1459,#1476,#1488,#1519,#1568,
    #1592,#1634,#1690,#1714,#1763,#1780,#1811,#1860,#1884,#1926,#1982,
    #2006,#2055,#2072,#2103,#2152,#2176,#2218,#2274,#2298,#2347,#2364,
    #2395,#2444,#2468,#2510,#2541,#2590,#2614,#2656,#2687,#2711,#2735,
    #2752,#2783,#2807,#2831,#2848,#2879,#2903,#2927,#2944,#2975,#2999,
    #3023,#3040,#3071,#3095,#3119,#3136,#3167,#3191,#3215,#3232,#3263,
    #3287,#3311,#3328,#3359,#3383,#3407,#3424,#3441,#3472,#3489,#3506,
    #3537,#3568,#3585,#3602,#3619,#3650,#3667,#3698,#3715,#3732,#3763,
    #3794,#3811,#3828,#3845,#3876,#3893,#3924,#3941,#3958,#3989,#4020,
    #4037,#4054,#4071,#4102,#4119,#4150,#4167,#4184,#4215,#4232,#4263,
    #4280,#4297,#4328,#4359,#4383,#4407,#4424,#4455,#4479,#4503,#4520,
    #4551,#4575,#4599,#4616,#4647,#4671,#4695,#4712,#4743,#4767,#4791,
    #4808,#4839,#4863,#4887,#4904,#4935,#4959,#4983,#5000,#5031,#5055,
    #5079,#5096,#5113,#5130,#5142,#5159,#5176,#5188,#5205,#5222,#5234,
    #5251,#5268,#5280,#5297,#5314,#5326,#5343,#5360,#5372,#5389,#5406,
    #5418,#5435,#5452,#5464,#5476,#5488,#5500,#5512,#5524,#5536,#5548));
#70 = ADVANCED_FACE('',(#71),#105,.F.);
#71 = FACE_BOUND('',#72,.F.);
#72 = EDGE_LOOP('',(#73,#83,#91,#99));
#73 = ORIENTED_EDGE('',*,*,#74,.T.);
#74 = EDGE_CURVE('',#75,#77,#79,.T.);
#75 = VERTEX_POINT('',#76);
#76 = CARTESIAN_POINT('',(-2.286,5.08,0.76));
#77 = VERTEX_POINT('',#78);
#78 = CARTESIAN_POINT('',(-2.286,5.08,3.3));
#79 = LINE('',#80,#81);
#80 = CARTESIAN_POINT('',(-2.286,5.08,0.76));
#81 = VECTOR('',#82,1.);
#82 = DIRECTION('',(0.,0.,1.));
#83 = ORIENTED_EDGE('',*,*,#84,.T.);
#84 = EDGE_CURVE('',#77,#85,#87,.T.);
#85 = VERTEX_POINT('',#86);
#86 = CARTESIAN_POINT('',(-2.54,4.826,3.3));
#87 = LINE('',#88,#89);
#88 = CARTESIAN_POINT('',(-2.286,5.08,3.3));
#89 = VECTOR('',#90,1.);
#90 = DIRECTION('',(-0.707106781187,-0.707106781187,0.));
#91 = ORIENTED_EDGE('',*,*,#92,.F.);
#92 = EDGE_CURVE('',#93,#85,#95,.T.);
#93 = VERTEX_POINT('',#94);
#94 = CARTESIAN_POINT('',(-2.54,4.826,0.76));
#95 = LINE('',#96,#97);
#96 = CARTESIAN_POINT('',(-2.54,4.826,0.76));
#97 = VECTOR('',#98,1.);
#98 = DIRECTION('',(0.,0.,1.));
#99 = ORIENTED_EDGE('',*,*,#100,.F.);
#100 = EDGE_CURVE('',#75,#93,#101,.T.);
#101 = LINE('',#102,#103);
#102 = CARTESIAN_POINT('',(-2.286,5.08,0.76));
#103 = VECTOR('',#104,1.);
#104 = DIRECTION('',(-0.707106781187,-0.707106781187,0.));
#105 = PLANE('',#106);
#106 = AXIS2_PLACEMENT_3D('',#107,#108,#109);
#107 = CARTESIAN_POINT('',(-2.286,5.08,0.76));
#108 = DIRECTION('',(0.707106781187,-0.707106781187,0.));
#109 = DIRECTION('',(-0.707106781187,-0.707106781187,0.));
#110 = ADVANCED_FACE('',(#111),#136,.F.);
#111 = FACE_BOUND('',#112,.F.);
#112 = EDGE_LOOP('',(#113,#123,#129,#130));
#113 = ORIENTED_EDGE('',*,*,#114,.T.);
#114 = EDGE_CURVE('',#115,#117,#119,.T.);
#115 = VERTEX_POINT('',#116);
#116 = CARTESIAN_POINT('',(2.286,5.08,0.76));
#117 = VERTEX_POINT('',#118);
#118 = CARTESIAN_POINT('',(2.286,5.08,3.3));
#119 = LINE('',#120,#121);
#120 = CARTESIAN_POINT('',(2.286,5.08,0.76));
#121 = VECTOR('',#122,1.);
#122 = DIRECTION('',(0.,0.,1.));
#123 = ORIENTED_EDGE('',*,*,#124,.T.);
#124 = EDGE_CURVE('',#117,#77,#125,.T.);
#125 = LINE('',#126,#127);
#126 = CARTESIAN_POINT('',(2.286,5.08,3.3));
#127 = VECTOR('',#128,1.);
#128 = DIRECTION('',(-1.,0.,0.));
#129 = ORIENTED_EDGE('',*,*,#74,.F.);
#130 = ORIENTED_EDGE('',*,*,#131,.F.);
#131 = EDGE_CURVE('',#115,#75,#132,.T.);
#132 = LINE('',#133,#134);
#133 = CARTESIAN_POINT('',(2.286,5.08,0.76));
#134 = VECTOR('',#135,1.);
#135 = DIRECTION('',(-1.,0.,0.));
#136 = PLANE('',#137);
#137 = AXIS2_PLACEMENT_3D('',#138,#139,#140);
#138 = CARTESIAN_POINT('',(2.286,5.08,0.76));
#139 = DIRECTION('',(0.,-1.,0.));
#140 = DIRECTION('',(-1.,0.,0.));
#141 = ADVANCED_FACE('',(#142),#167,.F.);
#142 = FACE_BOUND('',#143,.F.);
#143 = EDGE_LOOP('',(#144,#145,#153,#161));
#144 = ORIENTED_EDGE('',*,*,#92,.T.);
#145 = ORIENTED_EDGE('',*,*,#146,.T.);
#146 = EDGE_CURVE('',#85,#147,#149,.T.);
#147 = VERTEX_POINT('',#148);
#148 = CARTESIAN_POINT('',(-2.54,2.794,3.3));
#149 = LINE('',#150,#151);
#150 = CARTESIAN_POINT('',(-2.54,4.826,3.3));
#151 = VECTOR('',#152,1.);
#152 = DIRECTION('',(0.,-1.,0.));
#153 = ORIENTED_EDGE('',*,*,#154,.F.);
#154 = EDGE_CURVE('',#155,#147,#157,.T.);
#155 = VERTEX_POINT('',#156);
#156 = CARTESIAN_POINT('',(-2.54,2.794,0.76));
#157 = LINE('',#158,#159);
#158 = CARTESIAN_POINT('',(-2.54,2.794,0.76));
#159 = VECTOR('',#160,1.);
#160 = DIRECTION('',(0.,0.,1.));
#161 = ORIENTED_EDGE('',*,*,#162,.F.);
#162 = EDGE_CURVE('',#93,#155,#163,.T.);
#163 = LINE('',#164,#165);
#164 = CARTESIAN_POINT('',(-2.54,4.826,0.76));
#165 = VECTOR('',#166,1.);
#166 = DIRECTION('',(0.,-1.,0.));
#167 = PLANE('',#168);
#168 = AXIS2_PLACEMENT_3D('',#169,#170,#171);
#169 = CARTESIAN_POINT('',(-2.54,4.826,0.76));
#170 = DIRECTION('',(1.,0.,0.));
#171 = DIRECTION('',(0.,-1.,0.));
#172 = ADVANCED_FACE('',(#173,#360,#394,#428,#462,#496,#530,#564,#598),
  #632,.F.);
#173 = FACE_BOUND('',#174,.F.);
#174 = EDGE_LOOP('',(#175,#176,#177,#185,#193,#201,#209,#217,#225,#233,
    #241,#249,#257,#265,#273,#281,#289,#297,#305,#313,#321,#329,#337,
    #345,#353,#359));
#175 = ORIENTED_EDGE('',*,*,#100,.T.);
#176 = ORIENTED_EDGE('',*,*,#162,.T.);
#177 = ORIENTED_EDGE('',*,*,#178,.T.);
#178 = EDGE_CURVE('',#155,#179,#181,.T.);
#179 = VERTEX_POINT('',#180);
#180 = CARTESIAN_POINT('',(-2.286,2.54,0.76));
#181 = LINE('',#182,#183);
#182 = CARTESIAN_POINT('',(-2.54,2.794,0.76));
#183 = VECTOR('',#184,1.);
#184 = DIRECTION('',(0.707106781187,-0.707106781187,0.));
#185 = ORIENTED_EDGE('',*,*,#186,.T.);
#186 = EDGE_CURVE('',#179,#187,#189,.T.);
#187 = VERTEX_POINT('',#188);
#188 = CARTESIAN_POINT('',(-2.54,2.286,0.76));
#189 = LINE('',#190,#191);
#190 = CARTESIAN_POINT('',(-2.286,2.54,0.76));
#191 = VECTOR('',#192,1.);
#192 = DIRECTION('',(-0.707106781187,-0.707106781187,0.));
#193 = ORIENTED_EDGE('',*,*,#194,.T.);
#194 = EDGE_CURVE('',#187,#195,#197,.T.);
#195 = VERTEX_POINT('',#196);
#196 = CARTESIAN_POINT('',(-2.54,0.254,0.76));
#197 = LINE('',#198,#199);
#198 = CARTESIAN_POINT('',(-2.54,2.286,0.76));
#199 = VECTOR('',#200,1.);
#200 = DIRECTION('',(0.,-1.,0.));
#201 = ORIENTED_EDGE('',*,*,#202,.T.);
#202 = EDGE_CURVE('',#195,#203,#205,.T.);
#203 = VERTEX_POINT('',#204);
#204 = CARTESIAN_POINT('',(-2.286,4.440892098501E-16,0.76));
#205 = LINE('',#206,#207);
#206 = CARTESIAN_POINT('',(-2.54,0.254,0.76));
#207 = VECTOR('',#208,1.);
#208 = DIRECTION('',(0.707106781187,-0.707106781187,0.));
#209 = ORIENTED_EDGE('',*,*,#210,.T.);
#210 = EDGE_CURVE('',#203,#211,#213,.T.);
#211 = VERTEX_POINT('',#212);
#212 = CARTESIAN_POINT('',(-2.54,-0.254,0.76));
#213 = LINE('',#214,#215);
#214 = CARTESIAN_POINT('',(-2.286,4.440892098501E-16,0.76));
#215 = VECTOR('',#216,1.);
#216 = DIRECTION('',(-0.707106781187,-0.707106781187,0.));
#217 = ORIENTED_EDGE('',*,*,#218,.T.);
#218 = EDGE_CURVE('',#211,#219,#221,.T.);
#219 = VERTEX_POINT('',#220);
#220 = CARTESIAN_POINT('',(-2.54,-2.286,0.76));
#221 = LINE('',#222,#223);
#222 = CARTESIAN_POINT('',(-2.54,-0.254,0.76));
#223 = VECTOR('',#224,1.);
#224 = DIRECTION('',(0.,-1.,0.));
#225 = ORIENTED_EDGE('',*,*,#226,.T.);
#226 = EDGE_CURVE('',#219,#227,#229,.T.);
#227 = VERTEX_POINT('',#228);
#228 = CARTESIAN_POINT('',(-2.286,-2.54,0.76));
#229 = LINE('',#230,#231);
#230 = CARTESIAN_POINT('',(-2.54,-2.286,0.76));
#231 = VECTOR('',#232,1.);
#232 = DIRECTION('',(0.707106781187,-0.707106781187,0.));
#233 = ORIENTED_EDGE('',*,*,#234,.T.);
#234 = EDGE_CURVE('',#227,#235,#237,.T.);
#235 = VERTEX_POINT('',#236);
#236 = CARTESIAN_POINT('',(-2.54,-2.794,0.76));
#237 = LINE('',#238,#239);
#238 = CARTESIAN_POINT('',(-2.286,-2.54,0.76));
#239 = VECTOR('',#240,1.);
#240 = DIRECTION('',(-0.707106781187,-0.707106781187,0.));
#241 = ORIENTED_EDGE('',*,*,#242,.T.);
#242 = EDGE_CURVE('',#235,#243,#245,.T.);
#243 = VERTEX_POINT('',#244);
#244 = CARTESIAN_POINT('',(-2.54,-4.826,0.76));
#245 = LINE('',#246,#247);
#246 = CARTESIAN_POINT('',(-2.54,-2.794,0.76));
#247 = VECTOR('',#248,1.);
#248 = DIRECTION('',(0.,-1.,0.));
#249 = ORIENTED_EDGE('',*,*,#250,.T.);
#250 = EDGE_CURVE('',#243,#251,#253,.T.);
#251 = VERTEX_POINT('',#252);
#252 = CARTESIAN_POINT('',(-2.286,-5.08,0.76));
#253 = LINE('',#254,#255);
#254 = CARTESIAN_POINT('',(-2.54,-4.826,0.76));
#255 = VECTOR('',#256,1.);
#256 = DIRECTION('',(0.707106781187,-0.707106781187,0.));
#257 = ORIENTED_EDGE('',*,*,#258,.T.);
#258 = EDGE_CURVE('',#251,#259,#261,.T.);
#259 = VERTEX_POINT('',#260);
#260 = CARTESIAN_POINT('',(2.286,-5.08,0.76));
#261 = LINE('',#262,#263);
#262 = CARTESIAN_POINT('',(-2.286,-5.08,0.76));
#263 = VECTOR('',#264,1.);
#264 = DIRECTION('',(1.,0.,0.));
#265 = ORIENTED_EDGE('',*,*,#266,.T.);
#266 = EDGE_CURVE('',#259,#267,#269,.T.);
#267 = VERTEX_POINT('',#268);
#268 = CARTESIAN_POINT('',(2.54,-4.826,0.76));
#269 = LINE('',#270,#271);
#270 = CARTESIAN_POINT('',(2.286,-5.08,0.76));
#271 = VECTOR('',#272,1.);
#272 = DIRECTION('',(0.707106781187,0.707106781187,0.));
#273 = ORIENTED_EDGE('',*,*,#274,.T.);
#274 = EDGE_CURVE('',#267,#275,#277,.T.);
#275 = VERTEX_POINT('',#276);
#276 = CARTESIAN_POINT('',(2.54,-2.794,0.76));
#277 = LINE('',#278,#279);
#278 = CARTESIAN_POINT('',(2.54,-4.826,0.76));
#279 = VECTOR('',#280,1.);
#280 = DIRECTION('',(0.,1.,0.));
#281 = ORIENTED_EDGE('',*,*,#282,.T.);
#282 = EDGE_CURVE('',#275,#283,#285,.T.);
#283 = VERTEX_POINT('',#284);
#284 = CARTESIAN_POINT('',(2.286,-2.54,0.76));
#285 = LINE('',#286,#287);
#286 = CARTESIAN_POINT('',(2.54,-2.794,0.76));
#287 = VECTOR('',#288,1.);
#288 = DIRECTION('',(-0.707106781187,0.707106781187,0.));
#289 = ORIENTED_EDGE('',*,*,#290,.T.);
#290 = EDGE_CURVE('',#283,#291,#293,.T.);
#291 = VERTEX_POINT('',#292);
#292 = CARTESIAN_POINT('',(2.54,-2.286,0.76));
#293 = LINE('',#294,#295);
#294 = CARTESIAN_POINT('',(2.286,-2.54,0.76));
#295 = VECTOR('',#296,1.);
#296 = DIRECTION('',(0.707106781187,0.707106781187,0.));
#297 = ORIENTED_EDGE('',*,*,#298,.T.);
#298 = EDGE_CURVE('',#291,#299,#301,.T.);
#299 = VERTEX_POINT('',#300);
#300 = CARTESIAN_POINT('',(2.54,-0.254,0.76));
#301 = LINE('',#302,#303);
#302 = CARTESIAN_POINT('',(2.54,-2.286,0.76));
#303 = VECTOR('',#304,1.);
#304 = DIRECTION('',(0.,1.,0.));
#305 = ORIENTED_EDGE('',*,*,#306,.T.);
#306 = EDGE_CURVE('',#299,#307,#309,.T.);
#307 = VERTEX_POINT('',#308);
#308 = CARTESIAN_POINT('',(2.286,-4.440892098501E-16,0.76));
#309 = LINE('',#310,#311);
#310 = CARTESIAN_POINT('',(2.54,-0.254,0.76));
#311 = VECTOR('',#312,1.);
#312 = DIRECTION('',(-0.707106781187,0.707106781187,0.));
#313 = ORIENTED_EDGE('',*,*,#314,.T.);
#314 = EDGE_CURVE('',#307,#315,#317,.T.);
#315 = VERTEX_POINT('',#316);
#316 = CARTESIAN_POINT('',(2.54,0.254,0.76));
#317 = LINE('',#318,#319);
#318 = CARTESIAN_POINT('',(2.286,-4.440892098501E-16,0.76));
#319 = VECTOR('',#320,1.);
#320 = DIRECTION('',(0.707106781187,0.707106781187,0.));
#321 = ORIENTED_EDGE('',*,*,#322,.T.);
#322 = EDGE_CURVE('',#315,#323,#325,.T.);
#323 = VERTEX_POINT('',#324);
#324 = CARTESIAN_POINT('',(2.54,2.286,0.76));
#325 = LINE('',#326,#327);
#326 = CARTESIAN_POINT('',(2.54,0.254,0.76));
#327 = VECTOR('',#328,1.);
#328 = DIRECTION('',(0.,1.,0.));
#329 = ORIENTED_EDGE('',*,*,#330,.T.);
#330 = EDGE_CURVE('',#323,#331,#333,.T.);
#331 = VERTEX_POINT('',#332);
#332 = CARTESIAN_POINT('',(2.286,2.54,0.76));
#333 = LINE('',#334,#335);
#334 = CARTESIAN_POINT('',(2.54,2.286,0.76));
#335 = VECTOR('',#336,1.);
#336 = DIRECTION('',(-0.707106781187,0.707106781187,0.));
#337 = ORIENTED_EDGE('',*,*,#338,.T.);
#338 = EDGE_CURVE('',#331,#339,#341,.T.);
#339 = VERTEX_POINT('',#340);
#340 = CARTESIAN_POINT('',(2.54,2.794,0.76));
#341 = LINE('',#342,#343);
#342 = CARTESIAN_POINT('',(2.286,2.54,0.76));
#343 = VECTOR('',#344,1.);
#344 = DIRECTION('',(0.707106781187,0.707106781187,0.));
#345 = ORIENTED_EDGE('',*,*,#346,.T.);
#346 = EDGE_CURVE('',#339,#347,#349,.T.);
#347 = VERTEX_POINT('',#348);
#348 = CARTESIAN_POINT('',(2.54,4.826,0.76));
#349 = LINE('',#350,#351);
#350 = CARTESIAN_POINT('',(2.54,2.794,0.76));
#351 = VECTOR('',#352,1.);
#352 = DIRECTION('',(0.,1.,0.));
#353 = ORIENTED_EDGE('',*,*,#354,.T.);
#354 = EDGE_CURVE('',#347,#115,#355,.T.);
#355 = LINE('',#356,#357);
#356 = CARTESIAN_POINT('',(2.54,4.826,0.76));
#357 = VECTOR('',#358,1.);
#358 = DIRECTION('',(-0.707106781187,0.707106781187,0.));
#359 = ORIENTED_EDGE('',*,*,#131,.T.);
#360 = FACE_BOUND('',#361,.F.);
#361 = EDGE_LOOP('',(#362,#372,#380,#388));
#362 = ORIENTED_EDGE('',*,*,#363,.F.);
#363 = EDGE_CURVE('',#364,#366,#368,.T.);
#364 = VERTEX_POINT('',#365);
#365 = CARTESIAN_POINT('',(1.59,0.95,0.76));
#366 = VERTEX_POINT('',#367);
#367 = CARTESIAN_POINT('',(1.59,1.59,0.76));
#368 = LINE('',#369,#370);
#369 = CARTESIAN_POINT('',(1.59,0.795,0.76));
#370 = VECTOR('',#371,1.);
#371 = DIRECTION('',(0.,1.,4.119071913675E-33));
#372 = ORIENTED_EDGE('',*,*,#373,.T.);
#373 = EDGE_CURVE('',#364,#374,#376,.T.);
#374 = VERTEX_POINT('',#375);
#375 = CARTESIAN_POINT('',(0.95,0.95,0.76));
#376 = LINE('',#377,#378);
#377 = CARTESIAN_POINT('',(0.790585808581,0.95,0.76));
#378 = VECTOR('',#379,1.);
#379 = DIRECTION('',(-1.,-4.047975610096E-31,-7.262964285157E-33));
#380 = ORIENTED_EDGE('',*,*,#381,.F.);
#381 = EDGE_CURVE('',#382,#374,#384,.T.);
#382 = VERTEX_POINT('',#383);
#383 = CARTESIAN_POINT('',(0.95,1.59,0.76));
#384 = LINE('',#385,#386);
#385 = CARTESIAN_POINT('',(0.95,0.795,0.76));
#386 = VECTOR('',#387,1.);
#387 = DIRECTION('',(-9.834598878814E-50,-1.,-4.119071913675E-33));
#388 = ORIENTED_EDGE('',*,*,#389,.F.);
#389 = EDGE_CURVE('',#366,#382,#390,.T.);
#390 = LINE('',#391,#392);
#391 = CARTESIAN_POINT('',(0.790585808581,1.59,0.76));
#392 = VECTOR('',#393,1.);
#393 = DIRECTION('',(-1.,-4.047975610096E-31,-7.262964285157E-33));
#394 = FACE_BOUND('',#395,.F.);
#395 = EDGE_LOOP('',(#396,#406,#414,#422));
#396 = ORIENTED_EDGE('',*,*,#397,.F.);
#397 = EDGE_CURVE('',#398,#400,#402,.T.);
#398 = VERTEX_POINT('',#399);
#399 = CARTESIAN_POINT('',(-1.59,0.95,0.76));
#400 = VERTEX_POINT('',#401);
#401 = CARTESIAN_POINT('',(-0.95,0.95,0.76));
#402 = LINE('',#403,#404);
#403 = CARTESIAN_POINT('',(-0.790585808581,0.95,0.76));
#404 = VECTOR('',#405,1.);
#405 = DIRECTION('',(1.,-4.047975610096E-31,7.262964285157E-33));
#406 = ORIENTED_EDGE('',*,*,#407,.T.);
#407 = EDGE_CURVE('',#398,#408,#410,.T.);
#408 = VERTEX_POINT('',#409);
#409 = CARTESIAN_POINT('',(-1.59,1.59,0.76));
#410 = LINE('',#411,#412);
#411 = CARTESIAN_POINT('',(-1.59,0.795,0.76));
#412 = VECTOR('',#413,1.);
#413 = DIRECTION('',(0.,1.,4.119071913675E-33));
#414 = ORIENTED_EDGE('',*,*,#415,.T.);
#415 = EDGE_CURVE('',#408,#416,#418,.T.);
#416 = VERTEX_POINT('',#417);
#417 = CARTESIAN_POINT('',(-0.95,1.59,0.76));
#418 = LINE('',#419,#420);
#419 = CARTESIAN_POINT('',(-0.790585808581,1.59,0.76));
#420 = VECTOR('',#421,1.);
#421 = DIRECTION('',(1.,-4.047975610096E-31,7.262964285157E-33));
#422 = ORIENTED_EDGE('',*,*,#423,.T.);
#423 = EDGE_CURVE('',#416,#400,#424,.T.);
#424 = LINE('',#425,#426);
#425 = CARTESIAN_POINT('',(-0.95,0.795,0.76));
#426 = VECTOR('',#427,1.);
#427 = DIRECTION('',(9.834598878814E-50,-1.,-4.119071913675E-33));
#428 = FACE_BOUND('',#429,.F.);
#429 = EDGE_LOOP('',(#430,#440,#448,#456));
#430 = ORIENTED_EDGE('',*,*,#431,.T.);
#431 = EDGE_CURVE('',#432,#434,#436,.T.);
#432 = VERTEX_POINT('',#433);
#433 = CARTESIAN_POINT('',(-1.59,-4.13,0.76));
#434 = VERTEX_POINT('',#435);
#435 = CARTESIAN_POINT('',(-1.59,-3.49,0.76));
#436 = LINE('',#437,#438);
#437 = CARTESIAN_POINT('',(-1.59,-1.745,0.76));
#438 = VECTOR('',#439,1.);
#439 = DIRECTION('',(0.,1.,4.119071913675E-33));
#440 = ORIENTED_EDGE('',*,*,#441,.T.);
#441 = EDGE_CURVE('',#434,#442,#444,.T.);
#442 = VERTEX_POINT('',#443);
#443 = CARTESIAN_POINT('',(-0.95,-3.49,0.76));
#444 = LINE('',#445,#446);
#445 = CARTESIAN_POINT('',(-0.790585808581,-3.49,0.76));
#446 = VECTOR('',#447,1.);
#447 = DIRECTION('',(1.,-4.047975610096E-31,7.262964285157E-33));
#448 = ORIENTED_EDGE('',*,*,#449,.T.);
#449 = EDGE_CURVE('',#442,#450,#452,.T.);
#450 = VERTEX_POINT('',#451);
#451 = CARTESIAN_POINT('',(-0.95,-4.13,0.76));
#452 = LINE('',#453,#454);
#453 = CARTESIAN_POINT('',(-0.95,-1.745,0.76));
#454 = VECTOR('',#455,1.);
#455 = DIRECTION('',(9.834598878814E-50,-1.,-4.119071913675E-33));
#456 = ORIENTED_EDGE('',*,*,#457,.F.);
#457 = EDGE_CURVE('',#432,#450,#458,.T.);
#458 = LINE('',#459,#460);
#459 = CARTESIAN_POINT('',(-0.790585808581,-4.13,0.76));
#460 = VECTOR('',#461,1.);
#461 = DIRECTION('',(1.,-4.047975610096E-31,7.262964285157E-33));
#462 = FACE_BOUND('',#463,.F.);
#463 = EDGE_LOOP('',(#464,#474,#482,#490));
#464 = ORIENTED_EDGE('',*,*,#465,.F.);
#465 = EDGE_CURVE('',#466,#468,#470,.T.);
#466 = VERTEX_POINT('',#467);
#467 = CARTESIAN_POINT('',(1.59,-3.49,0.76));
#468 = VERTEX_POINT('',#469);
#469 = CARTESIAN_POINT('',(0.95,-3.49,0.76));
#470 = LINE('',#471,#472);
#471 = CARTESIAN_POINT('',(0.790585808581,-3.49,0.76));
#472 = VECTOR('',#473,1.);
#473 = DIRECTION('',(-1.,-4.047975610096E-31,-7.262964285157E-33));
#474 = ORIENTED_EDGE('',*,*,#475,.F.);
#475 = EDGE_CURVE('',#476,#466,#478,.T.);
#476 = VERTEX_POINT('',#477);
#477 = CARTESIAN_POINT('',(1.59,-4.13,0.76));
#478 = LINE('',#479,#480);
#479 = CARTESIAN_POINT('',(1.59,-1.745,0.76));
#480 = VECTOR('',#481,1.);
#481 = DIRECTION('',(0.,1.,4.119071913675E-33));
#482 = ORIENTED_EDGE('',*,*,#483,.T.);
#483 = EDGE_CURVE('',#476,#484,#486,.T.);
#484 = VERTEX_POINT('',#485);
#485 = CARTESIAN_POINT('',(0.95,-4.13,0.76));
#486 = LINE('',#487,#488);
#487 = CARTESIAN_POINT('',(0.790585808581,-4.13,0.76));
#488 = VECTOR('',#489,1.);
#489 = DIRECTION('',(-1.,-4.047975610096E-31,-7.262964285157E-33));
#490 = ORIENTED_EDGE('',*,*,#491,.F.);
#491 = EDGE_CURVE('',#468,#484,#492,.T.);
#492 = LINE('',#493,#494);
#493 = CARTESIAN_POINT('',(0.95,-1.745,0.76));
#494 = VECTOR('',#495,1.);
#495 = DIRECTION('',(-9.834598878814E-50,-1.,-4.119071913675E-33));
#496 = FACE_BOUND('',#497,.F.);
#497 = EDGE_LOOP('',(#498,#508,#516,#524));
#498 = ORIENTED_EDGE('',*,*,#499,.F.);
#499 = EDGE_CURVE('',#500,#502,#504,.T.);
#500 = VERTEX_POINT('',#501);
#501 = CARTESIAN_POINT('',(1.59,-1.59,0.76));
#502 = VERTEX_POINT('',#503);
#503 = CARTESIAN_POINT('',(1.59,-0.95,0.76));
#504 = LINE('',#505,#506);
#505 = CARTESIAN_POINT('',(1.59,-0.475,0.76));
#506 = VECTOR('',#507,1.);
#507 = DIRECTION('',(0.,1.,4.119071913675E-33));
#508 = ORIENTED_EDGE('',*,*,#509,.T.);
#509 = EDGE_CURVE('',#500,#510,#512,.T.);
#510 = VERTEX_POINT('',#511);
#511 = CARTESIAN_POINT('',(0.95,-1.59,0.76));
#512 = LINE('',#513,#514);
#513 = CARTESIAN_POINT('',(0.790585808581,-1.59,0.76));
#514 = VECTOR('',#515,1.);
#515 = DIRECTION('',(-1.,-4.047975610096E-31,-7.262964285157E-33));
#516 = ORIENTED_EDGE('',*,*,#517,.F.);
#517 = EDGE_CURVE('',#518,#510,#520,.T.);
#518 = VERTEX_POINT('',#519);
#519 = CARTESIAN_POINT('',(0.95,-0.95,0.76));
#520 = LINE('',#521,#522);
#521 = CARTESIAN_POINT('',(0.95,-0.475,0.76));
#522 = VECTOR('',#523,1.);
#523 = DIRECTION('',(-9.834598878814E-50,-1.,-4.119071913675E-33));
#524 = ORIENTED_EDGE('',*,*,#525,.F.);
#525 = EDGE_CURVE('',#502,#518,#526,.T.);
#526 = LINE('',#527,#528);
#527 = CARTESIAN_POINT('',(0.790585808581,-0.95,0.76));
#528 = VECTOR('',#529,1.);
#529 = DIRECTION('',(-1.,-4.047975610096E-31,-7.262964285157E-33));
#530 = FACE_BOUND('',#531,.F.);
#531 = EDGE_LOOP('',(#532,#542,#550,#558));
#532 = ORIENTED_EDGE('',*,*,#533,.T.);
#533 = EDGE_CURVE('',#534,#536,#538,.T.);
#534 = VERTEX_POINT('',#535);
#535 = CARTESIAN_POINT('',(-1.59,-0.95,0.76));
#536 = VERTEX_POINT('',#537);
#537 = CARTESIAN_POINT('',(-0.95,-0.95,0.76));
#538 = LINE('',#539,#540);
#539 = CARTESIAN_POINT('',(-0.790585808581,-0.95,0.76));
#540 = VECTOR('',#541,1.);
#541 = DIRECTION('',(1.,-4.047975610096E-31,7.262964285157E-33));
#542 = ORIENTED_EDGE('',*,*,#543,.T.);
#543 = EDGE_CURVE('',#536,#544,#546,.T.);
#544 = VERTEX_POINT('',#545);
#545 = CARTESIAN_POINT('',(-0.95,-1.59,0.76));
#546 = LINE('',#547,#548);
#547 = CARTESIAN_POINT('',(-0.95,-0.475,0.76));
#548 = VECTOR('',#549,1.);
#549 = DIRECTION('',(9.834598878814E-50,-1.,-4.119071913675E-33));
#550 = ORIENTED_EDGE('',*,*,#551,.F.);
#551 = EDGE_CURVE('',#552,#544,#554,.T.);
#552 = VERTEX_POINT('',#553);
#553 = CARTESIAN_POINT('',(-1.59,-1.59,0.76));
#554 = LINE('',#555,#556);
#555 = CARTESIAN_POINT('',(-0.790585808581,-1.59,0.76));
#556 = VECTOR('',#557,1.);
#557 = DIRECTION('',(1.,-4.047975610096E-31,7.262964285157E-33));
#558 = ORIENTED_EDGE('',*,*,#559,.T.);
#559 = EDGE_CURVE('',#552,#534,#560,.T.);
#560 = LINE('',#561,#562);
#561 = CARTESIAN_POINT('',(-1.59,-0.475,0.76));
#562 = VECTOR('',#563,1.);
#563 = DIRECTION('',(0.,1.,4.119071913675E-33));
#564 = FACE_BOUND('',#565,.F.);
#565 = EDGE_LOOP('',(#566,#576,#584,#592));
#566 = ORIENTED_EDGE('',*,*,#567,.T.);
#567 = EDGE_CURVE('',#568,#570,#572,.T.);
#568 = VERTEX_POINT('',#569);
#569 = CARTESIAN_POINT('',(-1.59,3.49,0.76));
#570 = VERTEX_POINT('',#571);
#571 = CARTESIAN_POINT('',(-1.59,4.13,0.76));
#572 = LINE('',#573,#574);
#573 = CARTESIAN_POINT('',(-1.59,2.065,0.76));
#574 = VECTOR('',#575,1.);
#575 = DIRECTION('',(0.,1.,4.119071913675E-33));
#576 = ORIENTED_EDGE('',*,*,#577,.T.);
#577 = EDGE_CURVE('',#570,#578,#580,.T.);
#578 = VERTEX_POINT('',#579);
#579 = CARTESIAN_POINT('',(-0.95,4.13,0.76));
#580 = LINE('',#581,#582);
#581 = CARTESIAN_POINT('',(-0.790585808581,4.13,0.76));
#582 = VECTOR('',#583,1.);
#583 = DIRECTION('',(1.,-4.047975610096E-31,7.262964285157E-33));
#584 = ORIENTED_EDGE('',*,*,#585,.T.);
#585 = EDGE_CURVE('',#578,#586,#588,.T.);
#586 = VERTEX_POINT('',#587);
#587 = CARTESIAN_POINT('',(-0.95,3.49,0.76));
#588 = LINE('',#589,#590);
#589 = CARTESIAN_POINT('',(-0.95,2.065,0.76));
#590 = VECTOR('',#591,1.);
#591 = DIRECTION('',(9.834598878814E-50,-1.,-4.119071913675E-33));
#592 = ORIENTED_EDGE('',*,*,#593,.F.);
#593 = EDGE_CURVE('',#568,#586,#594,.T.);
#594 = LINE('',#595,#596);
#595 = CARTESIAN_POINT('',(-0.790585808581,3.49,0.76));
#596 = VECTOR('',#597,1.);
#597 = DIRECTION('',(1.,-4.047975610096E-31,7.262964285157E-33));
#598 = FACE_BOUND('',#599,.F.);
#599 = EDGE_LOOP('',(#600,#610,#618,#626));
#600 = ORIENTED_EDGE('',*,*,#601,.F.);
#601 = EDGE_CURVE('',#602,#604,#606,.T.);
#602 = VERTEX_POINT('',#603);
#603 = CARTESIAN_POINT('',(1.59,3.49,0.76));
#604 = VERTEX_POINT('',#605);
#605 = CARTESIAN_POINT('',(1.59,4.13,0.76));
#606 = LINE('',#607,#608);
#607 = CARTESIAN_POINT('',(1.59,2.065,0.76));
#608 = VECTOR('',#609,1.);
#609 = DIRECTION('',(0.,1.,4.119071913675E-33));
#610 = ORIENTED_EDGE('',*,*,#611,.T.);
#611 = EDGE_CURVE('',#602,#612,#614,.T.);
#612 = VERTEX_POINT('',#613);
#613 = CARTESIAN_POINT('',(0.95,3.49,0.76));
#614 = LINE('',#615,#616);
#615 = CARTESIAN_POINT('',(0.790585808581,3.49,0.76));
#616 = VECTOR('',#617,1.);
#617 = DIRECTION('',(-1.,-4.047975610096E-31,-7.262964285157E-33));
#618 = ORIENTED_EDGE('',*,*,#619,.F.);
#619 = EDGE_CURVE('',#620,#612,#622,.T.);
#620 = VERTEX_POINT('',#621);
#621 = CARTESIAN_POINT('',(0.95,4.13,0.76));
#622 = LINE('',#623,#624);
#623 = CARTESIAN_POINT('',(0.95,2.065,0.76));
#624 = VECTOR('',#625,1.);
#625 = DIRECTION('',(-9.834598878814E-50,-1.,-4.119071913675E-33));
#626 = ORIENTED_EDGE('',*,*,#627,.F.);
#627 = EDGE_CURVE('',#604,#620,#628,.T.);
#628 = LINE('',#629,#630);
#629 = CARTESIAN_POINT('',(0.790585808581,4.13,0.76));
#630 = VECTOR('',#631,1.);
#631 = DIRECTION('',(-1.,-4.047975610096E-31,-7.262964285157E-33));
#632 = PLANE('',#633);
#633 = AXIS2_PLACEMENT_3D('',#634,#635,#636);
#634 = CARTESIAN_POINT('',(1.140614559939E-16,3.421843679817E-16,0.76));
#635 = DIRECTION('',(-7.262964285157E-33,-4.119071913675E-33,1.));
#636 = DIRECTION('',(1.,0.,7.262964285157E-33));
#637 = ADVANCED_FACE('',(#638,#825,#859,#893,#927,#961,#995,#1029,#1063)
  ,#1097,.T.);
#638 = FACE_BOUND('',#639,.T.);
#639 = EDGE_LOOP('',(#640,#641,#642,#650,#658,#666,#674,#682,#690,#698,
    #706,#714,#722,#730,#738,#746,#754,#762,#770,#778,#786,#794,#802,
    #810,#818,#824));
#640 = ORIENTED_EDGE('',*,*,#84,.T.);
#641 = ORIENTED_EDGE('',*,*,#146,.T.);
#642 = ORIENTED_EDGE('',*,*,#643,.T.);
#643 = EDGE_CURVE('',#147,#644,#646,.T.);
#644 = VERTEX_POINT('',#645);
#645 = CARTESIAN_POINT('',(-2.286,2.54,3.3));
#646 = LINE('',#647,#648);
#647 = CARTESIAN_POINT('',(-2.54,2.794,3.3));
#648 = VECTOR('',#649,1.);
#649 = DIRECTION('',(0.707106781187,-0.707106781187,0.));
#650 = ORIENTED_EDGE('',*,*,#651,.T.);
#651 = EDGE_CURVE('',#644,#652,#654,.T.);
#652 = VERTEX_POINT('',#653);
#653 = CARTESIAN_POINT('',(-2.54,2.286,3.3));
#654 = LINE('',#655,#656);
#655 = CARTESIAN_POINT('',(-2.286,2.54,3.3));
#656 = VECTOR('',#657,1.);
#657 = DIRECTION('',(-0.707106781187,-0.707106781187,0.));
#658 = ORIENTED_EDGE('',*,*,#659,.T.);
#659 = EDGE_CURVE('',#652,#660,#662,.T.);
#660 = VERTEX_POINT('',#661);
#661 = CARTESIAN_POINT('',(-2.54,0.254,3.3));
#662 = LINE('',#663,#664);
#663 = CARTESIAN_POINT('',(-2.54,2.286,3.3));
#664 = VECTOR('',#665,1.);
#665 = DIRECTION('',(0.,-1.,0.));
#666 = ORIENTED_EDGE('',*,*,#667,.T.);
#667 = EDGE_CURVE('',#660,#668,#670,.T.);
#668 = VERTEX_POINT('',#669);
#669 = CARTESIAN_POINT('',(-2.286,4.440892098501E-16,3.3));
#670 = LINE('',#671,#672);
#671 = CARTESIAN_POINT('',(-2.54,0.254,3.3));
#672 = VECTOR('',#673,1.);
#673 = DIRECTION('',(0.707106781187,-0.707106781187,0.));
#674 = ORIENTED_EDGE('',*,*,#675,.T.);
#675 = EDGE_CURVE('',#668,#676,#678,.T.);
#676 = VERTEX_POINT('',#677);
#677 = CARTESIAN_POINT('',(-2.54,-0.254,3.3));
#678 = LINE('',#679,#680);
#679 = CARTESIAN_POINT('',(-2.286,4.440892098501E-16,3.3));
#680 = VECTOR('',#681,1.);
#681 = DIRECTION('',(-0.707106781187,-0.707106781187,0.));
#682 = ORIENTED_EDGE('',*,*,#683,.T.);
#683 = EDGE_CURVE('',#676,#684,#686,.T.);
#684 = VERTEX_POINT('',#685);
#685 = CARTESIAN_POINT('',(-2.54,-2.286,3.3));
#686 = LINE('',#687,#688);
#687 = CARTESIAN_POINT('',(-2.54,-0.254,3.3));
#688 = VECTOR('',#689,1.);
#689 = DIRECTION('',(0.,-1.,0.));
#690 = ORIENTED_EDGE('',*,*,#691,.T.);
#691 = EDGE_CURVE('',#684,#692,#694,.T.);
#692 = VERTEX_POINT('',#693);
#693 = CARTESIAN_POINT('',(-2.286,-2.54,3.3));
#694 = LINE('',#695,#696);
#695 = CARTESIAN_POINT('',(-2.54,-2.286,3.3));
#696 = VECTOR('',#697,1.);
#697 = DIRECTION('',(0.707106781187,-0.707106781187,0.));
#698 = ORIENTED_EDGE('',*,*,#699,.T.);
#699 = EDGE_CURVE('',#692,#700,#702,.T.);
#700 = VERTEX_POINT('',#701);
#701 = CARTESIAN_POINT('',(-2.54,-2.794,3.3));
#702 = LINE('',#703,#704);
#703 = CARTESIAN_POINT('',(-2.286,-2.54,3.3));
#704 = VECTOR('',#705,1.);
#705 = DIRECTION('',(-0.707106781187,-0.707106781187,0.));
#706 = ORIENTED_EDGE('',*,*,#707,.T.);
#707 = EDGE_CURVE('',#700,#708,#710,.T.);
#708 = VERTEX_POINT('',#709);
#709 = CARTESIAN_POINT('',(-2.54,-4.826,3.3));
#710 = LINE('',#711,#712);
#711 = CARTESIAN_POINT('',(-2.54,-2.794,3.3));
#712 = VECTOR('',#713,1.);
#713 = DIRECTION('',(0.,-1.,0.));
#714 = ORIENTED_EDGE('',*,*,#715,.T.);
#715 = EDGE_CURVE('',#708,#716,#718,.T.);
#716 = VERTEX_POINT('',#717);
#717 = CARTESIAN_POINT('',(-2.286,-5.08,3.3));
#718 = LINE('',#719,#720);
#719 = CARTESIAN_POINT('',(-2.54,-4.826,3.3));
#720 = VECTOR('',#721,1.);
#721 = DIRECTION('',(0.707106781187,-0.707106781187,0.));
#722 = ORIENTED_EDGE('',*,*,#723,.T.);
#723 = EDGE_CURVE('',#716,#724,#726,.T.);
#724 = VERTEX_POINT('',#725);
#725 = CARTESIAN_POINT('',(2.286,-5.08,3.3));
#726 = LINE('',#727,#728);
#727 = CARTESIAN_POINT('',(-2.286,-5.08,3.3));
#728 = VECTOR('',#729,1.);
#729 = DIRECTION('',(1.,0.,0.));
#730 = ORIENTED_EDGE('',*,*,#731,.T.);
#731 = EDGE_CURVE('',#724,#732,#734,.T.);
#732 = VERTEX_POINT('',#733);
#733 = CARTESIAN_POINT('',(2.54,-4.826,3.3));
#734 = LINE('',#735,#736);
#735 = CARTESIAN_POINT('',(2.286,-5.08,3.3));
#736 = VECTOR('',#737,1.);
#737 = DIRECTION('',(0.707106781187,0.707106781187,0.));
#738 = ORIENTED_EDGE('',*,*,#739,.T.);
#739 = EDGE_CURVE('',#732,#740,#742,.T.);
#740 = VERTEX_POINT('',#741);
#741 = CARTESIAN_POINT('',(2.54,-2.794,3.3));
#742 = LINE('',#743,#744);
#743 = CARTESIAN_POINT('',(2.54,-4.826,3.3));
#744 = VECTOR('',#745,1.);
#745 = DIRECTION('',(0.,1.,0.));
#746 = ORIENTED_EDGE('',*,*,#747,.T.);
#747 = EDGE_CURVE('',#740,#748,#750,.T.);
#748 = VERTEX_POINT('',#749);
#749 = CARTESIAN_POINT('',(2.286,-2.54,3.3));
#750 = LINE('',#751,#752);
#751 = CARTESIAN_POINT('',(2.54,-2.794,3.3));
#752 = VECTOR('',#753,1.);
#753 = DIRECTION('',(-0.707106781187,0.707106781187,0.));
#754 = ORIENTED_EDGE('',*,*,#755,.T.);
#755 = EDGE_CURVE('',#748,#756,#758,.T.);
#756 = VERTEX_POINT('',#757);
#757 = CARTESIAN_POINT('',(2.54,-2.286,3.3));
#758 = LINE('',#759,#760);
#759 = CARTESIAN_POINT('',(2.286,-2.54,3.3));
#760 = VECTOR('',#761,1.);
#761 = DIRECTION('',(0.707106781187,0.707106781187,0.));
#762 = ORIENTED_EDGE('',*,*,#763,.T.);
#763 = EDGE_CURVE('',#756,#764,#766,.T.);
#764 = VERTEX_POINT('',#765);
#765 = CARTESIAN_POINT('',(2.54,-0.254,3.3));
#766 = LINE('',#767,#768);
#767 = CARTESIAN_POINT('',(2.54,-2.286,3.3));
#768 = VECTOR('',#769,1.);
#769 = DIRECTION('',(0.,1.,0.));
#770 = ORIENTED_EDGE('',*,*,#771,.T.);
#771 = EDGE_CURVE('',#764,#772,#774,.T.);
#772 = VERTEX_POINT('',#773);
#773 = CARTESIAN_POINT('',(2.286,-4.440892098501E-16,3.3));
#774 = LINE('',#775,#776);
#775 = CARTESIAN_POINT('',(2.54,-0.254,3.3));
#776 = VECTOR('',#777,1.);
#777 = DIRECTION('',(-0.707106781187,0.707106781187,0.));
#778 = ORIENTED_EDGE('',*,*,#779,.T.);
#779 = EDGE_CURVE('',#772,#780,#782,.T.);
#780 = VERTEX_POINT('',#781);
#781 = CARTESIAN_POINT('',(2.54,0.254,3.3));
#782 = LINE('',#783,#784);
#783 = CARTESIAN_POINT('',(2.286,-4.440892098501E-16,3.3));
#784 = VECTOR('',#785,1.);
#785 = DIRECTION('',(0.707106781187,0.707106781187,0.));
#786 = ORIENTED_EDGE('',*,*,#787,.T.);
#787 = EDGE_CURVE('',#780,#788,#790,.T.);
#788 = VERTEX_POINT('',#789);
#789 = CARTESIAN_POINT('',(2.54,2.286,3.3));
#790 = LINE('',#791,#792);
#791 = CARTESIAN_POINT('',(2.54,0.254,3.3));
#792 = VECTOR('',#793,1.);
#793 = DIRECTION('',(0.,1.,0.));
#794 = ORIENTED_EDGE('',*,*,#795,.T.);
#795 = EDGE_CURVE('',#788,#796,#798,.T.);
#796 = VERTEX_POINT('',#797);
#797 = CARTESIAN_POINT('',(2.286,2.54,3.3));
#798 = LINE('',#799,#800);
#799 = CARTESIAN_POINT('',(2.54,2.286,3.3));
#800 = VECTOR('',#801,1.);
#801 = DIRECTION('',(-0.707106781187,0.707106781187,0.));
#802 = ORIENTED_EDGE('',*,*,#803,.T.);
#803 = EDGE_CURVE('',#796,#804,#806,.T.);
#804 = VERTEX_POINT('',#805);
#805 = CARTESIAN_POINT('',(2.54,2.794,3.3));
#806 = LINE('',#807,#808);
#807 = CARTESIAN_POINT('',(2.286,2.54,3.3));
#808 = VECTOR('',#809,1.);
#809 = DIRECTION('',(0.707106781187,0.707106781187,0.));
#810 = ORIENTED_EDGE('',*,*,#811,.T.);
#811 = EDGE_CURVE('',#804,#812,#814,.T.);
#812 = VERTEX_POINT('',#813);
#813 = CARTESIAN_POINT('',(2.54,4.826,3.3));
#814 = LINE('',#815,#816);
#815 = CARTESIAN_POINT('',(2.54,2.794,3.3));
#816 = VECTOR('',#817,1.);
#817 = DIRECTION('',(0.,1.,0.));
#818 = ORIENTED_EDGE('',*,*,#819,.T.);
#819 = EDGE_CURVE('',#812,#117,#820,.T.);
#820 = LINE('',#821,#822);
#821 = CARTESIAN_POINT('',(2.54,4.826,3.3));
#822 = VECTOR('',#823,1.);
#823 = DIRECTION('',(-0.707106781187,0.707106781187,0.));
#824 = ORIENTED_EDGE('',*,*,#124,.T.);
#825 = FACE_BOUND('',#826,.T.);
#826 = EDGE_LOOP('',(#827,#837,#845,#853));
#827 = ORIENTED_EDGE('',*,*,#828,.F.);
#828 = EDGE_CURVE('',#829,#831,#833,.T.);
#829 = VERTEX_POINT('',#830);
#830 = CARTESIAN_POINT('',(1.59,0.95,3.3));
#831 = VERTEX_POINT('',#832);
#832 = CARTESIAN_POINT('',(1.59,1.59,3.3));
#833 = LINE('',#834,#835);
#834 = CARTESIAN_POINT('',(1.59,0.795,3.3));
#835 = VECTOR('',#836,1.);
#836 = DIRECTION('',(0.,1.,4.119071913675E-33));
#837 = ORIENTED_EDGE('',*,*,#838,.T.);
#838 = EDGE_CURVE('',#829,#839,#841,.T.);
#839 = VERTEX_POINT('',#840);
#840 = CARTESIAN_POINT('',(0.95,0.95,3.3));
#841 = LINE('',#842,#843);
#842 = CARTESIAN_POINT('',(0.790585808581,0.95,3.3));
#843 = VECTOR('',#844,1.);
#844 = DIRECTION('',(-1.,-4.047975610096E-31,-7.262964285157E-33));
#845 = ORIENTED_EDGE('',*,*,#846,.F.);
#846 = EDGE_CURVE('',#847,#839,#849,.T.);
#847 = VERTEX_POINT('',#848);
#848 = CARTESIAN_POINT('',(0.95,1.59,3.3));
#849 = LINE('',#850,#851);
#850 = CARTESIAN_POINT('',(0.95,0.795,3.3));
#851 = VECTOR('',#852,1.);
#852 = DIRECTION('',(-9.834598878814E-50,-1.,-4.119071913675E-33));
#853 = ORIENTED_EDGE('',*,*,#854,.F.);
#854 = EDGE_CURVE('',#831,#847,#855,.T.);
#855 = LINE('',#856,#857);
#856 = CARTESIAN_POINT('',(0.790585808581,1.59,3.3));
#857 = VECTOR('',#858,1.);
#858 = DIRECTION('',(-1.,-4.047975610096E-31,-7.262964285157E-33));
#859 = FACE_BOUND('',#860,.T.);
#860 = EDGE_LOOP('',(#861,#871,#879,#887));
#861 = ORIENTED_EDGE('',*,*,#862,.F.);
#862 = EDGE_CURVE('',#863,#865,#867,.T.);
#863 = VERTEX_POINT('',#864);
#864 = CARTESIAN_POINT('',(-1.59,0.95,3.3));
#865 = VERTEX_POINT('',#866);
#866 = CARTESIAN_POINT('',(-0.95,0.95,3.3));
#867 = LINE('',#868,#869);
#868 = CARTESIAN_POINT('',(-0.790585808581,0.95,3.3));
#869 = VECTOR('',#870,1.);
#870 = DIRECTION('',(1.,-4.047975610096E-31,7.262964285157E-33));
#871 = ORIENTED_EDGE('',*,*,#872,.T.);
#872 = EDGE_CURVE('',#863,#873,#875,.T.);
#873 = VERTEX_POINT('',#874);
#874 = CARTESIAN_POINT('',(-1.59,1.59,3.3));
#875 = LINE('',#876,#877);
#876 = CARTESIAN_POINT('',(-1.59,0.795,3.3));
#877 = VECTOR('',#878,1.);
#878 = DIRECTION('',(0.,1.,4.119071913675E-33));
#879 = ORIENTED_EDGE('',*,*,#880,.T.);
#880 = EDGE_CURVE('',#873,#881,#883,.T.);
#881 = VERTEX_POINT('',#882);
#882 = CARTESIAN_POINT('',(-0.95,1.59,3.3));
#883 = LINE('',#884,#885);
#884 = CARTESIAN_POINT('',(-0.790585808581,1.59,3.3));
#885 = VECTOR('',#886,1.);
#886 = DIRECTION('',(1.,-4.047975610096E-31,7.262964285157E-33));
#887 = ORIENTED_EDGE('',*,*,#888,.T.);
#888 = EDGE_CURVE('',#881,#865,#889,.T.);
#889 = LINE('',#890,#891);
#890 = CARTESIAN_POINT('',(-0.95,0.795,3.3));
#891 = VECTOR('',#892,1.);
#892 = DIRECTION('',(9.834598878814E-50,-1.,-4.119071913675E-33));
#893 = FACE_BOUND('',#894,.T.);
#894 = EDGE_LOOP('',(#895,#905,#913,#921));
#895 = ORIENTED_EDGE('',*,*,#896,.T.);
#896 = EDGE_CURVE('',#897,#899,#901,.T.);
#897 = VERTEX_POINT('',#898);
#898 = CARTESIAN_POINT('',(-1.59,-4.13,3.3));
#899 = VERTEX_POINT('',#900);
#900 = CARTESIAN_POINT('',(-1.59,-3.49,3.3));
#901 = LINE('',#902,#903);
#902 = CARTESIAN_POINT('',(-1.59,-1.745,3.3));
#903 = VECTOR('',#904,1.);
#904 = DIRECTION('',(0.,1.,4.119071913675E-33));
#905 = ORIENTED_EDGE('',*,*,#906,.T.);
#906 = EDGE_CURVE('',#899,#907,#909,.T.);
#907 = VERTEX_POINT('',#908);
#908 = CARTESIAN_POINT('',(-0.95,-3.49,3.3));
#909 = LINE('',#910,#911);
#910 = CARTESIAN_POINT('',(-0.790585808581,-3.49,3.3));
#911 = VECTOR('',#912,1.);
#912 = DIRECTION('',(1.,-4.047975610096E-31,7.262964285157E-33));
#913 = ORIENTED_EDGE('',*,*,#914,.T.);
#914 = EDGE_CURVE('',#907,#915,#917,.T.);
#915 = VERTEX_POINT('',#916);
#916 = CARTESIAN_POINT('',(-0.95,-4.13,3.3));
#917 = LINE('',#918,#919);
#918 = CARTESIAN_POINT('',(-0.95,-1.745,3.3));
#919 = VECTOR('',#920,1.);
#920 = DIRECTION('',(9.834598878814E-50,-1.,-4.119071913675E-33));
#921 = ORIENTED_EDGE('',*,*,#922,.F.);
#922 = EDGE_CURVE('',#897,#915,#923,.T.);
#923 = LINE('',#924,#925);
#924 = CARTESIAN_POINT('',(-0.790585808581,-4.13,3.3));
#925 = VECTOR('',#926,1.);
#926 = DIRECTION('',(1.,-4.047975610096E-31,7.262964285157E-33));
#927 = FACE_BOUND('',#928,.T.);
#928 = EDGE_LOOP('',(#929,#939,#947,#955));
#929 = ORIENTED_EDGE('',*,*,#930,.F.);
#930 = EDGE_CURVE('',#931,#933,#935,.T.);
#931 = VERTEX_POINT('',#932);
#932 = CARTESIAN_POINT('',(1.59,-3.49,3.3));
#933 = VERTEX_POINT('',#934);
#934 = CARTESIAN_POINT('',(0.95,-3.49,3.3));
#935 = LINE('',#936,#937);
#936 = CARTESIAN_POINT('',(0.790585808581,-3.49,3.3));
#937 = VECTOR('',#938,1.);
#938 = DIRECTION('',(-1.,-4.047975610096E-31,-7.262964285157E-33));
#939 = ORIENTED_EDGE('',*,*,#940,.F.);
#940 = EDGE_CURVE('',#941,#931,#943,.T.);
#941 = VERTEX_POINT('',#942);
#942 = CARTESIAN_POINT('',(1.59,-4.13,3.3));
#943 = LINE('',#944,#945);
#944 = CARTESIAN_POINT('',(1.59,-1.745,3.3));
#945 = VECTOR('',#946,1.);
#946 = DIRECTION('',(0.,1.,4.119071913675E-33));
#947 = ORIENTED_EDGE('',*,*,#948,.T.);
#948 = EDGE_CURVE('',#941,#949,#951,.T.);
#949 = VERTEX_POINT('',#950);
#950 = CARTESIAN_POINT('',(0.95,-4.13,3.3));
#951 = LINE('',#952,#953);
#952 = CARTESIAN_POINT('',(0.790585808581,-4.13,3.3));
#953 = VECTOR('',#954,1.);
#954 = DIRECTION('',(-1.,-4.047975610096E-31,-7.262964285157E-33));
#955 = ORIENTED_EDGE('',*,*,#956,.F.);
#956 = EDGE_CURVE('',#933,#949,#957,.T.);
#957 = LINE('',#958,#959);
#958 = CARTESIAN_POINT('',(0.95,-1.745,3.3));
#959 = VECTOR('',#960,1.);
#960 = DIRECTION('',(-9.834598878814E-50,-1.,-4.119071913675E-33));
#961 = FACE_BOUND('',#962,.T.);
#962 = EDGE_LOOP('',(#963,#973,#981,#989));
#963 = ORIENTED_EDGE('',*,*,#964,.F.);
#964 = EDGE_CURVE('',#965,#967,#969,.T.);
#965 = VERTEX_POINT('',#966);
#966 = CARTESIAN_POINT('',(1.59,-1.59,3.3));
#967 = VERTEX_POINT('',#968);
#968 = CARTESIAN_POINT('',(1.59,-0.95,3.3));
#969 = LINE('',#970,#971);
#970 = CARTESIAN_POINT('',(1.59,-0.475,3.3));
#971 = VECTOR('',#972,1.);
#972 = DIRECTION('',(0.,1.,4.119071913675E-33));
#973 = ORIENTED_EDGE('',*,*,#974,.T.);
#974 = EDGE_CURVE('',#965,#975,#977,.T.);
#975 = VERTEX_POINT('',#976);
#976 = CARTESIAN_POINT('',(0.95,-1.59,3.3));
#977 = LINE('',#978,#979);
#978 = CARTESIAN_POINT('',(0.790585808581,-1.59,3.3));
#979 = VECTOR('',#980,1.);
#980 = DIRECTION('',(-1.,-4.047975610096E-31,-7.262964285157E-33));
#981 = ORIENTED_EDGE('',*,*,#982,.F.);
#982 = EDGE_CURVE('',#983,#975,#985,.T.);
#983 = VERTEX_POINT('',#984);
#984 = CARTESIAN_POINT('',(0.95,-0.95,3.3));
#985 = LINE('',#986,#987);
#986 = CARTESIAN_POINT('',(0.95,-0.475,3.3));
#987 = VECTOR('',#988,1.);
#988 = DIRECTION('',(-9.834598878814E-50,-1.,-4.119071913675E-33));
#989 = ORIENTED_EDGE('',*,*,#990,.F.);
#990 = EDGE_CURVE('',#967,#983,#991,.T.);
#991 = LINE('',#992,#993);
#992 = CARTESIAN_POINT('',(0.790585808581,-0.95,3.3));
#993 = VECTOR('',#994,1.);
#994 = DIRECTION('',(-1.,-4.047975610096E-31,-7.262964285157E-33));
#995 = FACE_BOUND('',#996,.T.);
#996 = EDGE_LOOP('',(#997,#1007,#1015,#1023));
#997 = ORIENTED_EDGE('',*,*,#998,.T.);
#998 = EDGE_CURVE('',#999,#1001,#1003,.T.);
#999 = VERTEX_POINT('',#1000);
#1000 = CARTESIAN_POINT('',(-1.59,-0.95,3.3));
#1001 = VERTEX_POINT('',#1002);
#1002 = CARTESIAN_POINT('',(-0.95,-0.95,3.3));
#1003 = LINE('',#1004,#1005);
#1004 = CARTESIAN_POINT('',(-0.790585808581,-0.95,3.3));
#1005 = VECTOR('',#1006,1.);
#1006 = DIRECTION('',(1.,-4.047975610096E-31,7.262964285157E-33));
#1007 = ORIENTED_EDGE('',*,*,#1008,.T.);
#1008 = EDGE_CURVE('',#1001,#1009,#1011,.T.);
#1009 = VERTEX_POINT('',#1010);
#1010 = CARTESIAN_POINT('',(-0.95,-1.59,3.3));
#1011 = LINE('',#1012,#1013);
#1012 = CARTESIAN_POINT('',(-0.95,-0.475,3.3));
#1013 = VECTOR('',#1014,1.);
#1014 = DIRECTION('',(9.834598878814E-50,-1.,-4.119071913675E-33));
#1015 = ORIENTED_EDGE('',*,*,#1016,.F.);
#1016 = EDGE_CURVE('',#1017,#1009,#1019,.T.);
#1017 = VERTEX_POINT('',#1018);
#1018 = CARTESIAN_POINT('',(-1.59,-1.59,3.3));
#1019 = LINE('',#1020,#1021);
#1020 = CARTESIAN_POINT('',(-0.790585808581,-1.59,3.3));
#1021 = VECTOR('',#1022,1.);
#1022 = DIRECTION('',(1.,-4.047975610096E-31,7.262964285157E-33));
#1023 = ORIENTED_EDGE('',*,*,#1024,.T.);
#1024 = EDGE_CURVE('',#1017,#999,#1025,.T.);
#1025 = LINE('',#1026,#1027);
#1026 = CARTESIAN_POINT('',(-1.59,-0.475,3.3));
#1027 = VECTOR('',#1028,1.);
#1028 = DIRECTION('',(0.,1.,4.119071913675E-33));
#1029 = FACE_BOUND('',#1030,.T.);
#1030 = EDGE_LOOP('',(#1031,#1041,#1049,#1057));
#1031 = ORIENTED_EDGE('',*,*,#1032,.T.);
#1032 = EDGE_CURVE('',#1033,#1035,#1037,.T.);
#1033 = VERTEX_POINT('',#1034);
#1034 = CARTESIAN_POINT('',(-1.59,3.49,3.3));
#1035 = VERTEX_POINT('',#1036);
#1036 = CARTESIAN_POINT('',(-1.59,4.13,3.3));
#1037 = LINE('',#1038,#1039);
#1038 = CARTESIAN_POINT('',(-1.59,2.065,3.3));
#1039 = VECTOR('',#1040,1.);
#1040 = DIRECTION('',(0.,1.,4.119071913675E-33));
#1041 = ORIENTED_EDGE('',*,*,#1042,.T.);
#1042 = EDGE_CURVE('',#1035,#1043,#1045,.T.);
#1043 = VERTEX_POINT('',#1044);
#1044 = CARTESIAN_POINT('',(-0.95,4.13,3.3));
#1045 = LINE('',#1046,#1047);
#1046 = CARTESIAN_POINT('',(-0.790585808581,4.13,3.3));
#1047 = VECTOR('',#1048,1.);
#1048 = DIRECTION('',(1.,-4.047975610096E-31,7.262964285157E-33));
#1049 = ORIENTED_EDGE('',*,*,#1050,.T.);
#1050 = EDGE_CURVE('',#1043,#1051,#1053,.T.);
#1051 = VERTEX_POINT('',#1052);
#1052 = CARTESIAN_POINT('',(-0.95,3.49,3.3));
#1053 = LINE('',#1054,#1055);
#1054 = CARTESIAN_POINT('',(-0.95,2.065,3.3));
#1055 = VECTOR('',#1056,1.);
#1056 = DIRECTION('',(9.834598878814E-50,-1.,-4.119071913675E-33));
#1057 = ORIENTED_EDGE('',*,*,#1058,.F.);
#1058 = EDGE_CURVE('',#1033,#1051,#1059,.T.);
#1059 = LINE('',#1060,#1061);
#1060 = CARTESIAN_POINT('',(-0.790585808581,3.49,3.3));
#1061 = VECTOR('',#1062,1.);
#1062 = DIRECTION('',(1.,-4.047975610096E-31,7.262964285157E-33));
#1063 = FACE_BOUND('',#1064,.T.);
#1064 = EDGE_LOOP('',(#1065,#1075,#1083,#1091));
#1065 = ORIENTED_EDGE('',*,*,#1066,.F.);
#1066 = EDGE_CURVE('',#1067,#1069,#1071,.T.);
#1067 = VERTEX_POINT('',#1068);
#1068 = CARTESIAN_POINT('',(1.59,3.49,3.3));
#1069 = VERTEX_POINT('',#1070);
#1070 = CARTESIAN_POINT('',(1.59,4.13,3.3));
#1071 = LINE('',#1072,#1073);
#1072 = CARTESIAN_POINT('',(1.59,2.065,3.3));
#1073 = VECTOR('',#1074,1.);
#1074 = DIRECTION('',(0.,1.,4.119071913675E-33));
#1075 = ORIENTED_EDGE('',*,*,#1076,.T.);
#1076 = EDGE_CURVE('',#1067,#1077,#1079,.T.);
#1077 = VERTEX_POINT('',#1078);
#1078 = CARTESIAN_POINT('',(0.95,3.49,3.3));
#1079 = LINE('',#1080,#1081);
#1080 = CARTESIAN_POINT('',(0.790585808581,3.49,3.3));
#1081 = VECTOR('',#1082,1.);
#1082 = DIRECTION('',(-1.,-4.047975610096E-31,-7.262964285157E-33));
#1083 = ORIENTED_EDGE('',*,*,#1084,.F.);
#1084 = EDGE_CURVE('',#1085,#1077,#1087,.T.);
#1085 = VERTEX_POINT('',#1086);
#1086 = CARTESIAN_POINT('',(0.95,4.13,3.3));
#1087 = LINE('',#1088,#1089);
#1088 = CARTESIAN_POINT('',(0.95,2.065,3.3));
#1089 = VECTOR('',#1090,1.);
#1090 = DIRECTION('',(-9.834598878814E-50,-1.,-4.119071913675E-33));
#1091 = ORIENTED_EDGE('',*,*,#1092,.F.);
#1092 = EDGE_CURVE('',#1069,#1085,#1093,.T.);
#1093 = LINE('',#1094,#1095);
#1094 = CARTESIAN_POINT('',(0.790585808581,4.13,3.3));
#1095 = VECTOR('',#1096,1.);
#1096 = DIRECTION('',(-1.,-4.047975610096E-31,-7.262964285157E-33));
#1097 = PLANE('',#1098);
#1098 = AXIS2_PLACEMENT_3D('',#1099,#1100,#1101);
#1099 = CARTESIAN_POINT('',(1.140614559939E-16,3.421843679817E-16,3.3));
#1100 = DIRECTION('',(-7.262964285157E-33,-4.119071913675E-33,1.));
#1101 = DIRECTION('',(1.,0.,7.262964285157E-33));
#1102 = ADVANCED_FACE('',(#1103),#1114,.F.);
#1103 = FACE_BOUND('',#1104,.F.);
#1104 = EDGE_LOOP('',(#1105,#1111,#1112,#1113));
#1105 = ORIENTED_EDGE('',*,*,#1106,.T.);
#1106 = EDGE_CURVE('',#347,#812,#1107,.T.);
#1107 = LINE('',#1108,#1109);
#1108 = CARTESIAN_POINT('',(2.54,4.826,0.76));
#1109 = VECTOR('',#1110,1.);
#1110 = DIRECTION('',(0.,0.,1.));
#1111 = ORIENTED_EDGE('',*,*,#819,.T.);
#1112 = ORIENTED_EDGE('',*,*,#114,.F.);
#1113 = ORIENTED_EDGE('',*,*,#354,.F.);
#1114 = PLANE('',#1115);
#1115 = AXIS2_PLACEMENT_3D('',#1116,#1117,#1118);
#1116 = CARTESIAN_POINT('',(2.54,4.826,0.76));
#1117 = DIRECTION('',(-0.707106781187,-0.707106781187,0.));
#1118 = DIRECTION('',(-0.707106781187,0.707106781187,0.));
#1119 = ADVANCED_FACE('',(#1120),#1131,.F.);
#1120 = FACE_BOUND('',#1121,.F.);
#1121 = EDGE_LOOP('',(#1122,#1123,#1124,#1130));
#1122 = ORIENTED_EDGE('',*,*,#154,.T.);
#1123 = ORIENTED_EDGE('',*,*,#643,.T.);
#1124 = ORIENTED_EDGE('',*,*,#1125,.F.);
#1125 = EDGE_CURVE('',#179,#644,#1126,.T.);
#1126 = LINE('',#1127,#1128);
#1127 = CARTESIAN_POINT('',(-2.286,2.54,0.76));
#1128 = VECTOR('',#1129,1.);
#1129 = DIRECTION('',(0.,0.,1.));
#1130 = ORIENTED_EDGE('',*,*,#178,.F.);
#1131 = PLANE('',#1132);
#1132 = AXIS2_PLACEMENT_3D('',#1133,#1134,#1135);
#1133 = CARTESIAN_POINT('',(-2.54,2.794,0.76));
#1134 = DIRECTION('',(0.707106781187,0.707106781187,0.));
#1135 = DIRECTION('',(0.707106781187,-0.707106781187,0.));
#1136 = ADVANCED_FACE('',(#1137),#1148,.F.);
#1137 = FACE_BOUND('',#1138,.F.);
#1138 = EDGE_LOOP('',(#1139,#1145,#1146,#1147));
#1139 = ORIENTED_EDGE('',*,*,#1140,.T.);
#1140 = EDGE_CURVE('',#339,#804,#1141,.T.);
#1141 = LINE('',#1142,#1143);
#1142 = CARTESIAN_POINT('',(2.54,2.794,0.76));
#1143 = VECTOR('',#1144,1.);
#1144 = DIRECTION('',(0.,0.,1.));
#1145 = ORIENTED_EDGE('',*,*,#811,.T.);
#1146 = ORIENTED_EDGE('',*,*,#1106,.F.);
#1147 = ORIENTED_EDGE('',*,*,#346,.F.);
#1148 = PLANE('',#1149);
#1149 = AXIS2_PLACEMENT_3D('',#1150,#1151,#1152);
#1150 = CARTESIAN_POINT('',(2.54,2.794,0.76));
#1151 = DIRECTION('',(-1.,0.,0.));
#1152 = DIRECTION('',(0.,1.,0.));
#1153 = ADVANCED_FACE('',(#1154),#1165,.F.);
#1154 = FACE_BOUND('',#1155,.F.);
#1155 = EDGE_LOOP('',(#1156,#1157,#1158,#1164));
#1156 = ORIENTED_EDGE('',*,*,#1125,.T.);
#1157 = ORIENTED_EDGE('',*,*,#651,.T.);
#1158 = ORIENTED_EDGE('',*,*,#1159,.F.);
#1159 = EDGE_CURVE('',#187,#652,#1160,.T.);
#1160 = LINE('',#1161,#1162);
#1161 = CARTESIAN_POINT('',(-2.54,2.286,0.76));
#1162 = VECTOR('',#1163,1.);
#1163 = DIRECTION('',(0.,0.,1.));
#1164 = ORIENTED_EDGE('',*,*,#186,.F.);
#1165 = PLANE('',#1166);
#1166 = AXIS2_PLACEMENT_3D('',#1167,#1168,#1169);
#1167 = CARTESIAN_POINT('',(-2.286,2.54,0.76));
#1168 = DIRECTION('',(0.707106781187,-0.707106781187,0.));
#1169 = DIRECTION('',(-0.707106781187,-0.707106781187,0.));
#1170 = ADVANCED_FACE('',(#1171),#1182,.F.);
#1171 = FACE_BOUND('',#1172,.F.);
#1172 = EDGE_LOOP('',(#1173,#1179,#1180,#1181));
#1173 = ORIENTED_EDGE('',*,*,#1174,.T.);
#1174 = EDGE_CURVE('',#331,#796,#1175,.T.);
#1175 = LINE('',#1176,#1177);
#1176 = CARTESIAN_POINT('',(2.286,2.54,0.76));
#1177 = VECTOR('',#1178,1.);
#1178 = DIRECTION('',(0.,0.,1.));
#1179 = ORIENTED_EDGE('',*,*,#803,.T.);
#1180 = ORIENTED_EDGE('',*,*,#1140,.F.);
#1181 = ORIENTED_EDGE('',*,*,#338,.F.);
#1182 = PLANE('',#1183);
#1183 = AXIS2_PLACEMENT_3D('',#1184,#1185,#1186);
#1184 = CARTESIAN_POINT('',(2.286,2.54,0.76));
#1185 = DIRECTION('',(-0.707106781187,0.707106781187,0.));
#1186 = DIRECTION('',(0.707106781187,0.707106781187,0.));
#1187 = ADVANCED_FACE('',(#1188),#1199,.F.);
#1188 = FACE_BOUND('',#1189,.F.);
#1189 = EDGE_LOOP('',(#1190,#1191,#1192,#1198));
#1190 = ORIENTED_EDGE('',*,*,#1159,.T.);
#1191 = ORIENTED_EDGE('',*,*,#659,.T.);
#1192 = ORIENTED_EDGE('',*,*,#1193,.F.);
#1193 = EDGE_CURVE('',#195,#660,#1194,.T.);
#1194 = LINE('',#1195,#1196);
#1195 = CARTESIAN_POINT('',(-2.54,0.254,0.76));
#1196 = VECTOR('',#1197,1.);
#1197 = DIRECTION('',(0.,0.,1.));
#1198 = ORIENTED_EDGE('',*,*,#194,.F.);
#1199 = PLANE('',#1200);
#1200 = AXIS2_PLACEMENT_3D('',#1201,#1202,#1203);
#1201 = CARTESIAN_POINT('',(-2.54,2.286,0.76));
#1202 = DIRECTION('',(1.,0.,0.));
#1203 = DIRECTION('',(0.,-1.,0.));
#1204 = ADVANCED_FACE('',(#1205),#1216,.F.);
#1205 = FACE_BOUND('',#1206,.F.);
#1206 = EDGE_LOOP('',(#1207,#1213,#1214,#1215));
#1207 = ORIENTED_EDGE('',*,*,#1208,.T.);
#1208 = EDGE_CURVE('',#323,#788,#1209,.T.);
#1209 = LINE('',#1210,#1211);
#1210 = CARTESIAN_POINT('',(2.54,2.286,0.76));
#1211 = VECTOR('',#1212,1.);
#1212 = DIRECTION('',(0.,0.,1.));
#1213 = ORIENTED_EDGE('',*,*,#795,.T.);
#1214 = ORIENTED_EDGE('',*,*,#1174,.F.);
#1215 = ORIENTED_EDGE('',*,*,#330,.F.);
#1216 = PLANE('',#1217);
#1217 = AXIS2_PLACEMENT_3D('',#1218,#1219,#1220);
#1218 = CARTESIAN_POINT('',(2.54,2.286,0.76));
#1219 = DIRECTION('',(-0.707106781187,-0.707106781187,0.));
#1220 = DIRECTION('',(-0.707106781187,0.707106781187,0.));
#1221 = ADVANCED_FACE('',(#1222),#1233,.F.);
#1222 = FACE_BOUND('',#1223,.F.);
#1223 = EDGE_LOOP('',(#1224,#1225,#1226,#1232));
#1224 = ORIENTED_EDGE('',*,*,#1193,.T.);
#1225 = ORIENTED_EDGE('',*,*,#667,.T.);
#1226 = ORIENTED_EDGE('',*,*,#1227,.F.);
#1227 = EDGE_CURVE('',#203,#668,#1228,.T.);
#1228 = LINE('',#1229,#1230);
#1229 = CARTESIAN_POINT('',(-2.286,4.440892098501E-16,0.76));
#1230 = VECTOR('',#1231,1.);
#1231 = DIRECTION('',(0.,0.,1.));
#1232 = ORIENTED_EDGE('',*,*,#202,.F.);
#1233 = PLANE('',#1234);
#1234 = AXIS2_PLACEMENT_3D('',#1235,#1236,#1237);
#1235 = CARTESIAN_POINT('',(-2.54,0.254,0.76));
#1236 = DIRECTION('',(0.707106781187,0.707106781187,0.));
#1237 = DIRECTION('',(0.707106781187,-0.707106781187,0.));
#1238 = ADVANCED_FACE('',(#1239),#1250,.F.);
#1239 = FACE_BOUND('',#1240,.F.);
#1240 = EDGE_LOOP('',(#1241,#1247,#1248,#1249));
#1241 = ORIENTED_EDGE('',*,*,#1242,.T.);
#1242 = EDGE_CURVE('',#315,#780,#1243,.T.);
#1243 = LINE('',#1244,#1245);
#1244 = CARTESIAN_POINT('',(2.54,0.254,0.76));
#1245 = VECTOR('',#1246,1.);
#1246 = DIRECTION('',(0.,0.,1.));
#1247 = ORIENTED_EDGE('',*,*,#787,.T.);
#1248 = ORIENTED_EDGE('',*,*,#1208,.F.);
#1249 = ORIENTED_EDGE('',*,*,#322,.F.);
#1250 = PLANE('',#1251);
#1251 = AXIS2_PLACEMENT_3D('',#1252,#1253,#1254);
#1252 = CARTESIAN_POINT('',(2.54,0.254,0.76));
#1253 = DIRECTION('',(-1.,0.,0.));
#1254 = DIRECTION('',(0.,1.,0.));
#1255 = ADVANCED_FACE('',(#1256),#1267,.F.);
#1256 = FACE_BOUND('',#1257,.F.);
#1257 = EDGE_LOOP('',(#1258,#1259,#1260,#1266));
#1258 = ORIENTED_EDGE('',*,*,#1227,.T.);
#1259 = ORIENTED_EDGE('',*,*,#675,.T.);
#1260 = ORIENTED_EDGE('',*,*,#1261,.F.);
#1261 = EDGE_CURVE('',#211,#676,#1262,.T.);
#1262 = LINE('',#1263,#1264);
#1263 = CARTESIAN_POINT('',(-2.54,-0.254,0.76));
#1264 = VECTOR('',#1265,1.);
#1265 = DIRECTION('',(0.,0.,1.));
#1266 = ORIENTED_EDGE('',*,*,#210,.F.);
#1267 = PLANE('',#1268);
#1268 = AXIS2_PLACEMENT_3D('',#1269,#1270,#1271);
#1269 = CARTESIAN_POINT('',(-2.286,4.440892098501E-16,0.76));
#1270 = DIRECTION('',(0.707106781187,-0.707106781187,0.));
#1271 = DIRECTION('',(-0.707106781187,-0.707106781187,0.));
#1272 = ADVANCED_FACE('',(#1273),#1284,.F.);
#1273 = FACE_BOUND('',#1274,.F.);
#1274 = EDGE_LOOP('',(#1275,#1281,#1282,#1283));
#1275 = ORIENTED_EDGE('',*,*,#1276,.T.);
#1276 = EDGE_CURVE('',#307,#772,#1277,.T.);
#1277 = LINE('',#1278,#1279);
#1278 = CARTESIAN_POINT('',(2.286,-4.440892098501E-16,0.76));
#1279 = VECTOR('',#1280,1.);
#1280 = DIRECTION('',(0.,0.,1.));
#1281 = ORIENTED_EDGE('',*,*,#779,.T.);
#1282 = ORIENTED_EDGE('',*,*,#1242,.F.);
#1283 = ORIENTED_EDGE('',*,*,#314,.F.);
#1284 = PLANE('',#1285);
#1285 = AXIS2_PLACEMENT_3D('',#1286,#1287,#1288);
#1286 = CARTESIAN_POINT('',(2.286,-4.440892098501E-16,0.76));
#1287 = DIRECTION('',(-0.707106781187,0.707106781187,0.));
#1288 = DIRECTION('',(0.707106781187,0.707106781187,0.));
#1289 = ADVANCED_FACE('',(#1290),#1301,.F.);
#1290 = FACE_BOUND('',#1291,.F.);
#1291 = EDGE_LOOP('',(#1292,#1293,#1294,#1300));
#1292 = ORIENTED_EDGE('',*,*,#1261,.T.);
#1293 = ORIENTED_EDGE('',*,*,#683,.T.);
#1294 = ORIENTED_EDGE('',*,*,#1295,.F.);
#1295 = EDGE_CURVE('',#219,#684,#1296,.T.);
#1296 = LINE('',#1297,#1298);
#1297 = CARTESIAN_POINT('',(-2.54,-2.286,0.76));
#1298 = VECTOR('',#1299,1.);
#1299 = DIRECTION('',(0.,0.,1.));
#1300 = ORIENTED_EDGE('',*,*,#218,.F.);
#1301 = PLANE('',#1302);
#1302 = AXIS2_PLACEMENT_3D('',#1303,#1304,#1305);
#1303 = CARTESIAN_POINT('',(-2.54,-0.254,0.76));
#1304 = DIRECTION('',(1.,0.,0.));
#1305 = DIRECTION('',(0.,-1.,0.));
#1306 = ADVANCED_FACE('',(#1307),#1318,.F.);
#1307 = FACE_BOUND('',#1308,.F.);
#1308 = EDGE_LOOP('',(#1309,#1315,#1316,#1317));
#1309 = ORIENTED_EDGE('',*,*,#1310,.T.);
#1310 = EDGE_CURVE('',#299,#764,#1311,.T.);
#1311 = LINE('',#1312,#1313);
#1312 = CARTESIAN_POINT('',(2.54,-0.254,0.76));
#1313 = VECTOR('',#1314,1.);
#1314 = DIRECTION('',(0.,0.,1.));
#1315 = ORIENTED_EDGE('',*,*,#771,.T.);
#1316 = ORIENTED_EDGE('',*,*,#1276,.F.);
#1317 = ORIENTED_EDGE('',*,*,#306,.F.);
#1318 = PLANE('',#1319);
#1319 = AXIS2_PLACEMENT_3D('',#1320,#1321,#1322);
#1320 = CARTESIAN_POINT('',(2.54,-0.254,0.76));
#1321 = DIRECTION('',(-0.707106781187,-0.707106781187,0.));
#1322 = DIRECTION('',(-0.707106781187,0.707106781187,0.));
#1323 = ADVANCED_FACE('',(#1324),#1335,.F.);
#1324 = FACE_BOUND('',#1325,.F.);
#1325 = EDGE_LOOP('',(#1326,#1327,#1328,#1334));
#1326 = ORIENTED_EDGE('',*,*,#1295,.T.);
#1327 = ORIENTED_EDGE('',*,*,#691,.T.);
#1328 = ORIENTED_EDGE('',*,*,#1329,.F.);
#1329 = EDGE_CURVE('',#227,#692,#1330,.T.);
#1330 = LINE('',#1331,#1332);
#1331 = CARTESIAN_POINT('',(-2.286,-2.54,0.76));
#1332 = VECTOR('',#1333,1.);
#1333 = DIRECTION('',(0.,0.,1.));
#1334 = ORIENTED_EDGE('',*,*,#226,.F.);
#1335 = PLANE('',#1336);
#1336 = AXIS2_PLACEMENT_3D('',#1337,#1338,#1339);
#1337 = CARTESIAN_POINT('',(-2.54,-2.286,0.76));
#1338 = DIRECTION('',(0.707106781187,0.707106781187,0.));
#1339 = DIRECTION('',(0.707106781187,-0.707106781187,0.));
#1340 = ADVANCED_FACE('',(#1341),#1352,.F.);
#1341 = FACE_BOUND('',#1342,.F.);
#1342 = EDGE_LOOP('',(#1343,#1349,#1350,#1351));
#1343 = ORIENTED_EDGE('',*,*,#1344,.T.);
#1344 = EDGE_CURVE('',#291,#756,#1345,.T.);
#1345 = LINE('',#1346,#1347);
#1346 = CARTESIAN_POINT('',(2.54,-2.286,0.76));
#1347 = VECTOR('',#1348,1.);
#1348 = DIRECTION('',(0.,0.,1.));
#1349 = ORIENTED_EDGE('',*,*,#763,.T.);
#1350 = ORIENTED_EDGE('',*,*,#1310,.F.);
#1351 = ORIENTED_EDGE('',*,*,#298,.F.);
#1352 = PLANE('',#1353);
#1353 = AXIS2_PLACEMENT_3D('',#1354,#1355,#1356);
#1354 = CARTESIAN_POINT('',(2.54,-2.286,0.76));
#1355 = DIRECTION('',(-1.,0.,0.));
#1356 = DIRECTION('',(0.,1.,0.));
#1357 = ADVANCED_FACE('',(#1358),#1369,.F.);
#1358 = FACE_BOUND('',#1359,.F.);
#1359 = EDGE_LOOP('',(#1360,#1361,#1362,#1368));
#1360 = ORIENTED_EDGE('',*,*,#1329,.T.);
#1361 = ORIENTED_EDGE('',*,*,#699,.T.);
#1362 = ORIENTED_EDGE('',*,*,#1363,.F.);
#1363 = EDGE_CURVE('',#235,#700,#1364,.T.);
#1364 = LINE('',#1365,#1366);
#1365 = CARTESIAN_POINT('',(-2.54,-2.794,0.76));
#1366 = VECTOR('',#1367,1.);
#1367 = DIRECTION('',(0.,0.,1.));
#1368 = ORIENTED_EDGE('',*,*,#234,.F.);
#1369 = PLANE('',#1370);
#1370 = AXIS2_PLACEMENT_3D('',#1371,#1372,#1373);
#1371 = CARTESIAN_POINT('',(-2.286,-2.54,0.76));
#1372 = DIRECTION('',(0.707106781187,-0.707106781187,0.));
#1373 = DIRECTION('',(-0.707106781187,-0.707106781187,0.));
#1374 = ADVANCED_FACE('',(#1375),#1386,.F.);
#1375 = FACE_BOUND('',#1376,.F.);
#1376 = EDGE_LOOP('',(#1377,#1383,#1384,#1385));
#1377 = ORIENTED_EDGE('',*,*,#1378,.T.);
#1378 = EDGE_CURVE('',#283,#748,#1379,.T.);
#1379 = LINE('',#1380,#1381);
#1380 = CARTESIAN_POINT('',(2.286,-2.54,0.76));
#1381 = VECTOR('',#1382,1.);
#1382 = DIRECTION('',(0.,0.,1.));
#1383 = ORIENTED_EDGE('',*,*,#755,.T.);
#1384 = ORIENTED_EDGE('',*,*,#1344,.F.);
#1385 = ORIENTED_EDGE('',*,*,#290,.F.);
#1386 = PLANE('',#1387);
#1387 = AXIS2_PLACEMENT_3D('',#1388,#1389,#1390);
#1388 = CARTESIAN_POINT('',(2.286,-2.54,0.76));
#1389 = DIRECTION('',(-0.707106781187,0.707106781187,0.));
#1390 = DIRECTION('',(0.707106781187,0.707106781187,0.));
#1391 = ADVANCED_FACE('',(#1392),#1403,.F.);
#1392 = FACE_BOUND('',#1393,.F.);
#1393 = EDGE_LOOP('',(#1394,#1395,#1396,#1402));
#1394 = ORIENTED_EDGE('',*,*,#1363,.T.);
#1395 = ORIENTED_EDGE('',*,*,#707,.T.);
#1396 = ORIENTED_EDGE('',*,*,#1397,.F.);
#1397 = EDGE_CURVE('',#243,#708,#1398,.T.);
#1398 = LINE('',#1399,#1400);
#1399 = CARTESIAN_POINT('',(-2.54,-4.826,0.76));
#1400 = VECTOR('',#1401,1.);
#1401 = DIRECTION('',(0.,0.,1.));
#1402 = ORIENTED_EDGE('',*,*,#242,.F.);
#1403 = PLANE('',#1404);
#1404 = AXIS2_PLACEMENT_3D('',#1405,#1406,#1407);
#1405 = CARTESIAN_POINT('',(-2.54,-2.794,0.76));
#1406 = DIRECTION('',(1.,0.,0.));
#1407 = DIRECTION('',(0.,-1.,0.));
#1408 = ADVANCED_FACE('',(#1409),#1420,.F.);
#1409 = FACE_BOUND('',#1410,.F.);
#1410 = EDGE_LOOP('',(#1411,#1417,#1418,#1419));
#1411 = ORIENTED_EDGE('',*,*,#1412,.T.);
#1412 = EDGE_CURVE('',#275,#740,#1413,.T.);
#1413 = LINE('',#1414,#1415);
#1414 = CARTESIAN_POINT('',(2.54,-2.794,0.76));
#1415 = VECTOR('',#1416,1.);
#1416 = DIRECTION('',(0.,0.,1.));
#1417 = ORIENTED_EDGE('',*,*,#747,.T.);
#1418 = ORIENTED_EDGE('',*,*,#1378,.F.);
#1419 = ORIENTED_EDGE('',*,*,#282,.F.);
#1420 = PLANE('',#1421);
#1421 = AXIS2_PLACEMENT_3D('',#1422,#1423,#1424);
#1422 = CARTESIAN_POINT('',(2.54,-2.794,0.76));
#1423 = DIRECTION('',(-0.707106781187,-0.707106781187,0.));
#1424 = DIRECTION('',(-0.707106781187,0.707106781187,0.));
#1425 = ADVANCED_FACE('',(#1426),#1437,.F.);
#1426 = FACE_BOUND('',#1427,.F.);
#1427 = EDGE_LOOP('',(#1428,#1429,#1430,#1436));
#1428 = ORIENTED_EDGE('',*,*,#1397,.T.);
#1429 = ORIENTED_EDGE('',*,*,#715,.T.);
#1430 = ORIENTED_EDGE('',*,*,#1431,.F.);
#1431 = EDGE_CURVE('',#251,#716,#1432,.T.);
#1432 = LINE('',#1433,#1434);
#1433 = CARTESIAN_POINT('',(-2.286,-5.08,0.76));
#1434 = VECTOR('',#1435,1.);
#1435 = DIRECTION('',(0.,0.,1.));
#1436 = ORIENTED_EDGE('',*,*,#250,.F.);
#1437 = PLANE('',#1438);
#1438 = AXIS2_PLACEMENT_3D('',#1439,#1440,#1441);
#1439 = CARTESIAN_POINT('',(-2.54,-4.826,0.76));
#1440 = DIRECTION('',(0.707106781187,0.707106781187,0.));
#1441 = DIRECTION('',(0.707106781187,-0.707106781187,0.));
#1442 = ADVANCED_FACE('',(#1443),#1454,.F.);
#1443 = FACE_BOUND('',#1444,.F.);
#1444 = EDGE_LOOP('',(#1445,#1451,#1452,#1453));
#1445 = ORIENTED_EDGE('',*,*,#1446,.T.);
#1446 = EDGE_CURVE('',#267,#732,#1447,.T.);
#1447 = LINE('',#1448,#1449);
#1448 = CARTESIAN_POINT('',(2.54,-4.826,0.76));
#1449 = VECTOR('',#1450,1.);
#1450 = DIRECTION('',(0.,0.,1.));
#1451 = ORIENTED_EDGE('',*,*,#739,.T.);
#1452 = ORIENTED_EDGE('',*,*,#1412,.F.);
#1453 = ORIENTED_EDGE('',*,*,#274,.F.);
#1454 = PLANE('',#1455);
#1455 = AXIS2_PLACEMENT_3D('',#1456,#1457,#1458);
#1456 = CARTESIAN_POINT('',(2.54,-4.826,0.76));
#1457 = DIRECTION('',(-1.,0.,0.));
#1458 = DIRECTION('',(0.,1.,0.));
#1459 = ADVANCED_FACE('',(#1460),#1471,.F.);
#1460 = FACE_BOUND('',#1461,.F.);
#1461 = EDGE_LOOP('',(#1462,#1463,#1464,#1470));
#1462 = ORIENTED_EDGE('',*,*,#1431,.T.);
#1463 = ORIENTED_EDGE('',*,*,#723,.T.);
#1464 = ORIENTED_EDGE('',*,*,#1465,.F.);
#1465 = EDGE_CURVE('',#259,#724,#1466,.T.);
#1466 = LINE('',#1467,#1468);
#1467 = CARTESIAN_POINT('',(2.286,-5.08,0.76));
#1468 = VECTOR('',#1469,1.);
#1469 = DIRECTION('',(0.,0.,1.));
#1470 = ORIENTED_EDGE('',*,*,#258,.F.);
#1471 = PLANE('',#1472);
#1472 = AXIS2_PLACEMENT_3D('',#1473,#1474,#1475);
#1473 = CARTESIAN_POINT('',(-2.286,-5.08,0.76));
#1474 = DIRECTION('',(0.,1.,0.));
#1475 = DIRECTION('',(1.,0.,0.));
#1476 = ADVANCED_FACE('',(#1477),#1483,.F.);
#1477 = FACE_BOUND('',#1478,.F.);
#1478 = EDGE_LOOP('',(#1479,#1480,#1481,#1482));
#1479 = ORIENTED_EDGE('',*,*,#1465,.T.);
#1480 = ORIENTED_EDGE('',*,*,#731,.T.);
#1481 = ORIENTED_EDGE('',*,*,#1446,.F.);
#1482 = ORIENTED_EDGE('',*,*,#266,.F.);
#1483 = PLANE('',#1484);
#1484 = AXIS2_PLACEMENT_3D('',#1485,#1486,#1487);
#1485 = CARTESIAN_POINT('',(2.286,-5.08,0.76));
#1486 = DIRECTION('',(-0.707106781187,0.707106781187,0.));
#1487 = DIRECTION('',(0.707106781187,0.707106781187,0.));
#1488 = ADVANCED_FACE('',(#1489),#1514,.T.);
#1489 = FACE_BOUND('',#1490,.T.);
#1490 = EDGE_LOOP('',(#1491,#1499,#1500,#1508));
#1491 = ORIENTED_EDGE('',*,*,#1492,.F.);
#1492 = EDGE_CURVE('',#366,#1493,#1495,.T.);
#1493 = VERTEX_POINT('',#1494);
#1494 = CARTESIAN_POINT('',(1.59,1.59,0.64));
#1495 = LINE('',#1496,#1497);
#1496 = CARTESIAN_POINT('',(1.59,1.59,9.3));
#1497 = VECTOR('',#1498,1.);
#1498 = DIRECTION('',(0.,0.,-1.));
#1499 = ORIENTED_EDGE('',*,*,#363,.F.);
#1500 = ORIENTED_EDGE('',*,*,#1501,.T.);
#1501 = EDGE_CURVE('',#364,#1502,#1504,.T.);
#1502 = VERTEX_POINT('',#1503);
#1503 = CARTESIAN_POINT('',(1.59,0.95,0.64));
#1504 = LINE('',#1505,#1506);
#1505 = CARTESIAN_POINT('',(1.59,0.95,9.3));
#1506 = VECTOR('',#1507,1.);
#1507 = DIRECTION('',(0.,0.,-1.));
#1508 = ORIENTED_EDGE('',*,*,#1509,.F.);
#1509 = EDGE_CURVE('',#1493,#1502,#1510,.T.);
#1510 = LINE('',#1511,#1512);
#1511 = CARTESIAN_POINT('',(1.59,1.59,0.64));
#1512 = VECTOR('',#1513,1.);
#1513 = DIRECTION('',(0.,-1.,0.));
#1514 = PLANE('',#1515);
#1515 = AXIS2_PLACEMENT_3D('',#1516,#1517,#1518);
#1516 = CARTESIAN_POINT('',(1.59,1.59,9.3));
#1517 = DIRECTION('',(1.,0.,0.));
#1518 = DIRECTION('',(0.,0.,-1.));
#1519 = ADVANCED_FACE('',(#1520),#1563,.T.);
#1520 = FACE_BOUND('',#1521,.T.);
#1521 = EDGE_LOOP('',(#1522,#1532,#1540,#1549,#1555,#1556,#1557));
#1522 = ORIENTED_EDGE('',*,*,#1523,.T.);
#1523 = EDGE_CURVE('',#1524,#1526,#1528,.T.);
#1524 = VERTEX_POINT('',#1525);
#1525 = CARTESIAN_POINT('',(3.61,1.59,0.64));
#1526 = VERTEX_POINT('',#1527);
#1527 = CARTESIAN_POINT('',(3.61,1.59,4.440892098501E-16));
#1528 = LINE('',#1529,#1530);
#1529 = CARTESIAN_POINT('',(3.61,1.59,0.64));
#1530 = VECTOR('',#1531,1.);
#1531 = DIRECTION('',(0.,0.,-1.));
#1532 = ORIENTED_EDGE('',*,*,#1533,.T.);
#1533 = EDGE_CURVE('',#1526,#1534,#1536,.T.);
#1534 = VERTEX_POINT('',#1535);
#1535 = CARTESIAN_POINT('',(1.59,1.59,4.440892098501E-16));
#1536 = LINE('',#1537,#1538);
#1537 = CARTESIAN_POINT('',(3.77,1.59,5.551115123126E-16));
#1538 = VECTOR('',#1539,1.);
#1539 = DIRECTION('',(-1.,0.,0.));
#1540 = ORIENTED_EDGE('',*,*,#1541,.T.);
#1541 = EDGE_CURVE('',#1534,#1542,#1544,.T.);
#1542 = VERTEX_POINT('',#1543);
#1543 = CARTESIAN_POINT('',(0.95,1.59,0.64));
#1544 = CIRCLE('',#1545,0.64);
#1545 = AXIS2_PLACEMENT_3D('',#1546,#1547,#1548);
#1546 = CARTESIAN_POINT('',(1.59,1.59,0.64));
#1547 = DIRECTION('',(0.,1.,0.));
#1548 = DIRECTION('',(0.,0.,-1.));
#1549 = ORIENTED_EDGE('',*,*,#1550,.T.);
#1550 = EDGE_CURVE('',#1542,#382,#1551,.T.);
#1551 = LINE('',#1552,#1553);
#1552 = CARTESIAN_POINT('',(0.95,1.59,5.551115123126E-16));
#1553 = VECTOR('',#1554,1.);
#1554 = DIRECTION('',(2.387576397043E-17,0.,1.));
#1555 = ORIENTED_EDGE('',*,*,#389,.F.);
#1556 = ORIENTED_EDGE('',*,*,#1492,.T.);
#1557 = ORIENTED_EDGE('',*,*,#1558,.T.);
#1558 = EDGE_CURVE('',#1493,#1524,#1559,.T.);
#1559 = LINE('',#1560,#1561);
#1560 = CARTESIAN_POINT('',(1.59,1.59,0.64));
#1561 = VECTOR('',#1562,1.);
#1562 = DIRECTION('',(1.,0.,0.));
#1563 = PLANE('',#1564);
#1564 = AXIS2_PLACEMENT_3D('',#1565,#1566,#1567);
#1565 = CARTESIAN_POINT('',(1.581171617162,1.59,3.871171617162));
#1566 = DIRECTION('',(-4.047975610096E-31,1.,-5.41076637671E-32));
#1567 = DIRECTION('',(1.,4.047975610096E-31,0.));
#1568 = ADVANCED_FACE('',(#1569),#1587,.T.);
#1569 = FACE_BOUND('',#1570,.T.);
#1570 = EDGE_LOOP('',(#1571,#1572,#1580,#1586));
#1571 = ORIENTED_EDGE('',*,*,#1550,.F.);
#1572 = ORIENTED_EDGE('',*,*,#1573,.T.);
#1573 = EDGE_CURVE('',#1542,#1574,#1576,.T.);
#1574 = VERTEX_POINT('',#1575);
#1575 = CARTESIAN_POINT('',(0.95,0.95,0.64));
#1576 = LINE('',#1577,#1578);
#1577 = CARTESIAN_POINT('',(0.95,1.59,0.64));
#1578 = VECTOR('',#1579,1.);
#1579 = DIRECTION('',(0.,-1.,0.));
#1580 = ORIENTED_EDGE('',*,*,#1581,.T.);
#1581 = EDGE_CURVE('',#1574,#374,#1582,.T.);
#1582 = LINE('',#1583,#1584);
#1583 = CARTESIAN_POINT('',(0.95,0.95,5.551115123126E-16));
#1584 = VECTOR('',#1585,1.);
#1585 = DIRECTION('',(2.387576397043E-17,0.,1.));
#1586 = ORIENTED_EDGE('',*,*,#381,.F.);
#1587 = PLANE('',#1588);
#1588 = AXIS2_PLACEMENT_3D('',#1589,#1590,#1591);
#1589 = CARTESIAN_POINT('',(0.95,1.59,5.551115123126E-16));
#1590 = DIRECTION('',(-1.,0.,2.387576397043E-17));
#1591 = DIRECTION('',(2.387576397043E-17,0.,1.));
#1592 = ADVANCED_FACE('',(#1593),#1629,.F.);
#1593 = FACE_BOUND('',#1594,.F.);
#1594 = EDGE_LOOP('',(#1595,#1605,#1613,#1620,#1621,#1622,#1623));
#1595 = ORIENTED_EDGE('',*,*,#1596,.T.);
#1596 = EDGE_CURVE('',#1597,#1599,#1601,.T.);
#1597 = VERTEX_POINT('',#1598);
#1598 = CARTESIAN_POINT('',(3.61,0.95,0.64));
#1599 = VERTEX_POINT('',#1600);
#1600 = CARTESIAN_POINT('',(3.61,0.95,4.440892098501E-16));
#1601 = LINE('',#1602,#1603);
#1602 = CARTESIAN_POINT('',(3.61,0.95,0.64));
#1603 = VECTOR('',#1604,1.);
#1604 = DIRECTION('',(0.,0.,-1.));
#1605 = ORIENTED_EDGE('',*,*,#1606,.T.);
#1606 = EDGE_CURVE('',#1599,#1607,#1609,.T.);
#1607 = VERTEX_POINT('',#1608);
#1608 = CARTESIAN_POINT('',(1.59,0.95,4.440892098501E-16));
#1609 = LINE('',#1610,#1611);
#1610 = CARTESIAN_POINT('',(3.77,0.95,5.551115123126E-16));
#1611 = VECTOR('',#1612,1.);
#1612 = DIRECTION('',(-1.,0.,0.));
#1613 = ORIENTED_EDGE('',*,*,#1614,.T.);
#1614 = EDGE_CURVE('',#1607,#1574,#1615,.T.);
#1615 = CIRCLE('',#1616,0.64);
#1616 = AXIS2_PLACEMENT_3D('',#1617,#1618,#1619);
#1617 = CARTESIAN_POINT('',(1.59,0.95,0.64));
#1618 = DIRECTION('',(0.,1.,0.));
#1619 = DIRECTION('',(0.,0.,-1.));
#1620 = ORIENTED_EDGE('',*,*,#1581,.T.);
#1621 = ORIENTED_EDGE('',*,*,#373,.F.);
#1622 = ORIENTED_EDGE('',*,*,#1501,.T.);
#1623 = ORIENTED_EDGE('',*,*,#1624,.T.);
#1624 = EDGE_CURVE('',#1502,#1597,#1625,.T.);
#1625 = LINE('',#1626,#1627);
#1626 = CARTESIAN_POINT('',(1.59,0.95,0.64));
#1627 = VECTOR('',#1628,1.);
#1628 = DIRECTION('',(1.,0.,0.));
#1629 = PLANE('',#1630);
#1630 = AXIS2_PLACEMENT_3D('',#1631,#1632,#1633);
#1631 = CARTESIAN_POINT('',(1.581171617162,0.95,3.871171617162));
#1632 = DIRECTION('',(-4.047975610096E-31,1.,-5.41076637671E-32));
#1633 = DIRECTION('',(1.,4.047975610096E-31,0.));
#1634 = ADVANCED_FACE('',(#1635),#1685,.T.);
#1635 = FACE_BOUND('',#1636,.T.);
#1636 = EDGE_LOOP('',(#1637,#1647,#1655,#1664,#1670,#1671,#1679));
#1637 = ORIENTED_EDGE('',*,*,#1638,.T.);
#1638 = EDGE_CURVE('',#1639,#1641,#1643,.T.);
#1639 = VERTEX_POINT('',#1640);
#1640 = CARTESIAN_POINT('',(-3.61,0.95,0.64));
#1641 = VERTEX_POINT('',#1642);
#1642 = CARTESIAN_POINT('',(-3.61,0.95,4.440892098501E-16));
#1643 = LINE('',#1644,#1645);
#1644 = CARTESIAN_POINT('',(-3.61,0.95,0.64));
#1645 = VECTOR('',#1646,1.);
#1646 = DIRECTION('',(0.,0.,-1.));
#1647 = ORIENTED_EDGE('',*,*,#1648,.T.);
#1648 = EDGE_CURVE('',#1641,#1649,#1651,.T.);
#1649 = VERTEX_POINT('',#1650);
#1650 = CARTESIAN_POINT('',(-1.59,0.95,4.440892098501E-16));
#1651 = LINE('',#1652,#1653);
#1652 = CARTESIAN_POINT('',(-3.77,0.95,5.551115123126E-16));
#1653 = VECTOR('',#1654,1.);
#1654 = DIRECTION('',(1.,0.,0.));
#1655 = ORIENTED_EDGE('',*,*,#1656,.T.);
#1656 = EDGE_CURVE('',#1649,#1657,#1659,.T.);
#1657 = VERTEX_POINT('',#1658);
#1658 = CARTESIAN_POINT('',(-0.95,0.95,0.64));
#1659 = CIRCLE('',#1660,0.64);
#1660 = AXIS2_PLACEMENT_3D('',#1661,#1662,#1663);
#1661 = CARTESIAN_POINT('',(-1.59,0.95,0.64));
#1662 = DIRECTION('',(0.,-1.,0.));
#1663 = DIRECTION('',(0.,0.,-1.));
#1664 = ORIENTED_EDGE('',*,*,#1665,.T.);
#1665 = EDGE_CURVE('',#1657,#400,#1666,.T.);
#1666 = LINE('',#1667,#1668);
#1667 = CARTESIAN_POINT('',(-0.95,0.95,5.551115123126E-16));
#1668 = VECTOR('',#1669,1.);
#1669 = DIRECTION('',(-2.387576397043E-17,0.,1.));
#1670 = ORIENTED_EDGE('',*,*,#397,.F.);
#1671 = ORIENTED_EDGE('',*,*,#1672,.T.);
#1672 = EDGE_CURVE('',#398,#1673,#1675,.T.);
#1673 = VERTEX_POINT('',#1674);
#1674 = CARTESIAN_POINT('',(-1.59,0.95,0.64));
#1675 = LINE('',#1676,#1677);
#1676 = CARTESIAN_POINT('',(-1.59,0.95,9.3));
#1677 = VECTOR('',#1678,1.);
#1678 = DIRECTION('',(0.,0.,-1.));
#1679 = ORIENTED_EDGE('',*,*,#1680,.T.);
#1680 = EDGE_CURVE('',#1673,#1639,#1681,.T.);
#1681 = LINE('',#1682,#1683);
#1682 = CARTESIAN_POINT('',(-1.59,0.95,0.64));
#1683 = VECTOR('',#1684,1.);
#1684 = DIRECTION('',(-1.,0.,0.));
#1685 = PLANE('',#1686);
#1686 = AXIS2_PLACEMENT_3D('',#1687,#1688,#1689);
#1687 = CARTESIAN_POINT('',(-1.581171617162,0.95,3.871171617162));
#1688 = DIRECTION('',(-4.047975610096E-31,-1.,5.41076637671E-32));
#1689 = DIRECTION('',(-1.,4.047975610096E-31,0.));
#1690 = ADVANCED_FACE('',(#1691),#1709,.F.);
#1691 = FACE_BOUND('',#1692,.F.);
#1692 = EDGE_LOOP('',(#1693,#1701,#1707,#1708));
#1693 = ORIENTED_EDGE('',*,*,#1694,.F.);
#1694 = EDGE_CURVE('',#1695,#416,#1697,.T.);
#1695 = VERTEX_POINT('',#1696);
#1696 = CARTESIAN_POINT('',(-0.95,1.59,0.64));
#1697 = LINE('',#1698,#1699);
#1698 = CARTESIAN_POINT('',(-0.95,1.59,5.551115123126E-16));
#1699 = VECTOR('',#1700,1.);
#1700 = DIRECTION('',(-2.387576397043E-17,0.,1.));
#1701 = ORIENTED_EDGE('',*,*,#1702,.T.);
#1702 = EDGE_CURVE('',#1695,#1657,#1703,.T.);
#1703 = LINE('',#1704,#1705);
#1704 = CARTESIAN_POINT('',(-0.95,1.59,0.64));
#1705 = VECTOR('',#1706,1.);
#1706 = DIRECTION('',(0.,-1.,0.));
#1707 = ORIENTED_EDGE('',*,*,#1665,.T.);
#1708 = ORIENTED_EDGE('',*,*,#423,.F.);
#1709 = PLANE('',#1710);
#1710 = AXIS2_PLACEMENT_3D('',#1711,#1712,#1713);
#1711 = CARTESIAN_POINT('',(-0.95,1.59,5.551115123126E-16));
#1712 = DIRECTION('',(-1.,-0.,-2.387576397043E-17));
#1713 = DIRECTION('',(-2.387576397043E-17,0.,1.));
#1714 = ADVANCED_FACE('',(#1715),#1758,.F.);
#1715 = FACE_BOUND('',#1716,.F.);
#1716 = EDGE_LOOP('',(#1717,#1727,#1735,#1742,#1743,#1744,#1752));
#1717 = ORIENTED_EDGE('',*,*,#1718,.T.);
#1718 = EDGE_CURVE('',#1719,#1721,#1723,.T.);
#1719 = VERTEX_POINT('',#1720);
#1720 = CARTESIAN_POINT('',(-3.61,1.59,0.64));
#1721 = VERTEX_POINT('',#1722);
#1722 = CARTESIAN_POINT('',(-3.61,1.59,4.440892098501E-16));
#1723 = LINE('',#1724,#1725);
#1724 = CARTESIAN_POINT('',(-3.61,1.59,0.64));
#1725 = VECTOR('',#1726,1.);
#1726 = DIRECTION('',(0.,0.,-1.));
#1727 = ORIENTED_EDGE('',*,*,#1728,.T.);
#1728 = EDGE_CURVE('',#1721,#1729,#1731,.T.);
#1729 = VERTEX_POINT('',#1730);
#1730 = CARTESIAN_POINT('',(-1.59,1.59,4.440892098501E-16));
#1731 = LINE('',#1732,#1733);
#1732 = CARTESIAN_POINT('',(-3.77,1.59,5.551115123126E-16));
#1733 = VECTOR('',#1734,1.);
#1734 = DIRECTION('',(1.,0.,0.));
#1735 = ORIENTED_EDGE('',*,*,#1736,.T.);
#1736 = EDGE_CURVE('',#1729,#1695,#1737,.T.);
#1737 = CIRCLE('',#1738,0.64);
#1738 = AXIS2_PLACEMENT_3D('',#1739,#1740,#1741);
#1739 = CARTESIAN_POINT('',(-1.59,1.59,0.64));
#1740 = DIRECTION('',(0.,-1.,0.));
#1741 = DIRECTION('',(0.,0.,-1.));
#1742 = ORIENTED_EDGE('',*,*,#1694,.T.);
#1743 = ORIENTED_EDGE('',*,*,#415,.F.);
#1744 = ORIENTED_EDGE('',*,*,#1745,.T.);
#1745 = EDGE_CURVE('',#408,#1746,#1748,.T.);
#1746 = VERTEX_POINT('',#1747);
#1747 = CARTESIAN_POINT('',(-1.59,1.59,0.64));
#1748 = LINE('',#1749,#1750);
#1749 = CARTESIAN_POINT('',(-1.59,1.59,9.3));
#1750 = VECTOR('',#1751,1.);
#1751 = DIRECTION('',(0.,0.,-1.));
#1752 = ORIENTED_EDGE('',*,*,#1753,.T.);
#1753 = EDGE_CURVE('',#1746,#1719,#1754,.T.);
#1754 = LINE('',#1755,#1756);
#1755 = CARTESIAN_POINT('',(-1.59,1.59,0.64));
#1756 = VECTOR('',#1757,1.);
#1757 = DIRECTION('',(-1.,0.,0.));
#1758 = PLANE('',#1759);
#1759 = AXIS2_PLACEMENT_3D('',#1760,#1761,#1762);
#1760 = CARTESIAN_POINT('',(-1.581171617162,1.59,3.871171617162));
#1761 = DIRECTION('',(-4.047975610096E-31,-1.,5.41076637671E-32));
#1762 = DIRECTION('',(-1.,4.047975610096E-31,0.));
#1763 = ADVANCED_FACE('',(#1764),#1775,.F.);
#1764 = FACE_BOUND('',#1765,.F.);
#1765 = EDGE_LOOP('',(#1766,#1767,#1768,#1769));
#1766 = ORIENTED_EDGE('',*,*,#1745,.F.);
#1767 = ORIENTED_EDGE('',*,*,#407,.F.);
#1768 = ORIENTED_EDGE('',*,*,#1672,.T.);
#1769 = ORIENTED_EDGE('',*,*,#1770,.F.);
#1770 = EDGE_CURVE('',#1746,#1673,#1771,.T.);
#1771 = LINE('',#1772,#1773);
#1772 = CARTESIAN_POINT('',(-1.59,1.59,0.64));
#1773 = VECTOR('',#1774,1.);
#1774 = DIRECTION('',(0.,-1.,0.));
#1775 = PLANE('',#1776);
#1776 = AXIS2_PLACEMENT_3D('',#1777,#1778,#1779);
#1777 = CARTESIAN_POINT('',(-1.59,1.59,9.3));
#1778 = DIRECTION('',(1.,0.,0.));
#1779 = DIRECTION('',(0.,0.,-1.));
#1780 = ADVANCED_FACE('',(#1781),#1806,.F.);
#1781 = FACE_BOUND('',#1782,.F.);
#1782 = EDGE_LOOP('',(#1783,#1791,#1792,#1800));
#1783 = ORIENTED_EDGE('',*,*,#1784,.F.);
#1784 = EDGE_CURVE('',#434,#1785,#1787,.T.);
#1785 = VERTEX_POINT('',#1786);
#1786 = CARTESIAN_POINT('',(-1.59,-3.49,0.64));
#1787 = LINE('',#1788,#1789);
#1788 = CARTESIAN_POINT('',(-1.59,-3.49,9.3));
#1789 = VECTOR('',#1790,1.);
#1790 = DIRECTION('',(0.,0.,-1.));
#1791 = ORIENTED_EDGE('',*,*,#431,.F.);
#1792 = ORIENTED_EDGE('',*,*,#1793,.T.);
#1793 = EDGE_CURVE('',#432,#1794,#1796,.T.);
#1794 = VERTEX_POINT('',#1795);
#1795 = CARTESIAN_POINT('',(-1.59,-4.13,0.64));
#1796 = LINE('',#1797,#1798);
#1797 = CARTESIAN_POINT('',(-1.59,-4.13,9.3));
#1798 = VECTOR('',#1799,1.);
#1799 = DIRECTION('',(0.,0.,-1.));
#1800 = ORIENTED_EDGE('',*,*,#1801,.F.);
#1801 = EDGE_CURVE('',#1785,#1794,#1802,.T.);
#1802 = LINE('',#1803,#1804);
#1803 = CARTESIAN_POINT('',(-1.59,-3.49,0.64));
#1804 = VECTOR('',#1805,1.);
#1805 = DIRECTION('',(0.,-1.,0.));
#1806 = PLANE('',#1807);
#1807 = AXIS2_PLACEMENT_3D('',#1808,#1809,#1810);
#1808 = CARTESIAN_POINT('',(-1.59,-3.49,9.3));
#1809 = DIRECTION('',(1.,0.,0.));
#1810 = DIRECTION('',(0.,0.,-1.));
#1811 = ADVANCED_FACE('',(#1812),#1855,.T.);
#1812 = FACE_BOUND('',#1813,.T.);
#1813 = EDGE_LOOP('',(#1814,#1824,#1832,#1841,#1847,#1848,#1849));
#1814 = ORIENTED_EDGE('',*,*,#1815,.T.);
#1815 = EDGE_CURVE('',#1816,#1818,#1820,.T.);
#1816 = VERTEX_POINT('',#1817);
#1817 = CARTESIAN_POINT('',(-3.61,-4.13,0.64));
#1818 = VERTEX_POINT('',#1819);
#1819 = CARTESIAN_POINT('',(-3.61,-4.13,4.440892098501E-16));
#1820 = LINE('',#1821,#1822);
#1821 = CARTESIAN_POINT('',(-3.61,-4.13,0.64));
#1822 = VECTOR('',#1823,1.);
#1823 = DIRECTION('',(0.,0.,-1.));
#1824 = ORIENTED_EDGE('',*,*,#1825,.T.);
#1825 = EDGE_CURVE('',#1818,#1826,#1828,.T.);
#1826 = VERTEX_POINT('',#1827);
#1827 = CARTESIAN_POINT('',(-1.59,-4.13,4.440892098501E-16));
#1828 = LINE('',#1829,#1830);
#1829 = CARTESIAN_POINT('',(-3.77,-4.13,5.551115123126E-16));
#1830 = VECTOR('',#1831,1.);
#1831 = DIRECTION('',(1.,0.,0.));
#1832 = ORIENTED_EDGE('',*,*,#1833,.T.);
#1833 = EDGE_CURVE('',#1826,#1834,#1836,.T.);
#1834 = VERTEX_POINT('',#1835);
#1835 = CARTESIAN_POINT('',(-0.95,-4.13,0.64));
#1836 = CIRCLE('',#1837,0.64);
#1837 = AXIS2_PLACEMENT_3D('',#1838,#1839,#1840);
#1838 = CARTESIAN_POINT('',(-1.59,-4.13,0.64));
#1839 = DIRECTION('',(0.,-1.,0.));
#1840 = DIRECTION('',(0.,0.,-1.));
#1841 = ORIENTED_EDGE('',*,*,#1842,.T.);
#1842 = EDGE_CURVE('',#1834,#450,#1843,.T.);
#1843 = LINE('',#1844,#1845);
#1844 = CARTESIAN_POINT('',(-0.95,-4.13,5.551115123126E-16));
#1845 = VECTOR('',#1846,1.);
#1846 = DIRECTION('',(-2.387576397043E-17,0.,1.));
#1847 = ORIENTED_EDGE('',*,*,#457,.F.);
#1848 = ORIENTED_EDGE('',*,*,#1793,.T.);
#1849 = ORIENTED_EDGE('',*,*,#1850,.T.);
#1850 = EDGE_CURVE('',#1794,#1816,#1851,.T.);
#1851 = LINE('',#1852,#1853);
#1852 = CARTESIAN_POINT('',(-1.59,-4.13,0.64));
#1853 = VECTOR('',#1854,1.);
#1854 = DIRECTION('',(-1.,0.,0.));
#1855 = PLANE('',#1856);
#1856 = AXIS2_PLACEMENT_3D('',#1857,#1858,#1859);
#1857 = CARTESIAN_POINT('',(-1.581171617162,-4.13,3.871171617162));
#1858 = DIRECTION('',(-4.047975610096E-31,-1.,5.41076637671E-32));
#1859 = DIRECTION('',(-1.,4.047975610096E-31,0.));
#1860 = ADVANCED_FACE('',(#1861),#1879,.F.);
#1861 = FACE_BOUND('',#1862,.F.);
#1862 = EDGE_LOOP('',(#1863,#1871,#1877,#1878));
#1863 = ORIENTED_EDGE('',*,*,#1864,.F.);
#1864 = EDGE_CURVE('',#1865,#442,#1867,.T.);
#1865 = VERTEX_POINT('',#1866);
#1866 = CARTESIAN_POINT('',(-0.95,-3.49,0.64));
#1867 = LINE('',#1868,#1869);
#1868 = CARTESIAN_POINT('',(-0.95,-3.49,5.551115123126E-16));
#1869 = VECTOR('',#1870,1.);
#1870 = DIRECTION('',(-2.387576397043E-17,0.,1.));
#1871 = ORIENTED_EDGE('',*,*,#1872,.T.);
#1872 = EDGE_CURVE('',#1865,#1834,#1873,.T.);
#1873 = LINE('',#1874,#1875);
#1874 = CARTESIAN_POINT('',(-0.95,-3.49,0.64));
#1875 = VECTOR('',#1876,1.);
#1876 = DIRECTION('',(0.,-1.,0.));
#1877 = ORIENTED_EDGE('',*,*,#1842,.T.);
#1878 = ORIENTED_EDGE('',*,*,#449,.F.);
#1879 = PLANE('',#1880);
#1880 = AXIS2_PLACEMENT_3D('',#1881,#1882,#1883);
#1881 = CARTESIAN_POINT('',(-0.95,-3.49,5.551115123126E-16));
#1882 = DIRECTION('',(-1.,-0.,-2.387576397043E-17));
#1883 = DIRECTION('',(-2.387576397043E-17,0.,1.));
#1884 = ADVANCED_FACE('',(#1885),#1921,.F.);
#1885 = FACE_BOUND('',#1886,.F.);
#1886 = EDGE_LOOP('',(#1887,#1897,#1905,#1912,#1913,#1914,#1915));
#1887 = ORIENTED_EDGE('',*,*,#1888,.T.);
#1888 = EDGE_CURVE('',#1889,#1891,#1893,.T.);
#1889 = VERTEX_POINT('',#1890);
#1890 = CARTESIAN_POINT('',(-3.61,-3.49,0.64));
#1891 = VERTEX_POINT('',#1892);
#1892 = CARTESIAN_POINT('',(-3.61,-3.49,4.440892098501E-16));
#1893 = LINE('',#1894,#1895);
#1894 = CARTESIAN_POINT('',(-3.61,-3.49,0.64));
#1895 = VECTOR('',#1896,1.);
#1896 = DIRECTION('',(0.,0.,-1.));
#1897 = ORIENTED_EDGE('',*,*,#1898,.T.);
#1898 = EDGE_CURVE('',#1891,#1899,#1901,.T.);
#1899 = VERTEX_POINT('',#1900);
#1900 = CARTESIAN_POINT('',(-1.59,-3.49,4.440892098501E-16));
#1901 = LINE('',#1902,#1903);
#1902 = CARTESIAN_POINT('',(-3.77,-3.49,5.551115123126E-16));
#1903 = VECTOR('',#1904,1.);
#1904 = DIRECTION('',(1.,0.,0.));
#1905 = ORIENTED_EDGE('',*,*,#1906,.T.);
#1906 = EDGE_CURVE('',#1899,#1865,#1907,.T.);
#1907 = CIRCLE('',#1908,0.64);
#1908 = AXIS2_PLACEMENT_3D('',#1909,#1910,#1911);
#1909 = CARTESIAN_POINT('',(-1.59,-3.49,0.64));
#1910 = DIRECTION('',(0.,-1.,0.));
#1911 = DIRECTION('',(0.,0.,-1.));
#1912 = ORIENTED_EDGE('',*,*,#1864,.T.);
#1913 = ORIENTED_EDGE('',*,*,#441,.F.);
#1914 = ORIENTED_EDGE('',*,*,#1784,.T.);
#1915 = ORIENTED_EDGE('',*,*,#1916,.T.);
#1916 = EDGE_CURVE('',#1785,#1889,#1917,.T.);
#1917 = LINE('',#1918,#1919);
#1918 = CARTESIAN_POINT('',(-1.59,-3.49,0.64));
#1919 = VECTOR('',#1920,1.);
#1920 = DIRECTION('',(-1.,0.,0.));
#1921 = PLANE('',#1922);
#1922 = AXIS2_PLACEMENT_3D('',#1923,#1924,#1925);
#1923 = CARTESIAN_POINT('',(-1.581171617162,-3.49,3.871171617162));
#1924 = DIRECTION('',(-4.047975610096E-31,-1.,5.41076637671E-32));
#1925 = DIRECTION('',(-1.,4.047975610096E-31,0.));
#1926 = ADVANCED_FACE('',(#1927),#1977,.T.);
#1927 = FACE_BOUND('',#1928,.T.);
#1928 = EDGE_LOOP('',(#1929,#1939,#1947,#1956,#1962,#1963,#1971));
#1929 = ORIENTED_EDGE('',*,*,#1930,.T.);
#1930 = EDGE_CURVE('',#1931,#1933,#1935,.T.);
#1931 = VERTEX_POINT('',#1932);
#1932 = CARTESIAN_POINT('',(3.61,-3.49,0.64));
#1933 = VERTEX_POINT('',#1934);
#1934 = CARTESIAN_POINT('',(3.61,-3.49,4.440892098501E-16));
#1935 = LINE('',#1936,#1937);
#1936 = CARTESIAN_POINT('',(3.61,-3.49,0.64));
#1937 = VECTOR('',#1938,1.);
#1938 = DIRECTION('',(0.,0.,-1.));
#1939 = ORIENTED_EDGE('',*,*,#1940,.T.);
#1940 = EDGE_CURVE('',#1933,#1941,#1943,.T.);
#1941 = VERTEX_POINT('',#1942);
#1942 = CARTESIAN_POINT('',(1.59,-3.49,4.440892098501E-16));
#1943 = LINE('',#1944,#1945);
#1944 = CARTESIAN_POINT('',(3.77,-3.49,5.551115123126E-16));
#1945 = VECTOR('',#1946,1.);
#1946 = DIRECTION('',(-1.,0.,0.));
#1947 = ORIENTED_EDGE('',*,*,#1948,.T.);
#1948 = EDGE_CURVE('',#1941,#1949,#1951,.T.);
#1949 = VERTEX_POINT('',#1950);
#1950 = CARTESIAN_POINT('',(0.95,-3.49,0.64));
#1951 = CIRCLE('',#1952,0.64);
#1952 = AXIS2_PLACEMENT_3D('',#1953,#1954,#1955);
#1953 = CARTESIAN_POINT('',(1.59,-3.49,0.64));
#1954 = DIRECTION('',(0.,1.,0.));
#1955 = DIRECTION('',(0.,0.,-1.));
#1956 = ORIENTED_EDGE('',*,*,#1957,.T.);
#1957 = EDGE_CURVE('',#1949,#468,#1958,.T.);
#1958 = LINE('',#1959,#1960);
#1959 = CARTESIAN_POINT('',(0.95,-3.49,5.551115123126E-16));
#1960 = VECTOR('',#1961,1.);
#1961 = DIRECTION('',(2.387576397043E-17,0.,1.));
#1962 = ORIENTED_EDGE('',*,*,#465,.F.);
#1963 = ORIENTED_EDGE('',*,*,#1964,.T.);
#1964 = EDGE_CURVE('',#466,#1965,#1967,.T.);
#1965 = VERTEX_POINT('',#1966);
#1966 = CARTESIAN_POINT('',(1.59,-3.49,0.64));
#1967 = LINE('',#1968,#1969);
#1968 = CARTESIAN_POINT('',(1.59,-3.49,9.3));
#1969 = VECTOR('',#1970,1.);
#1970 = DIRECTION('',(0.,0.,-1.));
#1971 = ORIENTED_EDGE('',*,*,#1972,.T.);
#1972 = EDGE_CURVE('',#1965,#1931,#1973,.T.);
#1973 = LINE('',#1974,#1975);
#1974 = CARTESIAN_POINT('',(1.59,-3.49,0.64));
#1975 = VECTOR('',#1976,1.);
#1976 = DIRECTION('',(1.,0.,0.));
#1977 = PLANE('',#1978);
#1978 = AXIS2_PLACEMENT_3D('',#1979,#1980,#1981);
#1979 = CARTESIAN_POINT('',(1.581171617162,-3.49,3.871171617162));
#1980 = DIRECTION('',(-4.047975610096E-31,1.,-5.41076637671E-32));
#1981 = DIRECTION('',(1.,4.047975610096E-31,0.));
#1982 = ADVANCED_FACE('',(#1983),#2001,.T.);
#1983 = FACE_BOUND('',#1984,.T.);
#1984 = EDGE_LOOP('',(#1985,#1986,#1994,#2000));
#1985 = ORIENTED_EDGE('',*,*,#1957,.F.);
#1986 = ORIENTED_EDGE('',*,*,#1987,.T.);
#1987 = EDGE_CURVE('',#1949,#1988,#1990,.T.);
#1988 = VERTEX_POINT('',#1989);
#1989 = CARTESIAN_POINT('',(0.95,-4.13,0.64));
#1990 = LINE('',#1991,#1992);
#1991 = CARTESIAN_POINT('',(0.95,-3.49,0.64));
#1992 = VECTOR('',#1993,1.);
#1993 = DIRECTION('',(0.,-1.,0.));
#1994 = ORIENTED_EDGE('',*,*,#1995,.T.);
#1995 = EDGE_CURVE('',#1988,#484,#1996,.T.);
#1996 = LINE('',#1997,#1998);
#1997 = CARTESIAN_POINT('',(0.95,-4.13,5.551115123126E-16));
#1998 = VECTOR('',#1999,1.);
#1999 = DIRECTION('',(2.387576397043E-17,0.,1.));
#2000 = ORIENTED_EDGE('',*,*,#491,.F.);
#2001 = PLANE('',#2002);
#2002 = AXIS2_PLACEMENT_3D('',#2003,#2004,#2005);
#2003 = CARTESIAN_POINT('',(0.95,-3.49,5.551115123126E-16));
#2004 = DIRECTION('',(-1.,0.,2.387576397043E-17));
#2005 = DIRECTION('',(2.387576397043E-17,0.,1.));
#2006 = ADVANCED_FACE('',(#2007),#2050,.F.);
#2007 = FACE_BOUND('',#2008,.F.);
#2008 = EDGE_LOOP('',(#2009,#2019,#2027,#2034,#2035,#2036,#2044));
#2009 = ORIENTED_EDGE('',*,*,#2010,.T.);
#2010 = EDGE_CURVE('',#2011,#2013,#2015,.T.);
#2011 = VERTEX_POINT('',#2012);
#2012 = CARTESIAN_POINT('',(3.61,-4.13,0.64));
#2013 = VERTEX_POINT('',#2014);
#2014 = CARTESIAN_POINT('',(3.61,-4.13,4.440892098501E-16));
#2015 = LINE('',#2016,#2017);
#2016 = CARTESIAN_POINT('',(3.61,-4.13,0.64));
#2017 = VECTOR('',#2018,1.);
#2018 = DIRECTION('',(0.,0.,-1.));
#2019 = ORIENTED_EDGE('',*,*,#2020,.T.);
#2020 = EDGE_CURVE('',#2013,#2021,#2023,.T.);
#2021 = VERTEX_POINT('',#2022);
#2022 = CARTESIAN_POINT('',(1.59,-4.13,4.440892098501E-16));
#2023 = LINE('',#2024,#2025);
#2024 = CARTESIAN_POINT('',(3.77,-4.13,5.551115123126E-16));
#2025 = VECTOR('',#2026,1.);
#2026 = DIRECTION('',(-1.,0.,0.));
#2027 = ORIENTED_EDGE('',*,*,#2028,.T.);
#2028 = EDGE_CURVE('',#2021,#1988,#2029,.T.);
#2029 = CIRCLE('',#2030,0.64);
#2030 = AXIS2_PLACEMENT_3D('',#2031,#2032,#2033);
#2031 = CARTESIAN_POINT('',(1.59,-4.13,0.64));
#2032 = DIRECTION('',(0.,1.,0.));
#2033 = DIRECTION('',(0.,0.,-1.));
#2034 = ORIENTED_EDGE('',*,*,#1995,.T.);
#2035 = ORIENTED_EDGE('',*,*,#483,.F.);
#2036 = ORIENTED_EDGE('',*,*,#2037,.T.);
#2037 = EDGE_CURVE('',#476,#2038,#2040,.T.);
#2038 = VERTEX_POINT('',#2039);
#2039 = CARTESIAN_POINT('',(1.59,-4.13,0.64));
#2040 = LINE('',#2041,#2042);
#2041 = CARTESIAN_POINT('',(1.59,-4.13,9.3));
#2042 = VECTOR('',#2043,1.);
#2043 = DIRECTION('',(0.,0.,-1.));
#2044 = ORIENTED_EDGE('',*,*,#2045,.T.);
#2045 = EDGE_CURVE('',#2038,#2011,#2046,.T.);
#2046 = LINE('',#2047,#2048);
#2047 = CARTESIAN_POINT('',(1.59,-4.13,0.64));
#2048 = VECTOR('',#2049,1.);
#2049 = DIRECTION('',(1.,0.,0.));
#2050 = PLANE('',#2051);
#2051 = AXIS2_PLACEMENT_3D('',#2052,#2053,#2054);
#2052 = CARTESIAN_POINT('',(1.581171617162,-4.13,3.871171617162));
#2053 = DIRECTION('',(-4.047975610096E-31,1.,-5.41076637671E-32));
#2054 = DIRECTION('',(1.,4.047975610096E-31,0.));
#2055 = ADVANCED_FACE('',(#2056),#2067,.T.);
#2056 = FACE_BOUND('',#2057,.T.);
#2057 = EDGE_LOOP('',(#2058,#2059,#2060,#2061));
#2058 = ORIENTED_EDGE('',*,*,#1964,.F.);
#2059 = ORIENTED_EDGE('',*,*,#475,.F.);
#2060 = ORIENTED_EDGE('',*,*,#2037,.T.);
#2061 = ORIENTED_EDGE('',*,*,#2062,.F.);
#2062 = EDGE_CURVE('',#1965,#2038,#2063,.T.);
#2063 = LINE('',#2064,#2065);
#2064 = CARTESIAN_POINT('',(1.59,-3.49,0.64));
#2065 = VECTOR('',#2066,1.);
#2066 = DIRECTION('',(0.,-1.,0.));
#2067 = PLANE('',#2068);
#2068 = AXIS2_PLACEMENT_3D('',#2069,#2070,#2071);
#2069 = CARTESIAN_POINT('',(1.59,-3.49,9.3));
#2070 = DIRECTION('',(1.,0.,0.));
#2071 = DIRECTION('',(0.,0.,-1.));
#2072 = ADVANCED_FACE('',(#2073),#2098,.T.);
#2073 = FACE_BOUND('',#2074,.T.);
#2074 = EDGE_LOOP('',(#2075,#2083,#2084,#2092));
#2075 = ORIENTED_EDGE('',*,*,#2076,.F.);
#2076 = EDGE_CURVE('',#502,#2077,#2079,.T.);
#2077 = VERTEX_POINT('',#2078);
#2078 = CARTESIAN_POINT('',(1.59,-0.95,0.64));
#2079 = LINE('',#2080,#2081);
#2080 = CARTESIAN_POINT('',(1.59,-0.95,9.3));
#2081 = VECTOR('',#2082,1.);
#2082 = DIRECTION('',(0.,0.,-1.));
#2083 = ORIENTED_EDGE('',*,*,#499,.F.);
#2084 = ORIENTED_EDGE('',*,*,#2085,.T.);
#2085 = EDGE_CURVE('',#500,#2086,#2088,.T.);
#2086 = VERTEX_POINT('',#2087);
#2087 = CARTESIAN_POINT('',(1.59,-1.59,0.64));
#2088 = LINE('',#2089,#2090);
#2089 = CARTESIAN_POINT('',(1.59,-1.59,9.3));
#2090 = VECTOR('',#2091,1.);
#2091 = DIRECTION('',(0.,0.,-1.));
#2092 = ORIENTED_EDGE('',*,*,#2093,.F.);
#2093 = EDGE_CURVE('',#2077,#2086,#2094,.T.);
#2094 = LINE('',#2095,#2096);
#2095 = CARTESIAN_POINT('',(1.59,-0.95,0.64));
#2096 = VECTOR('',#2097,1.);
#2097 = DIRECTION('',(0.,-1.,0.));
#2098 = PLANE('',#2099);
#2099 = AXIS2_PLACEMENT_3D('',#2100,#2101,#2102);
#2100 = CARTESIAN_POINT('',(1.59,-0.95,9.3));
#2101 = DIRECTION('',(1.,0.,0.));
#2102 = DIRECTION('',(0.,0.,-1.));
#2103 = ADVANCED_FACE('',(#2104),#2147,.T.);
#2104 = FACE_BOUND('',#2105,.T.);
#2105 = EDGE_LOOP('',(#2106,#2116,#2124,#2133,#2139,#2140,#2141));
#2106 = ORIENTED_EDGE('',*,*,#2107,.T.);
#2107 = EDGE_CURVE('',#2108,#2110,#2112,.T.);
#2108 = VERTEX_POINT('',#2109);
#2109 = CARTESIAN_POINT('',(3.61,-0.95,0.64));
#2110 = VERTEX_POINT('',#2111);
#2111 = CARTESIAN_POINT('',(3.61,-0.95,4.440892098501E-16));
#2112 = LINE('',#2113,#2114);
#2113 = CARTESIAN_POINT('',(3.61,-0.95,0.64));
#2114 = VECTOR('',#2115,1.);
#2115 = DIRECTION('',(0.,0.,-1.));
#2116 = ORIENTED_EDGE('',*,*,#2117,.T.);
#2117 = EDGE_CURVE('',#2110,#2118,#2120,.T.);
#2118 = VERTEX_POINT('',#2119);
#2119 = CARTESIAN_POINT('',(1.59,-0.95,4.440892098501E-16));
#2120 = LINE('',#2121,#2122);
#2121 = CARTESIAN_POINT('',(3.77,-0.95,5.551115123126E-16));
#2122 = VECTOR('',#2123,1.);
#2123 = DIRECTION('',(-1.,0.,0.));
#2124 = ORIENTED_EDGE('',*,*,#2125,.T.);
#2125 = EDGE_CURVE('',#2118,#2126,#2128,.T.);
#2126 = VERTEX_POINT('',#2127);
#2127 = CARTESIAN_POINT('',(0.95,-0.95,0.64));
#2128 = CIRCLE('',#2129,0.64);
#2129 = AXIS2_PLACEMENT_3D('',#2130,#2131,#2132);
#2130 = CARTESIAN_POINT('',(1.59,-0.95,0.64));
#2131 = DIRECTION('',(0.,1.,0.));
#2132 = DIRECTION('',(0.,0.,-1.));
#2133 = ORIENTED_EDGE('',*,*,#2134,.T.);
#2134 = EDGE_CURVE('',#2126,#518,#2135,.T.);
#2135 = LINE('',#2136,#2137);
#2136 = CARTESIAN_POINT('',(0.95,-0.95,5.551115123126E-16));
#2137 = VECTOR('',#2138,1.);
#2138 = DIRECTION('',(2.387576397043E-17,0.,1.));
#2139 = ORIENTED_EDGE('',*,*,#525,.F.);
#2140 = ORIENTED_EDGE('',*,*,#2076,.T.);
#2141 = ORIENTED_EDGE('',*,*,#2142,.T.);
#2142 = EDGE_CURVE('',#2077,#2108,#2143,.T.);
#2143 = LINE('',#2144,#2145);
#2144 = CARTESIAN_POINT('',(1.59,-0.95,0.64));
#2145 = VECTOR('',#2146,1.);
#2146 = DIRECTION('',(1.,0.,0.));
#2147 = PLANE('',#2148);
#2148 = AXIS2_PLACEMENT_3D('',#2149,#2150,#2151);
#2149 = CARTESIAN_POINT('',(1.581171617162,-0.95,3.871171617162));
#2150 = DIRECTION('',(-4.047975610096E-31,1.,-5.41076637671E-32));
#2151 = DIRECTION('',(1.,4.047975610096E-31,0.));
#2152 = ADVANCED_FACE('',(#2153),#2171,.T.);
#2153 = FACE_BOUND('',#2154,.T.);
#2154 = EDGE_LOOP('',(#2155,#2156,#2164,#2170));
#2155 = ORIENTED_EDGE('',*,*,#2134,.F.);
#2156 = ORIENTED_EDGE('',*,*,#2157,.T.);
#2157 = EDGE_CURVE('',#2126,#2158,#2160,.T.);
#2158 = VERTEX_POINT('',#2159);
#2159 = CARTESIAN_POINT('',(0.95,-1.59,0.64));
#2160 = LINE('',#2161,#2162);
#2161 = CARTESIAN_POINT('',(0.95,-0.95,0.64));
#2162 = VECTOR('',#2163,1.);
#2163 = DIRECTION('',(0.,-1.,0.));
#2164 = ORIENTED_EDGE('',*,*,#2165,.T.);
#2165 = EDGE_CURVE('',#2158,#510,#2166,.T.);
#2166 = LINE('',#2167,#2168);
#2167 = CARTESIAN_POINT('',(0.95,-1.59,5.551115123126E-16));
#2168 = VECTOR('',#2169,1.);
#2169 = DIRECTION('',(2.387576397043E-17,0.,1.));
#2170 = ORIENTED_EDGE('',*,*,#517,.F.);
#2171 = PLANE('',#2172);
#2172 = AXIS2_PLACEMENT_3D('',#2173,#2174,#2175);
#2173 = CARTESIAN_POINT('',(0.95,-0.95,5.551115123126E-16));
#2174 = DIRECTION('',(-1.,0.,2.387576397043E-17));
#2175 = DIRECTION('',(2.387576397043E-17,0.,1.));
#2176 = ADVANCED_FACE('',(#2177),#2213,.F.);
#2177 = FACE_BOUND('',#2178,.F.);
#2178 = EDGE_LOOP('',(#2179,#2189,#2197,#2204,#2205,#2206,#2207));
#2179 = ORIENTED_EDGE('',*,*,#2180,.T.);
#2180 = EDGE_CURVE('',#2181,#2183,#2185,.T.);
#2181 = VERTEX_POINT('',#2182);
#2182 = CARTESIAN_POINT('',(3.61,-1.59,0.64));
#2183 = VERTEX_POINT('',#2184);
#2184 = CARTESIAN_POINT('',(3.61,-1.59,4.440892098501E-16));
#2185 = LINE('',#2186,#2187);
#2186 = CARTESIAN_POINT('',(3.61,-1.59,0.64));
#2187 = VECTOR('',#2188,1.);
#2188 = DIRECTION('',(0.,0.,-1.));
#2189 = ORIENTED_EDGE('',*,*,#2190,.T.);
#2190 = EDGE_CURVE('',#2183,#2191,#2193,.T.);
#2191 = VERTEX_POINT('',#2192);
#2192 = CARTESIAN_POINT('',(1.59,-1.59,4.440892098501E-16));
#2193 = LINE('',#2194,#2195);
#2194 = CARTESIAN_POINT('',(3.77,-1.59,5.551115123126E-16));
#2195 = VECTOR('',#2196,1.);
#2196 = DIRECTION('',(-1.,0.,0.));
#2197 = ORIENTED_EDGE('',*,*,#2198,.T.);
#2198 = EDGE_CURVE('',#2191,#2158,#2199,.T.);
#2199 = CIRCLE('',#2200,0.64);
#2200 = AXIS2_PLACEMENT_3D('',#2201,#2202,#2203);
#2201 = CARTESIAN_POINT('',(1.59,-1.59,0.64));
#2202 = DIRECTION('',(0.,1.,0.));
#2203 = DIRECTION('',(0.,0.,-1.));
#2204 = ORIENTED_EDGE('',*,*,#2165,.T.);
#2205 = ORIENTED_EDGE('',*,*,#509,.F.);
#2206 = ORIENTED_EDGE('',*,*,#2085,.T.);
#2207 = ORIENTED_EDGE('',*,*,#2208,.T.);
#2208 = EDGE_CURVE('',#2086,#2181,#2209,.T.);
#2209 = LINE('',#2210,#2211);
#2210 = CARTESIAN_POINT('',(1.59,-1.59,0.64));
#2211 = VECTOR('',#2212,1.);
#2212 = DIRECTION('',(1.,0.,0.));
#2213 = PLANE('',#2214);
#2214 = AXIS2_PLACEMENT_3D('',#2215,#2216,#2217);
#2215 = CARTESIAN_POINT('',(1.581171617162,-1.59,3.871171617162));
#2216 = DIRECTION('',(-4.047975610096E-31,1.,-5.41076637671E-32));
#2217 = DIRECTION('',(1.,4.047975610096E-31,0.));
#2218 = ADVANCED_FACE('',(#2219),#2269,.F.);
#2219 = FACE_BOUND('',#2220,.F.);
#2220 = EDGE_LOOP('',(#2221,#2231,#2239,#2248,#2254,#2255,#2263));
#2221 = ORIENTED_EDGE('',*,*,#2222,.T.);
#2222 = EDGE_CURVE('',#2223,#2225,#2227,.T.);
#2223 = VERTEX_POINT('',#2224);
#2224 = CARTESIAN_POINT('',(-3.61,-0.95,0.64));
#2225 = VERTEX_POINT('',#2226);
#2226 = CARTESIAN_POINT('',(-3.61,-0.95,4.440892098501E-16));
#2227 = LINE('',#2228,#2229);
#2228 = CARTESIAN_POINT('',(-3.61,-0.95,0.64));
#2229 = VECTOR('',#2230,1.);
#2230 = DIRECTION('',(0.,0.,-1.));
#2231 = ORIENTED_EDGE('',*,*,#2232,.T.);
#2232 = EDGE_CURVE('',#2225,#2233,#2235,.T.);
#2233 = VERTEX_POINT('',#2234);
#2234 = CARTESIAN_POINT('',(-1.59,-0.95,4.440892098501E-16));
#2235 = LINE('',#2236,#2237);
#2236 = CARTESIAN_POINT('',(-3.77,-0.95,5.551115123126E-16));
#2237 = VECTOR('',#2238,1.);
#2238 = DIRECTION('',(1.,0.,0.));
#2239 = ORIENTED_EDGE('',*,*,#2240,.T.);
#2240 = EDGE_CURVE('',#2233,#2241,#2243,.T.);
#2241 = VERTEX_POINT('',#2242);
#2242 = CARTESIAN_POINT('',(-0.95,-0.95,0.64));
#2243 = CIRCLE('',#2244,0.64);
#2244 = AXIS2_PLACEMENT_3D('',#2245,#2246,#2247);
#2245 = CARTESIAN_POINT('',(-1.59,-0.95,0.64));
#2246 = DIRECTION('',(0.,-1.,0.));
#2247 = DIRECTION('',(0.,0.,-1.));
#2248 = ORIENTED_EDGE('',*,*,#2249,.T.);
#2249 = EDGE_CURVE('',#2241,#536,#2250,.T.);
#2250 = LINE('',#2251,#2252);
#2251 = CARTESIAN_POINT('',(-0.95,-0.95,5.551115123126E-16));
#2252 = VECTOR('',#2253,1.);
#2253 = DIRECTION('',(-2.387576397043E-17,0.,1.));
#2254 = ORIENTED_EDGE('',*,*,#533,.F.);
#2255 = ORIENTED_EDGE('',*,*,#2256,.T.);
#2256 = EDGE_CURVE('',#534,#2257,#2259,.T.);
#2257 = VERTEX_POINT('',#2258);
#2258 = CARTESIAN_POINT('',(-1.59,-0.95,0.64));
#2259 = LINE('',#2260,#2261);
#2260 = CARTESIAN_POINT('',(-1.59,-0.95,9.3));
#2261 = VECTOR('',#2262,1.);
#2262 = DIRECTION('',(0.,0.,-1.));
#2263 = ORIENTED_EDGE('',*,*,#2264,.T.);
#2264 = EDGE_CURVE('',#2257,#2223,#2265,.T.);
#2265 = LINE('',#2266,#2267);
#2266 = CARTESIAN_POINT('',(-1.59,-0.95,0.64));
#2267 = VECTOR('',#2268,1.);
#2268 = DIRECTION('',(-1.,0.,0.));
#2269 = PLANE('',#2270);
#2270 = AXIS2_PLACEMENT_3D('',#2271,#2272,#2273);
#2271 = CARTESIAN_POINT('',(-1.581171617162,-0.95,3.871171617162));
#2272 = DIRECTION('',(-4.047975610096E-31,-1.,5.41076637671E-32));
#2273 = DIRECTION('',(-1.,4.047975610096E-31,0.));
#2274 = ADVANCED_FACE('',(#2275),#2293,.F.);
#2275 = FACE_BOUND('',#2276,.F.);
#2276 = EDGE_LOOP('',(#2277,#2278,#2279,#2287));
#2277 = ORIENTED_EDGE('',*,*,#2256,.F.);
#2278 = ORIENTED_EDGE('',*,*,#559,.F.);
#2279 = ORIENTED_EDGE('',*,*,#2280,.T.);
#2280 = EDGE_CURVE('',#552,#2281,#2283,.T.);
#2281 = VERTEX_POINT('',#2282);
#2282 = CARTESIAN_POINT('',(-1.59,-1.59,0.64));
#2283 = LINE('',#2284,#2285);
#2284 = CARTESIAN_POINT('',(-1.59,-1.59,9.3));
#2285 = VECTOR('',#2286,1.);
#2286 = DIRECTION('',(0.,0.,-1.));
#2287 = ORIENTED_EDGE('',*,*,#2288,.F.);
#2288 = EDGE_CURVE('',#2257,#2281,#2289,.T.);
#2289 = LINE('',#2290,#2291);
#2290 = CARTESIAN_POINT('',(-1.59,-0.95,0.64));
#2291 = VECTOR('',#2292,1.);
#2292 = DIRECTION('',(0.,-1.,0.));
#2293 = PLANE('',#2294);
#2294 = AXIS2_PLACEMENT_3D('',#2295,#2296,#2297);
#2295 = CARTESIAN_POINT('',(-1.59,-0.95,9.3));
#2296 = DIRECTION('',(1.,0.,0.));
#2297 = DIRECTION('',(0.,0.,-1.));
#2298 = ADVANCED_FACE('',(#2299),#2342,.T.);
#2299 = FACE_BOUND('',#2300,.T.);
#2300 = EDGE_LOOP('',(#2301,#2311,#2319,#2328,#2334,#2335,#2336));
#2301 = ORIENTED_EDGE('',*,*,#2302,.T.);
#2302 = EDGE_CURVE('',#2303,#2305,#2307,.T.);
#2303 = VERTEX_POINT('',#2304);
#2304 = CARTESIAN_POINT('',(-3.61,-1.59,0.64));
#2305 = VERTEX_POINT('',#2306);
#2306 = CARTESIAN_POINT('',(-3.61,-1.59,4.440892098501E-16));
#2307 = LINE('',#2308,#2309);
#2308 = CARTESIAN_POINT('',(-3.61,-1.59,0.64));
#2309 = VECTOR('',#2310,1.);
#2310 = DIRECTION('',(0.,0.,-1.));
#2311 = ORIENTED_EDGE('',*,*,#2312,.T.);
#2312 = EDGE_CURVE('',#2305,#2313,#2315,.T.);
#2313 = VERTEX_POINT('',#2314);
#2314 = CARTESIAN_POINT('',(-1.59,-1.59,4.440892098501E-16));
#2315 = LINE('',#2316,#2317);
#2316 = CARTESIAN_POINT('',(-3.77,-1.59,5.551115123126E-16));
#2317 = VECTOR('',#2318,1.);
#2318 = DIRECTION('',(1.,0.,0.));
#2319 = ORIENTED_EDGE('',*,*,#2320,.T.);
#2320 = EDGE_CURVE('',#2313,#2321,#2323,.T.);
#2321 = VERTEX_POINT('',#2322);
#2322 = CARTESIAN_POINT('',(-0.95,-1.59,0.64));
#2323 = CIRCLE('',#2324,0.64);
#2324 = AXIS2_PLACEMENT_3D('',#2325,#2326,#2327);
#2325 = CARTESIAN_POINT('',(-1.59,-1.59,0.64));
#2326 = DIRECTION('',(0.,-1.,0.));
#2327 = DIRECTION('',(0.,0.,-1.));
#2328 = ORIENTED_EDGE('',*,*,#2329,.T.);
#2329 = EDGE_CURVE('',#2321,#544,#2330,.T.);
#2330 = LINE('',#2331,#2332);
#2331 = CARTESIAN_POINT('',(-0.95,-1.59,5.551115123126E-16));
#2332 = VECTOR('',#2333,1.);
#2333 = DIRECTION('',(-2.387576397043E-17,0.,1.));
#2334 = ORIENTED_EDGE('',*,*,#551,.F.);
#2335 = ORIENTED_EDGE('',*,*,#2280,.T.);
#2336 = ORIENTED_EDGE('',*,*,#2337,.T.);
#2337 = EDGE_CURVE('',#2281,#2303,#2338,.T.);
#2338 = LINE('',#2339,#2340);
#2339 = CARTESIAN_POINT('',(-1.59,-1.59,0.64));
#2340 = VECTOR('',#2341,1.);
#2341 = DIRECTION('',(-1.,0.,0.));
#2342 = PLANE('',#2343);
#2343 = AXIS2_PLACEMENT_3D('',#2344,#2345,#2346);
#2344 = CARTESIAN_POINT('',(-1.581171617162,-1.59,3.871171617162));
#2345 = DIRECTION('',(-4.047975610096E-31,-1.,5.41076637671E-32));
#2346 = DIRECTION('',(-1.,4.047975610096E-31,0.));
#2347 = ADVANCED_FACE('',(#2348),#2359,.F.);
#2348 = FACE_BOUND('',#2349,.F.);
#2349 = EDGE_LOOP('',(#2350,#2351,#2357,#2358));
#2350 = ORIENTED_EDGE('',*,*,#2249,.F.);
#2351 = ORIENTED_EDGE('',*,*,#2352,.T.);
#2352 = EDGE_CURVE('',#2241,#2321,#2353,.T.);
#2353 = LINE('',#2354,#2355);
#2354 = CARTESIAN_POINT('',(-0.95,-0.95,0.64));
#2355 = VECTOR('',#2356,1.);
#2356 = DIRECTION('',(0.,-1.,0.));
#2357 = ORIENTED_EDGE('',*,*,#2329,.T.);
#2358 = ORIENTED_EDGE('',*,*,#543,.F.);
#2359 = PLANE('',#2360);
#2360 = AXIS2_PLACEMENT_3D('',#2361,#2362,#2363);
#2361 = CARTESIAN_POINT('',(-0.95,-0.95,5.551115123126E-16));
#2362 = DIRECTION('',(-1.,-0.,-2.387576397043E-17));
#2363 = DIRECTION('',(-2.387576397043E-17,0.,1.));
#2364 = ADVANCED_FACE('',(#2365),#2390,.F.);
#2365 = FACE_BOUND('',#2366,.F.);
#2366 = EDGE_LOOP('',(#2367,#2375,#2376,#2384));
#2367 = ORIENTED_EDGE('',*,*,#2368,.F.);
#2368 = EDGE_CURVE('',#570,#2369,#2371,.T.);
#2369 = VERTEX_POINT('',#2370);
#2370 = CARTESIAN_POINT('',(-1.59,4.13,0.64));
#2371 = LINE('',#2372,#2373);
#2372 = CARTESIAN_POINT('',(-1.59,4.13,9.3));
#2373 = VECTOR('',#2374,1.);
#2374 = DIRECTION('',(0.,0.,-1.));
#2375 = ORIENTED_EDGE('',*,*,#567,.F.);
#2376 = ORIENTED_EDGE('',*,*,#2377,.T.);
#2377 = EDGE_CURVE('',#568,#2378,#2380,.T.);
#2378 = VERTEX_POINT('',#2379);
#2379 = CARTESIAN_POINT('',(-1.59,3.49,0.64));
#2380 = LINE('',#2381,#2382);
#2381 = CARTESIAN_POINT('',(-1.59,3.49,9.3));
#2382 = VECTOR('',#2383,1.);
#2383 = DIRECTION('',(0.,0.,-1.));
#2384 = ORIENTED_EDGE('',*,*,#2385,.F.);
#2385 = EDGE_CURVE('',#2369,#2378,#2386,.T.);
#2386 = LINE('',#2387,#2388);
#2387 = CARTESIAN_POINT('',(-1.59,4.13,0.64));
#2388 = VECTOR('',#2389,1.);
#2389 = DIRECTION('',(0.,-1.,0.));
#2390 = PLANE('',#2391);
#2391 = AXIS2_PLACEMENT_3D('',#2392,#2393,#2394);
#2392 = CARTESIAN_POINT('',(-1.59,4.13,9.3));
#2393 = DIRECTION('',(1.,0.,0.));
#2394 = DIRECTION('',(0.,0.,-1.));
#2395 = ADVANCED_FACE('',(#2396),#2439,.T.);
#2396 = FACE_BOUND('',#2397,.T.);
#2397 = EDGE_LOOP('',(#2398,#2408,#2416,#2425,#2431,#2432,#2433));
#2398 = ORIENTED_EDGE('',*,*,#2399,.T.);
#2399 = EDGE_CURVE('',#2400,#2402,#2404,.T.);
#2400 = VERTEX_POINT('',#2401);
#2401 = CARTESIAN_POINT('',(-3.61,3.49,0.64));
#2402 = VERTEX_POINT('',#2403);
#2403 = CARTESIAN_POINT('',(-3.61,3.49,4.440892098501E-16));
#2404 = LINE('',#2405,#2406);
#2405 = CARTESIAN_POINT('',(-3.61,3.49,0.64));
#2406 = VECTOR('',#2407,1.);
#2407 = DIRECTION('',(0.,0.,-1.));
#2408 = ORIENTED_EDGE('',*,*,#2409,.T.);
#2409 = EDGE_CURVE('',#2402,#2410,#2412,.T.);
#2410 = VERTEX_POINT('',#2411);
#2411 = CARTESIAN_POINT('',(-1.59,3.49,4.440892098501E-16));
#2412 = LINE('',#2413,#2414);
#2413 = CARTESIAN_POINT('',(-3.77,3.49,5.551115123126E-16));
#2414 = VECTOR('',#2415,1.);
#2415 = DIRECTION('',(1.,0.,0.));
#2416 = ORIENTED_EDGE('',*,*,#2417,.T.);
#2417 = EDGE_CURVE('',#2410,#2418,#2420,.T.);
#2418 = VERTEX_POINT('',#2419);
#2419 = CARTESIAN_POINT('',(-0.95,3.49,0.64));
#2420 = CIRCLE('',#2421,0.64);
#2421 = AXIS2_PLACEMENT_3D('',#2422,#2423,#2424);
#2422 = CARTESIAN_POINT('',(-1.59,3.49,0.64));
#2423 = DIRECTION('',(0.,-1.,0.));
#2424 = DIRECTION('',(0.,0.,-1.));
#2425 = ORIENTED_EDGE('',*,*,#2426,.T.);
#2426 = EDGE_CURVE('',#2418,#586,#2427,.T.);
#2427 = LINE('',#2428,#2429);
#2428 = CARTESIAN_POINT('',(-0.95,3.49,5.551115123126E-16));
#2429 = VECTOR('',#2430,1.);
#2430 = DIRECTION('',(-2.387576397043E-17,0.,1.));
#2431 = ORIENTED_EDGE('',*,*,#593,.F.);
#2432 = ORIENTED_EDGE('',*,*,#2377,.T.);
#2433 = ORIENTED_EDGE('',*,*,#2434,.T.);
#2434 = EDGE_CURVE('',#2378,#2400,#2435,.T.);
#2435 = LINE('',#2436,#2437);
#2436 = CARTESIAN_POINT('',(-1.59,3.49,0.64));
#2437 = VECTOR('',#2438,1.);
#2438 = DIRECTION('',(-1.,0.,0.));
#2439 = PLANE('',#2440);
#2440 = AXIS2_PLACEMENT_3D('',#2441,#2442,#2443);
#2441 = CARTESIAN_POINT('',(-1.581171617162,3.49,3.871171617162));
#2442 = DIRECTION('',(-4.047975610096E-31,-1.,5.41076637671E-32));
#2443 = DIRECTION('',(-1.,4.047975610096E-31,0.));
#2444 = ADVANCED_FACE('',(#2445),#2463,.F.);
#2445 = FACE_BOUND('',#2446,.F.);
#2446 = EDGE_LOOP('',(#2447,#2455,#2461,#2462));
#2447 = ORIENTED_EDGE('',*,*,#2448,.F.);
#2448 = EDGE_CURVE('',#2449,#578,#2451,.T.);
#2449 = VERTEX_POINT('',#2450);
#2450 = CARTESIAN_POINT('',(-0.95,4.13,0.64));
#2451 = LINE('',#2452,#2453);
#2452 = CARTESIAN_POINT('',(-0.95,4.13,5.551115123126E-16));
#2453 = VECTOR('',#2454,1.);
#2454 = DIRECTION('',(-2.387576397043E-17,0.,1.));
#2455 = ORIENTED_EDGE('',*,*,#2456,.T.);
#2456 = EDGE_CURVE('',#2449,#2418,#2457,.T.);
#2457 = LINE('',#2458,#2459);
#2458 = CARTESIAN_POINT('',(-0.95,4.13,0.64));
#2459 = VECTOR('',#2460,1.);
#2460 = DIRECTION('',(0.,-1.,0.));
#2461 = ORIENTED_EDGE('',*,*,#2426,.T.);
#2462 = ORIENTED_EDGE('',*,*,#585,.F.);
#2463 = PLANE('',#2464);
#2464 = AXIS2_PLACEMENT_3D('',#2465,#2466,#2467);
#2465 = CARTESIAN_POINT('',(-0.95,4.13,5.551115123126E-16));
#2466 = DIRECTION('',(-1.,-0.,-2.387576397043E-17));
#2467 = DIRECTION('',(-2.387576397043E-17,0.,1.));
#2468 = ADVANCED_FACE('',(#2469),#2505,.F.);
#2469 = FACE_BOUND('',#2470,.F.);
#2470 = EDGE_LOOP('',(#2471,#2481,#2489,#2496,#2497,#2498,#2499));
#2471 = ORIENTED_EDGE('',*,*,#2472,.T.);
#2472 = EDGE_CURVE('',#2473,#2475,#2477,.T.);
#2473 = VERTEX_POINT('',#2474);
#2474 = CARTESIAN_POINT('',(-3.61,4.13,0.64));
#2475 = VERTEX_POINT('',#2476);
#2476 = CARTESIAN_POINT('',(-3.61,4.13,4.440892098501E-16));
#2477 = LINE('',#2478,#2479);
#2478 = CARTESIAN_POINT('',(-3.61,4.13,0.64));
#2479 = VECTOR('',#2480,1.);
#2480 = DIRECTION('',(0.,0.,-1.));
#2481 = ORIENTED_EDGE('',*,*,#2482,.T.);
#2482 = EDGE_CURVE('',#2475,#2483,#2485,.T.);
#2483 = VERTEX_POINT('',#2484);
#2484 = CARTESIAN_POINT('',(-1.59,4.13,4.440892098501E-16));
#2485 = LINE('',#2486,#2487);
#2486 = CARTESIAN_POINT('',(-3.77,4.13,5.551115123126E-16));
#2487 = VECTOR('',#2488,1.);
#2488 = DIRECTION('',(1.,0.,0.));
#2489 = ORIENTED_EDGE('',*,*,#2490,.T.);
#2490 = EDGE_CURVE('',#2483,#2449,#2491,.T.);
#2491 = CIRCLE('',#2492,0.64);
#2492 = AXIS2_PLACEMENT_3D('',#2493,#2494,#2495);
#2493 = CARTESIAN_POINT('',(-1.59,4.13,0.64));
#2494 = DIRECTION('',(0.,-1.,0.));
#2495 = DIRECTION('',(0.,0.,-1.));
#2496 = ORIENTED_EDGE('',*,*,#2448,.T.);
#2497 = ORIENTED_EDGE('',*,*,#577,.F.);
#2498 = ORIENTED_EDGE('',*,*,#2368,.T.);
#2499 = ORIENTED_EDGE('',*,*,#2500,.T.);
#2500 = EDGE_CURVE('',#2369,#2473,#2501,.T.);
#2501 = LINE('',#2502,#2503);
#2502 = CARTESIAN_POINT('',(-1.59,4.13,0.64));
#2503 = VECTOR('',#2504,1.);
#2504 = DIRECTION('',(-1.,0.,0.));
#2505 = PLANE('',#2506);
#2506 = AXIS2_PLACEMENT_3D('',#2507,#2508,#2509);
#2507 = CARTESIAN_POINT('',(-1.581171617162,4.13,3.871171617162));
#2508 = DIRECTION('',(-4.047975610096E-31,-1.,5.41076637671E-32));
#2509 = DIRECTION('',(-1.,4.047975610096E-31,0.));
#2510 = ADVANCED_FACE('',(#2511),#2536,.T.);
#2511 = FACE_BOUND('',#2512,.T.);
#2512 = EDGE_LOOP('',(#2513,#2521,#2522,#2530));
#2513 = ORIENTED_EDGE('',*,*,#2514,.F.);
#2514 = EDGE_CURVE('',#604,#2515,#2517,.T.);
#2515 = VERTEX_POINT('',#2516);
#2516 = CARTESIAN_POINT('',(1.59,4.13,0.64));
#2517 = LINE('',#2518,#2519);
#2518 = CARTESIAN_POINT('',(1.59,4.13,9.3));
#2519 = VECTOR('',#2520,1.);
#2520 = DIRECTION('',(0.,0.,-1.));
#2521 = ORIENTED_EDGE('',*,*,#601,.F.);
#2522 = ORIENTED_EDGE('',*,*,#2523,.T.);
#2523 = EDGE_CURVE('',#602,#2524,#2526,.T.);
#2524 = VERTEX_POINT('',#2525);
#2525 = CARTESIAN_POINT('',(1.59,3.49,0.64));
#2526 = LINE('',#2527,#2528);
#2527 = CARTESIAN_POINT('',(1.59,3.49,9.3));
#2528 = VECTOR('',#2529,1.);
#2529 = DIRECTION('',(0.,0.,-1.));
#2530 = ORIENTED_EDGE('',*,*,#2531,.F.);
#2531 = EDGE_CURVE('',#2515,#2524,#2532,.T.);
#2532 = LINE('',#2533,#2534);
#2533 = CARTESIAN_POINT('',(1.59,4.13,0.64));
#2534 = VECTOR('',#2535,1.);
#2535 = DIRECTION('',(0.,-1.,0.));
#2536 = PLANE('',#2537);
#2537 = AXIS2_PLACEMENT_3D('',#2538,#2539,#2540);
#2538 = CARTESIAN_POINT('',(1.59,4.13,9.3));
#2539 = DIRECTION('',(1.,0.,0.));
#2540 = DIRECTION('',(0.,0.,-1.));
#2541 = ADVANCED_FACE('',(#2542),#2585,.T.);
#2542 = FACE_BOUND('',#2543,.T.);
#2543 = EDGE_LOOP('',(#2544,#2554,#2562,#2571,#2577,#2578,#2579));
#2544 = ORIENTED_EDGE('',*,*,#2545,.T.);
#2545 = EDGE_CURVE('',#2546,#2548,#2550,.T.);
#2546 = VERTEX_POINT('',#2547);
#2547 = CARTESIAN_POINT('',(3.61,4.13,0.64));
#2548 = VERTEX_POINT('',#2549);
#2549 = CARTESIAN_POINT('',(3.61,4.13,4.440892098501E-16));
#2550 = LINE('',#2551,#2552);
#2551 = CARTESIAN_POINT('',(3.61,4.13,0.64));
#2552 = VECTOR('',#2553,1.);
#2553 = DIRECTION('',(0.,0.,-1.));
#2554 = ORIENTED_EDGE('',*,*,#2555,.T.);
#2555 = EDGE_CURVE('',#2548,#2556,#2558,.T.);
#2556 = VERTEX_POINT('',#2557);
#2557 = CARTESIAN_POINT('',(1.59,4.13,4.440892098501E-16));
#2558 = LINE('',#2559,#2560);
#2559 = CARTESIAN_POINT('',(3.77,4.13,5.551115123126E-16));
#2560 = VECTOR('',#2561,1.);
#2561 = DIRECTION('',(-1.,0.,0.));
#2562 = ORIENTED_EDGE('',*,*,#2563,.T.);
#2563 = EDGE_CURVE('',#2556,#2564,#2566,.T.);
#2564 = VERTEX_POINT('',#2565);
#2565 = CARTESIAN_POINT('',(0.95,4.13,0.64));
#2566 = CIRCLE('',#2567,0.64);
#2567 = AXIS2_PLACEMENT_3D('',#2568,#2569,#2570);
#2568 = CARTESIAN_POINT('',(1.59,4.13,0.64));
#2569 = DIRECTION('',(0.,1.,0.));
#2570 = DIRECTION('',(0.,0.,-1.));
#2571 = ORIENTED_EDGE('',*,*,#2572,.T.);
#2572 = EDGE_CURVE('',#2564,#620,#2573,.T.);
#2573 = LINE('',#2574,#2575);
#2574 = CARTESIAN_POINT('',(0.95,4.13,5.551115123126E-16));
#2575 = VECTOR('',#2576,1.);
#2576 = DIRECTION('',(2.387576397043E-17,0.,1.));
#2577 = ORIENTED_EDGE('',*,*,#627,.F.);
#2578 = ORIENTED_EDGE('',*,*,#2514,.T.);
#2579 = ORIENTED_EDGE('',*,*,#2580,.T.);
#2580 = EDGE_CURVE('',#2515,#2546,#2581,.T.);
#2581 = LINE('',#2582,#2583);
#2582 = CARTESIAN_POINT('',(1.59,4.13,0.64));
#2583 = VECTOR('',#2584,1.);
#2584 = DIRECTION('',(1.,0.,0.));
#2585 = PLANE('',#2586);
#2586 = AXIS2_PLACEMENT_3D('',#2587,#2588,#2589);
#2587 = CARTESIAN_POINT('',(1.581171617162,4.13,3.871171617162));
#2588 = DIRECTION('',(-4.047975610096E-31,1.,-5.41076637671E-32));
#2589 = DIRECTION('',(1.,4.047975610096E-31,0.));
#2590 = ADVANCED_FACE('',(#2591),#2609,.T.);
#2591 = FACE_BOUND('',#2592,.T.);
#2592 = EDGE_LOOP('',(#2593,#2594,#2602,#2608));
#2593 = ORIENTED_EDGE('',*,*,#2572,.F.);
#2594 = ORIENTED_EDGE('',*,*,#2595,.T.);
#2595 = EDGE_CURVE('',#2564,#2596,#2598,.T.);
#2596 = VERTEX_POINT('',#2597);
#2597 = CARTESIAN_POINT('',(0.95,3.49,0.64));
#2598 = LINE('',#2599,#2600);
#2599 = CARTESIAN_POINT('',(0.95,4.13,0.64));
#2600 = VECTOR('',#2601,1.);
#2601 = DIRECTION('',(0.,-1.,0.));
#2602 = ORIENTED_EDGE('',*,*,#2603,.T.);
#2603 = EDGE_CURVE('',#2596,#612,#2604,.T.);
#2604 = LINE('',#2605,#2606);
#2605 = CARTESIAN_POINT('',(0.95,3.49,5.551115123126E-16));
#2606 = VECTOR('',#2607,1.);
#2607 = DIRECTION('',(2.387576397043E-17,0.,1.));
#2608 = ORIENTED_EDGE('',*,*,#619,.F.);
#2609 = PLANE('',#2610);
#2610 = AXIS2_PLACEMENT_3D('',#2611,#2612,#2613);
#2611 = CARTESIAN_POINT('',(0.95,4.13,5.551115123126E-16));
#2612 = DIRECTION('',(-1.,0.,2.387576397043E-17));
#2613 = DIRECTION('',(2.387576397043E-17,0.,1.));
#2614 = ADVANCED_FACE('',(#2615),#2651,.F.);
#2615 = FACE_BOUND('',#2616,.F.);
#2616 = EDGE_LOOP('',(#2617,#2627,#2635,#2642,#2643,#2644,#2645));
#2617 = ORIENTED_EDGE('',*,*,#2618,.T.);
#2618 = EDGE_CURVE('',#2619,#2621,#2623,.T.);
#2619 = VERTEX_POINT('',#2620);
#2620 = CARTESIAN_POINT('',(3.61,3.49,0.64));
#2621 = VERTEX_POINT('',#2622);
#2622 = CARTESIAN_POINT('',(3.61,3.49,4.440892098501E-16));
#2623 = LINE('',#2624,#2625);
#2624 = CARTESIAN_POINT('',(3.61,3.49,0.64));
#2625 = VECTOR('',#2626,1.);
#2626 = DIRECTION('',(0.,0.,-1.));
#2627 = ORIENTED_EDGE('',*,*,#2628,.T.);
#2628 = EDGE_CURVE('',#2621,#2629,#2631,.T.);
#2629 = VERTEX_POINT('',#2630);
#2630 = CARTESIAN_POINT('',(1.59,3.49,4.440892098501E-16));
#2631 = LINE('',#2632,#2633);
#2632 = CARTESIAN_POINT('',(3.77,3.49,5.551115123126E-16));
#2633 = VECTOR('',#2634,1.);
#2634 = DIRECTION('',(-1.,0.,0.));
#2635 = ORIENTED_EDGE('',*,*,#2636,.T.);
#2636 = EDGE_CURVE('',#2629,#2596,#2637,.T.);
#2637 = CIRCLE('',#2638,0.64);
#2638 = AXIS2_PLACEMENT_3D('',#2639,#2640,#2641);
#2639 = CARTESIAN_POINT('',(1.59,3.49,0.64));
#2640 = DIRECTION('',(0.,1.,0.));
#2641 = DIRECTION('',(0.,0.,-1.));
#2642 = ORIENTED_EDGE('',*,*,#2603,.T.);
#2643 = ORIENTED_EDGE('',*,*,#611,.F.);
#2644 = ORIENTED_EDGE('',*,*,#2523,.T.);
#2645 = ORIENTED_EDGE('',*,*,#2646,.T.);
#2646 = EDGE_CURVE('',#2524,#2619,#2647,.T.);
#2647 = LINE('',#2648,#2649);
#2648 = CARTESIAN_POINT('',(1.59,3.49,0.64));
#2649 = VECTOR('',#2650,1.);
#2650 = DIRECTION('',(1.,0.,0.));
#2651 = PLANE('',#2652);
#2652 = AXIS2_PLACEMENT_3D('',#2653,#2654,#2655);
#2653 = CARTESIAN_POINT('',(1.581171617162,3.49,3.871171617162));
#2654 = DIRECTION('',(-4.047975610096E-31,1.,-5.41076637671E-32));
#2655 = DIRECTION('',(1.,4.047975610096E-31,0.));
#2656 = ADVANCED_FACE('',(#2657),#2682,.T.);
#2657 = FACE_BOUND('',#2658,.T.);
#2658 = EDGE_LOOP('',(#2659,#2667,#2675,#2681));
#2659 = ORIENTED_EDGE('',*,*,#2660,.F.);
#2660 = EDGE_CURVE('',#2661,#831,#2663,.T.);
#2661 = VERTEX_POINT('',#2662);
#2662 = CARTESIAN_POINT('',(1.59,1.59,9.14));
#2663 = LINE('',#2664,#2665);
#2664 = CARTESIAN_POINT('',(1.59,1.59,9.3));
#2665 = VECTOR('',#2666,1.);
#2666 = DIRECTION('',(0.,0.,-1.));
#2667 = ORIENTED_EDGE('',*,*,#2668,.T.);
#2668 = EDGE_CURVE('',#2661,#2669,#2671,.T.);
#2669 = VERTEX_POINT('',#2670);
#2670 = CARTESIAN_POINT('',(1.59,0.95,9.14));
#2671 = LINE('',#2672,#2673);
#2672 = CARTESIAN_POINT('',(1.59,1.59,9.14));
#2673 = VECTOR('',#2674,1.);
#2674 = DIRECTION('',(0.,-1.,0.));
#2675 = ORIENTED_EDGE('',*,*,#2676,.T.);
#2676 = EDGE_CURVE('',#2669,#829,#2677,.T.);
#2677 = LINE('',#2678,#2679);
#2678 = CARTESIAN_POINT('',(1.59,0.95,9.3));
#2679 = VECTOR('',#2680,1.);
#2680 = DIRECTION('',(0.,0.,-1.));
#2681 = ORIENTED_EDGE('',*,*,#828,.T.);
#2682 = PLANE('',#2683);
#2683 = AXIS2_PLACEMENT_3D('',#2684,#2685,#2686);
#2684 = CARTESIAN_POINT('',(1.59,1.59,9.3));
#2685 = DIRECTION('',(1.,0.,0.));
#2686 = DIRECTION('',(0.,0.,-1.));
#2687 = ADVANCED_FACE('',(#2688),#2706,.T.);
#2688 = FACE_BOUND('',#2689,.T.);
#2689 = EDGE_LOOP('',(#2690,#2691,#2699,#2705));
#2690 = ORIENTED_EDGE('',*,*,#854,.T.);
#2691 = ORIENTED_EDGE('',*,*,#2692,.T.);
#2692 = EDGE_CURVE('',#847,#2693,#2695,.T.);
#2693 = VERTEX_POINT('',#2694);
#2694 = CARTESIAN_POINT('',(0.95,1.59,9.14));
#2695 = LINE('',#2696,#2697);
#2696 = CARTESIAN_POINT('',(0.95,1.59,5.551115123126E-16));
#2697 = VECTOR('',#2698,1.);
#2698 = DIRECTION('',(2.387576397043E-17,0.,1.));
#2699 = ORIENTED_EDGE('',*,*,#2700,.T.);
#2700 = EDGE_CURVE('',#2693,#2661,#2701,.T.);
#2701 = LINE('',#2702,#2703);
#2702 = CARTESIAN_POINT('',(0.95,1.59,9.14));
#2703 = VECTOR('',#2704,1.);
#2704 = DIRECTION('',(1.,0.,0.));
#2705 = ORIENTED_EDGE('',*,*,#2660,.T.);
#2706 = PLANE('',#2707);
#2707 = AXIS2_PLACEMENT_3D('',#2708,#2709,#2710);
#2708 = CARTESIAN_POINT('',(1.581171617162,1.59,3.871171617162));
#2709 = DIRECTION('',(-4.047975610096E-31,1.,-5.41076637671E-32));
#2710 = DIRECTION('',(1.,4.047975610096E-31,0.));
#2711 = ADVANCED_FACE('',(#2712),#2730,.T.);
#2712 = FACE_BOUND('',#2713,.T.);
#2713 = EDGE_LOOP('',(#2714,#2715,#2716,#2724));
#2714 = ORIENTED_EDGE('',*,*,#2692,.F.);
#2715 = ORIENTED_EDGE('',*,*,#846,.T.);
#2716 = ORIENTED_EDGE('',*,*,#2717,.T.);
#2717 = EDGE_CURVE('',#839,#2718,#2720,.T.);
#2718 = VERTEX_POINT('',#2719);
#2719 = CARTESIAN_POINT('',(0.95,0.95,9.14));
#2720 = LINE('',#2721,#2722);
#2721 = CARTESIAN_POINT('',(0.95,0.95,5.551115123126E-16));
#2722 = VECTOR('',#2723,1.);
#2723 = DIRECTION('',(2.387576397043E-17,0.,1.));
#2724 = ORIENTED_EDGE('',*,*,#2725,.F.);
#2725 = EDGE_CURVE('',#2693,#2718,#2726,.T.);
#2726 = LINE('',#2727,#2728);
#2727 = CARTESIAN_POINT('',(0.95,1.59,9.14));
#2728 = VECTOR('',#2729,1.);
#2729 = DIRECTION('',(0.,-1.,0.));
#2730 = PLANE('',#2731);
#2731 = AXIS2_PLACEMENT_3D('',#2732,#2733,#2734);
#2732 = CARTESIAN_POINT('',(0.95,1.59,5.551115123126E-16));
#2733 = DIRECTION('',(-1.,0.,2.387576397043E-17));
#2734 = DIRECTION('',(2.387576397043E-17,0.,1.));
#2735 = ADVANCED_FACE('',(#2736),#2747,.F.);
#2736 = FACE_BOUND('',#2737,.F.);
#2737 = EDGE_LOOP('',(#2738,#2739,#2740,#2746));
#2738 = ORIENTED_EDGE('',*,*,#838,.T.);
#2739 = ORIENTED_EDGE('',*,*,#2717,.T.);
#2740 = ORIENTED_EDGE('',*,*,#2741,.T.);
#2741 = EDGE_CURVE('',#2718,#2669,#2742,.T.);
#2742 = LINE('',#2743,#2744);
#2743 = CARTESIAN_POINT('',(0.95,0.95,9.14));
#2744 = VECTOR('',#2745,1.);
#2745 = DIRECTION('',(1.,0.,0.));
#2746 = ORIENTED_EDGE('',*,*,#2676,.T.);
#2747 = PLANE('',#2748);
#2748 = AXIS2_PLACEMENT_3D('',#2749,#2750,#2751);
#2749 = CARTESIAN_POINT('',(1.581171617162,0.95,3.871171617162));
#2750 = DIRECTION('',(-4.047975610096E-31,1.,-5.41076637671E-32));
#2751 = DIRECTION('',(1.,4.047975610096E-31,0.));
#2752 = ADVANCED_FACE('',(#2753),#2778,.T.);
#2753 = FACE_BOUND('',#2754,.T.);
#2754 = EDGE_LOOP('',(#2755,#2756,#2764,#2772));
#2755 = ORIENTED_EDGE('',*,*,#862,.T.);
#2756 = ORIENTED_EDGE('',*,*,#2757,.T.);
#2757 = EDGE_CURVE('',#865,#2758,#2760,.T.);
#2758 = VERTEX_POINT('',#2759);
#2759 = CARTESIAN_POINT('',(-0.95,0.95,9.14));
#2760 = LINE('',#2761,#2762);
#2761 = CARTESIAN_POINT('',(-0.95,0.95,5.551115123126E-16));
#2762 = VECTOR('',#2763,1.);
#2763 = DIRECTION('',(-2.387576397043E-17,0.,1.));
#2764 = ORIENTED_EDGE('',*,*,#2765,.T.);
#2765 = EDGE_CURVE('',#2758,#2766,#2768,.T.);
#2766 = VERTEX_POINT('',#2767);
#2767 = CARTESIAN_POINT('',(-1.59,0.95,9.14));
#2768 = LINE('',#2769,#2770);
#2769 = CARTESIAN_POINT('',(-0.95,0.95,9.14));
#2770 = VECTOR('',#2771,1.);
#2771 = DIRECTION('',(-1.,0.,0.));
#2772 = ORIENTED_EDGE('',*,*,#2773,.T.);
#2773 = EDGE_CURVE('',#2766,#863,#2774,.T.);
#2774 = LINE('',#2775,#2776);
#2775 = CARTESIAN_POINT('',(-1.59,0.95,9.3));
#2776 = VECTOR('',#2777,1.);
#2777 = DIRECTION('',(0.,0.,-1.));
#2778 = PLANE('',#2779);
#2779 = AXIS2_PLACEMENT_3D('',#2780,#2781,#2782);
#2780 = CARTESIAN_POINT('',(-1.581171617162,0.95,3.871171617162));
#2781 = DIRECTION('',(-4.047975610096E-31,-1.,5.41076637671E-32));
#2782 = DIRECTION('',(-1.,4.047975610096E-31,0.));
#2783 = ADVANCED_FACE('',(#2784),#2802,.F.);
#2784 = FACE_BOUND('',#2785,.F.);
#2785 = EDGE_LOOP('',(#2786,#2794,#2795,#2796));
#2786 = ORIENTED_EDGE('',*,*,#2787,.F.);
#2787 = EDGE_CURVE('',#881,#2788,#2790,.T.);
#2788 = VERTEX_POINT('',#2789);
#2789 = CARTESIAN_POINT('',(-0.95,1.59,9.14));
#2790 = LINE('',#2791,#2792);
#2791 = CARTESIAN_POINT('',(-0.95,1.59,5.551115123126E-16));
#2792 = VECTOR('',#2793,1.);
#2793 = DIRECTION('',(-2.387576397043E-17,0.,1.));
#2794 = ORIENTED_EDGE('',*,*,#888,.T.);
#2795 = ORIENTED_EDGE('',*,*,#2757,.T.);
#2796 = ORIENTED_EDGE('',*,*,#2797,.F.);
#2797 = EDGE_CURVE('',#2788,#2758,#2798,.T.);
#2798 = LINE('',#2799,#2800);
#2799 = CARTESIAN_POINT('',(-0.95,1.59,9.14));
#2800 = VECTOR('',#2801,1.);
#2801 = DIRECTION('',(0.,-1.,0.));
#2802 = PLANE('',#2803);
#2803 = AXIS2_PLACEMENT_3D('',#2804,#2805,#2806);
#2804 = CARTESIAN_POINT('',(-0.95,1.59,5.551115123126E-16));
#2805 = DIRECTION('',(-1.,-0.,-2.387576397043E-17));
#2806 = DIRECTION('',(-2.387576397043E-17,0.,1.));
#2807 = ADVANCED_FACE('',(#2808),#2826,.F.);
#2808 = FACE_BOUND('',#2809,.F.);
#2809 = EDGE_LOOP('',(#2810,#2811,#2812,#2820));
#2810 = ORIENTED_EDGE('',*,*,#880,.T.);
#2811 = ORIENTED_EDGE('',*,*,#2787,.T.);
#2812 = ORIENTED_EDGE('',*,*,#2813,.T.);
#2813 = EDGE_CURVE('',#2788,#2814,#2816,.T.);
#2814 = VERTEX_POINT('',#2815);
#2815 = CARTESIAN_POINT('',(-1.59,1.59,9.14));
#2816 = LINE('',#2817,#2818);
#2817 = CARTESIAN_POINT('',(-0.95,1.59,9.14));
#2818 = VECTOR('',#2819,1.);
#2819 = DIRECTION('',(-1.,0.,0.));
#2820 = ORIENTED_EDGE('',*,*,#2821,.T.);
#2821 = EDGE_CURVE('',#2814,#873,#2822,.T.);
#2822 = LINE('',#2823,#2824);
#2823 = CARTESIAN_POINT('',(-1.59,1.59,9.3));
#2824 = VECTOR('',#2825,1.);
#2825 = DIRECTION('',(0.,0.,-1.));
#2826 = PLANE('',#2827);
#2827 = AXIS2_PLACEMENT_3D('',#2828,#2829,#2830);
#2828 = CARTESIAN_POINT('',(-1.581171617162,1.59,3.871171617162));
#2829 = DIRECTION('',(-4.047975610096E-31,-1.,5.41076637671E-32));
#2830 = DIRECTION('',(-1.,4.047975610096E-31,0.));
#2831 = ADVANCED_FACE('',(#2832),#2843,.F.);
#2832 = FACE_BOUND('',#2833,.F.);
#2833 = EDGE_LOOP('',(#2834,#2835,#2841,#2842));
#2834 = ORIENTED_EDGE('',*,*,#2821,.F.);
#2835 = ORIENTED_EDGE('',*,*,#2836,.T.);
#2836 = EDGE_CURVE('',#2814,#2766,#2837,.T.);
#2837 = LINE('',#2838,#2839);
#2838 = CARTESIAN_POINT('',(-1.59,1.59,9.14));
#2839 = VECTOR('',#2840,1.);
#2840 = DIRECTION('',(0.,-1.,0.));
#2841 = ORIENTED_EDGE('',*,*,#2773,.T.);
#2842 = ORIENTED_EDGE('',*,*,#872,.T.);
#2843 = PLANE('',#2844);
#2844 = AXIS2_PLACEMENT_3D('',#2845,#2846,#2847);
#2845 = CARTESIAN_POINT('',(-1.59,1.59,9.3));
#2846 = DIRECTION('',(1.,0.,0.));
#2847 = DIRECTION('',(0.,0.,-1.));
#2848 = ADVANCED_FACE('',(#2849),#2874,.F.);
#2849 = FACE_BOUND('',#2850,.F.);
#2850 = EDGE_LOOP('',(#2851,#2859,#2867,#2873));
#2851 = ORIENTED_EDGE('',*,*,#2852,.F.);
#2852 = EDGE_CURVE('',#2853,#899,#2855,.T.);
#2853 = VERTEX_POINT('',#2854);
#2854 = CARTESIAN_POINT('',(-1.59,-3.49,9.14));
#2855 = LINE('',#2856,#2857);
#2856 = CARTESIAN_POINT('',(-1.59,-3.49,9.3));
#2857 = VECTOR('',#2858,1.);
#2858 = DIRECTION('',(0.,0.,-1.));
#2859 = ORIENTED_EDGE('',*,*,#2860,.T.);
#2860 = EDGE_CURVE('',#2853,#2861,#2863,.T.);
#2861 = VERTEX_POINT('',#2862);
#2862 = CARTESIAN_POINT('',(-1.59,-4.13,9.14));
#2863 = LINE('',#2864,#2865);
#2864 = CARTESIAN_POINT('',(-1.59,-3.49,9.14));
#2865 = VECTOR('',#2866,1.);
#2866 = DIRECTION('',(0.,-1.,0.));
#2867 = ORIENTED_EDGE('',*,*,#2868,.T.);
#2868 = EDGE_CURVE('',#2861,#897,#2869,.T.);
#2869 = LINE('',#2870,#2871);
#2870 = CARTESIAN_POINT('',(-1.59,-4.13,9.3));
#2871 = VECTOR('',#2872,1.);
#2872 = DIRECTION('',(0.,0.,-1.));
#2873 = ORIENTED_EDGE('',*,*,#896,.T.);
#2874 = PLANE('',#2875);
#2875 = AXIS2_PLACEMENT_3D('',#2876,#2877,#2878);
#2876 = CARTESIAN_POINT('',(-1.59,-3.49,9.3));
#2877 = DIRECTION('',(1.,0.,0.));
#2878 = DIRECTION('',(0.,0.,-1.));
#2879 = ADVANCED_FACE('',(#2880),#2898,.T.);
#2880 = FACE_BOUND('',#2881,.T.);
#2881 = EDGE_LOOP('',(#2882,#2883,#2891,#2897));
#2882 = ORIENTED_EDGE('',*,*,#922,.T.);
#2883 = ORIENTED_EDGE('',*,*,#2884,.T.);
#2884 = EDGE_CURVE('',#915,#2885,#2887,.T.);
#2885 = VERTEX_POINT('',#2886);
#2886 = CARTESIAN_POINT('',(-0.95,-4.13,9.14));
#2887 = LINE('',#2888,#2889);
#2888 = CARTESIAN_POINT('',(-0.95,-4.13,5.551115123126E-16));
#2889 = VECTOR('',#2890,1.);
#2890 = DIRECTION('',(-2.387576397043E-17,0.,1.));
#2891 = ORIENTED_EDGE('',*,*,#2892,.T.);
#2892 = EDGE_CURVE('',#2885,#2861,#2893,.T.);
#2893 = LINE('',#2894,#2895);
#2894 = CARTESIAN_POINT('',(-0.95,-4.13,9.14));
#2895 = VECTOR('',#2896,1.);
#2896 = DIRECTION('',(-1.,0.,0.));
#2897 = ORIENTED_EDGE('',*,*,#2868,.T.);
#2898 = PLANE('',#2899);
#2899 = AXIS2_PLACEMENT_3D('',#2900,#2901,#2902);
#2900 = CARTESIAN_POINT('',(-1.581171617162,-4.13,3.871171617162));
#2901 = DIRECTION('',(-4.047975610096E-31,-1.,5.41076637671E-32));
#2902 = DIRECTION('',(-1.,4.047975610096E-31,0.));
#2903 = ADVANCED_FACE('',(#2904),#2922,.F.);
#2904 = FACE_BOUND('',#2905,.F.);
#2905 = EDGE_LOOP('',(#2906,#2914,#2915,#2916));
#2906 = ORIENTED_EDGE('',*,*,#2907,.F.);
#2907 = EDGE_CURVE('',#907,#2908,#2910,.T.);
#2908 = VERTEX_POINT('',#2909);
#2909 = CARTESIAN_POINT('',(-0.95,-3.49,9.14));
#2910 = LINE('',#2911,#2912);
#2911 = CARTESIAN_POINT('',(-0.95,-3.49,5.551115123126E-16));
#2912 = VECTOR('',#2913,1.);
#2913 = DIRECTION('',(-2.387576397043E-17,0.,1.));
#2914 = ORIENTED_EDGE('',*,*,#914,.T.);
#2915 = ORIENTED_EDGE('',*,*,#2884,.T.);
#2916 = ORIENTED_EDGE('',*,*,#2917,.F.);
#2917 = EDGE_CURVE('',#2908,#2885,#2918,.T.);
#2918 = LINE('',#2919,#2920);
#2919 = CARTESIAN_POINT('',(-0.95,-3.49,9.14));
#2920 = VECTOR('',#2921,1.);
#2921 = DIRECTION('',(0.,-1.,0.));
#2922 = PLANE('',#2923);
#2923 = AXIS2_PLACEMENT_3D('',#2924,#2925,#2926);
#2924 = CARTESIAN_POINT('',(-0.95,-3.49,5.551115123126E-16));
#2925 = DIRECTION('',(-1.,-0.,-2.387576397043E-17));
#2926 = DIRECTION('',(-2.387576397043E-17,0.,1.));
#2927 = ADVANCED_FACE('',(#2928),#2939,.F.);
#2928 = FACE_BOUND('',#2929,.F.);
#2929 = EDGE_LOOP('',(#2930,#2931,#2932,#2938));
#2930 = ORIENTED_EDGE('',*,*,#906,.T.);
#2931 = ORIENTED_EDGE('',*,*,#2907,.T.);
#2932 = ORIENTED_EDGE('',*,*,#2933,.T.);
#2933 = EDGE_CURVE('',#2908,#2853,#2934,.T.);
#2934 = LINE('',#2935,#2936);
#2935 = CARTESIAN_POINT('',(-0.95,-3.49,9.14));
#2936 = VECTOR('',#2937,1.);
#2937 = DIRECTION('',(-1.,0.,0.));
#2938 = ORIENTED_EDGE('',*,*,#2852,.T.);
#2939 = PLANE('',#2940);
#2940 = AXIS2_PLACEMENT_3D('',#2941,#2942,#2943);
#2941 = CARTESIAN_POINT('',(-1.581171617162,-3.49,3.871171617162));
#2942 = DIRECTION('',(-4.047975610096E-31,-1.,5.41076637671E-32));
#2943 = DIRECTION('',(-1.,4.047975610096E-31,0.));
#2944 = ADVANCED_FACE('',(#2945),#2970,.T.);
#2945 = FACE_BOUND('',#2946,.T.);
#2946 = EDGE_LOOP('',(#2947,#2948,#2956,#2964));
#2947 = ORIENTED_EDGE('',*,*,#930,.T.);
#2948 = ORIENTED_EDGE('',*,*,#2949,.T.);
#2949 = EDGE_CURVE('',#933,#2950,#2952,.T.);
#2950 = VERTEX_POINT('',#2951);
#2951 = CARTESIAN_POINT('',(0.95,-3.49,9.14));
#2952 = LINE('',#2953,#2954);
#2953 = CARTESIAN_POINT('',(0.95,-3.49,5.551115123126E-16));
#2954 = VECTOR('',#2955,1.);
#2955 = DIRECTION('',(2.387576397043E-17,0.,1.));
#2956 = ORIENTED_EDGE('',*,*,#2957,.T.);
#2957 = EDGE_CURVE('',#2950,#2958,#2960,.T.);
#2958 = VERTEX_POINT('',#2959);
#2959 = CARTESIAN_POINT('',(1.59,-3.49,9.14));
#2960 = LINE('',#2961,#2962);
#2961 = CARTESIAN_POINT('',(0.95,-3.49,9.14));
#2962 = VECTOR('',#2963,1.);
#2963 = DIRECTION('',(1.,0.,0.));
#2964 = ORIENTED_EDGE('',*,*,#2965,.T.);
#2965 = EDGE_CURVE('',#2958,#931,#2966,.T.);
#2966 = LINE('',#2967,#2968);
#2967 = CARTESIAN_POINT('',(1.59,-3.49,9.3));
#2968 = VECTOR('',#2969,1.);
#2969 = DIRECTION('',(0.,0.,-1.));
#2970 = PLANE('',#2971);
#2971 = AXIS2_PLACEMENT_3D('',#2972,#2973,#2974);
#2972 = CARTESIAN_POINT('',(1.581171617162,-3.49,3.871171617162));
#2973 = DIRECTION('',(-4.047975610096E-31,1.,-5.41076637671E-32));
#2974 = DIRECTION('',(1.,4.047975610096E-31,0.));
#2975 = ADVANCED_FACE('',(#2976),#2994,.T.);
#2976 = FACE_BOUND('',#2977,.T.);
#2977 = EDGE_LOOP('',(#2978,#2979,#2980,#2988));
#2978 = ORIENTED_EDGE('',*,*,#2949,.F.);
#2979 = ORIENTED_EDGE('',*,*,#956,.T.);
#2980 = ORIENTED_EDGE('',*,*,#2981,.T.);
#2981 = EDGE_CURVE('',#949,#2982,#2984,.T.);
#2982 = VERTEX_POINT('',#2983);
#2983 = CARTESIAN_POINT('',(0.95,-4.13,9.14));
#2984 = LINE('',#2985,#2986);
#2985 = CARTESIAN_POINT('',(0.95,-4.13,5.551115123126E-16));
#2986 = VECTOR('',#2987,1.);
#2987 = DIRECTION('',(2.387576397043E-17,0.,1.));
#2988 = ORIENTED_EDGE('',*,*,#2989,.F.);
#2989 = EDGE_CURVE('',#2950,#2982,#2990,.T.);
#2990 = LINE('',#2991,#2992);
#2991 = CARTESIAN_POINT('',(0.95,-3.49,9.14));
#2992 = VECTOR('',#2993,1.);
#2993 = DIRECTION('',(0.,-1.,0.));
#2994 = PLANE('',#2995);
#2995 = AXIS2_PLACEMENT_3D('',#2996,#2997,#2998);
#2996 = CARTESIAN_POINT('',(0.95,-3.49,5.551115123126E-16));
#2997 = DIRECTION('',(-1.,0.,2.387576397043E-17));
#2998 = DIRECTION('',(2.387576397043E-17,0.,1.));
#2999 = ADVANCED_FACE('',(#3000),#3018,.F.);
#3000 = FACE_BOUND('',#3001,.F.);
#3001 = EDGE_LOOP('',(#3002,#3003,#3004,#3012));
#3002 = ORIENTED_EDGE('',*,*,#948,.T.);
#3003 = ORIENTED_EDGE('',*,*,#2981,.T.);
#3004 = ORIENTED_EDGE('',*,*,#3005,.T.);
#3005 = EDGE_CURVE('',#2982,#3006,#3008,.T.);
#3006 = VERTEX_POINT('',#3007);
#3007 = CARTESIAN_POINT('',(1.59,-4.13,9.14));
#3008 = LINE('',#3009,#3010);
#3009 = CARTESIAN_POINT('',(0.95,-4.13,9.14));
#3010 = VECTOR('',#3011,1.);
#3011 = DIRECTION('',(1.,0.,0.));
#3012 = ORIENTED_EDGE('',*,*,#3013,.T.);
#3013 = EDGE_CURVE('',#3006,#941,#3014,.T.);
#3014 = LINE('',#3015,#3016);
#3015 = CARTESIAN_POINT('',(1.59,-4.13,9.3));
#3016 = VECTOR('',#3017,1.);
#3017 = DIRECTION('',(0.,0.,-1.));
#3018 = PLANE('',#3019);
#3019 = AXIS2_PLACEMENT_3D('',#3020,#3021,#3022);
#3020 = CARTESIAN_POINT('',(1.581171617162,-4.13,3.871171617162));
#3021 = DIRECTION('',(-4.047975610096E-31,1.,-5.41076637671E-32));
#3022 = DIRECTION('',(1.,4.047975610096E-31,0.));
#3023 = ADVANCED_FACE('',(#3024),#3035,.T.);
#3024 = FACE_BOUND('',#3025,.T.);
#3025 = EDGE_LOOP('',(#3026,#3027,#3033,#3034));
#3026 = ORIENTED_EDGE('',*,*,#2965,.F.);
#3027 = ORIENTED_EDGE('',*,*,#3028,.T.);
#3028 = EDGE_CURVE('',#2958,#3006,#3029,.T.);
#3029 = LINE('',#3030,#3031);
#3030 = CARTESIAN_POINT('',(1.59,-3.49,9.14));
#3031 = VECTOR('',#3032,1.);
#3032 = DIRECTION('',(0.,-1.,0.));
#3033 = ORIENTED_EDGE('',*,*,#3013,.T.);
#3034 = ORIENTED_EDGE('',*,*,#940,.T.);
#3035 = PLANE('',#3036);
#3036 = AXIS2_PLACEMENT_3D('',#3037,#3038,#3039);
#3037 = CARTESIAN_POINT('',(1.59,-3.49,9.3));
#3038 = DIRECTION('',(1.,0.,0.));
#3039 = DIRECTION('',(0.,0.,-1.));
#3040 = ADVANCED_FACE('',(#3041),#3066,.T.);
#3041 = FACE_BOUND('',#3042,.T.);
#3042 = EDGE_LOOP('',(#3043,#3051,#3059,#3065));
#3043 = ORIENTED_EDGE('',*,*,#3044,.F.);
#3044 = EDGE_CURVE('',#3045,#967,#3047,.T.);
#3045 = VERTEX_POINT('',#3046);
#3046 = CARTESIAN_POINT('',(1.59,-0.95,9.14));
#3047 = LINE('',#3048,#3049);
#3048 = CARTESIAN_POINT('',(1.59,-0.95,9.3));
#3049 = VECTOR('',#3050,1.);
#3050 = DIRECTION('',(0.,0.,-1.));
#3051 = ORIENTED_EDGE('',*,*,#3052,.T.);
#3052 = EDGE_CURVE('',#3045,#3053,#3055,.T.);
#3053 = VERTEX_POINT('',#3054);
#3054 = CARTESIAN_POINT('',(1.59,-1.59,9.14));
#3055 = LINE('',#3056,#3057);
#3056 = CARTESIAN_POINT('',(1.59,-0.95,9.14));
#3057 = VECTOR('',#3058,1.);
#3058 = DIRECTION('',(0.,-1.,0.));
#3059 = ORIENTED_EDGE('',*,*,#3060,.T.);
#3060 = EDGE_CURVE('',#3053,#965,#3061,.T.);
#3061 = LINE('',#3062,#3063);
#3062 = CARTESIAN_POINT('',(1.59,-1.59,9.3));
#3063 = VECTOR('',#3064,1.);
#3064 = DIRECTION('',(0.,0.,-1.));
#3065 = ORIENTED_EDGE('',*,*,#964,.T.);
#3066 = PLANE('',#3067);
#3067 = AXIS2_PLACEMENT_3D('',#3068,#3069,#3070);
#3068 = CARTESIAN_POINT('',(1.59,-0.95,9.3));
#3069 = DIRECTION('',(1.,0.,0.));
#3070 = DIRECTION('',(0.,0.,-1.));
#3071 = ADVANCED_FACE('',(#3072),#3090,.T.);
#3072 = FACE_BOUND('',#3073,.T.);
#3073 = EDGE_LOOP('',(#3074,#3075,#3083,#3089));
#3074 = ORIENTED_EDGE('',*,*,#990,.T.);
#3075 = ORIENTED_EDGE('',*,*,#3076,.T.);
#3076 = EDGE_CURVE('',#983,#3077,#3079,.T.);
#3077 = VERTEX_POINT('',#3078);
#3078 = CARTESIAN_POINT('',(0.95,-0.95,9.14));
#3079 = LINE('',#3080,#3081);
#3080 = CARTESIAN_POINT('',(0.95,-0.95,5.551115123126E-16));
#3081 = VECTOR('',#3082,1.);
#3082 = DIRECTION('',(2.387576397043E-17,0.,1.));
#3083 = ORIENTED_EDGE('',*,*,#3084,.T.);
#3084 = EDGE_CURVE('',#3077,#3045,#3085,.T.);
#3085 = LINE('',#3086,#3087);
#3086 = CARTESIAN_POINT('',(0.95,-0.95,9.14));
#3087 = VECTOR('',#3088,1.);
#3088 = DIRECTION('',(1.,0.,0.));
#3089 = ORIENTED_EDGE('',*,*,#3044,.T.);
#3090 = PLANE('',#3091);
#3091 = AXIS2_PLACEMENT_3D('',#3092,#3093,#3094);
#3092 = CARTESIAN_POINT('',(1.581171617162,-0.95,3.871171617162));
#3093 = DIRECTION('',(-4.047975610096E-31,1.,-5.41076637671E-32));
#3094 = DIRECTION('',(1.,4.047975610096E-31,0.));
#3095 = ADVANCED_FACE('',(#3096),#3114,.T.);
#3096 = FACE_BOUND('',#3097,.T.);
#3097 = EDGE_LOOP('',(#3098,#3099,#3100,#3108));
#3098 = ORIENTED_EDGE('',*,*,#3076,.F.);
#3099 = ORIENTED_EDGE('',*,*,#982,.T.);
#3100 = ORIENTED_EDGE('',*,*,#3101,.T.);
#3101 = EDGE_CURVE('',#975,#3102,#3104,.T.);
#3102 = VERTEX_POINT('',#3103);
#3103 = CARTESIAN_POINT('',(0.95,-1.59,9.14));
#3104 = LINE('',#3105,#3106);
#3105 = CARTESIAN_POINT('',(0.95,-1.59,5.551115123126E-16));
#3106 = VECTOR('',#3107,1.);
#3107 = DIRECTION('',(2.387576397043E-17,0.,1.));
#3108 = ORIENTED_EDGE('',*,*,#3109,.F.);
#3109 = EDGE_CURVE('',#3077,#3102,#3110,.T.);
#3110 = LINE('',#3111,#3112);
#3111 = CARTESIAN_POINT('',(0.95,-0.95,9.14));
#3112 = VECTOR('',#3113,1.);
#3113 = DIRECTION('',(0.,-1.,0.));
#3114 = PLANE('',#3115);
#3115 = AXIS2_PLACEMENT_3D('',#3116,#3117,#3118);
#3116 = CARTESIAN_POINT('',(0.95,-0.95,5.551115123126E-16));
#3117 = DIRECTION('',(-1.,0.,2.387576397043E-17));
#3118 = DIRECTION('',(2.387576397043E-17,0.,1.));
#3119 = ADVANCED_FACE('',(#3120),#3131,.F.);
#3120 = FACE_BOUND('',#3121,.F.);
#3121 = EDGE_LOOP('',(#3122,#3123,#3124,#3130));
#3122 = ORIENTED_EDGE('',*,*,#974,.T.);
#3123 = ORIENTED_EDGE('',*,*,#3101,.T.);
#3124 = ORIENTED_EDGE('',*,*,#3125,.T.);
#3125 = EDGE_CURVE('',#3102,#3053,#3126,.T.);
#3126 = LINE('',#3127,#3128);
#3127 = CARTESIAN_POINT('',(0.95,-1.59,9.14));
#3128 = VECTOR('',#3129,1.);
#3129 = DIRECTION('',(1.,0.,0.));
#3130 = ORIENTED_EDGE('',*,*,#3060,.T.);
#3131 = PLANE('',#3132);
#3132 = AXIS2_PLACEMENT_3D('',#3133,#3134,#3135);
#3133 = CARTESIAN_POINT('',(1.581171617162,-1.59,3.871171617162));
#3134 = DIRECTION('',(-4.047975610096E-31,1.,-5.41076637671E-32));
#3135 = DIRECTION('',(1.,4.047975610096E-31,0.));
#3136 = ADVANCED_FACE('',(#3137),#3162,.F.);
#3137 = FACE_BOUND('',#3138,.F.);
#3138 = EDGE_LOOP('',(#3139,#3140,#3148,#3156));
#3139 = ORIENTED_EDGE('',*,*,#998,.T.);
#3140 = ORIENTED_EDGE('',*,*,#3141,.T.);
#3141 = EDGE_CURVE('',#1001,#3142,#3144,.T.);
#3142 = VERTEX_POINT('',#3143);
#3143 = CARTESIAN_POINT('',(-0.95,-0.95,9.14));
#3144 = LINE('',#3145,#3146);
#3145 = CARTESIAN_POINT('',(-0.95,-0.95,5.551115123126E-16));
#3146 = VECTOR('',#3147,1.);
#3147 = DIRECTION('',(-2.387576397043E-17,0.,1.));
#3148 = ORIENTED_EDGE('',*,*,#3149,.T.);
#3149 = EDGE_CURVE('',#3142,#3150,#3152,.T.);
#3150 = VERTEX_POINT('',#3151);
#3151 = CARTESIAN_POINT('',(-1.59,-0.95,9.14));
#3152 = LINE('',#3153,#3154);
#3153 = CARTESIAN_POINT('',(-0.95,-0.95,9.14));
#3154 = VECTOR('',#3155,1.);
#3155 = DIRECTION('',(-1.,0.,0.));
#3156 = ORIENTED_EDGE('',*,*,#3157,.T.);
#3157 = EDGE_CURVE('',#3150,#999,#3158,.T.);
#3158 = LINE('',#3159,#3160);
#3159 = CARTESIAN_POINT('',(-1.59,-0.95,9.3));
#3160 = VECTOR('',#3161,1.);
#3161 = DIRECTION('',(0.,0.,-1.));
#3162 = PLANE('',#3163);
#3163 = AXIS2_PLACEMENT_3D('',#3164,#3165,#3166);
#3164 = CARTESIAN_POINT('',(-1.581171617162,-0.95,3.871171617162));
#3165 = DIRECTION('',(-4.047975610096E-31,-1.,5.41076637671E-32));
#3166 = DIRECTION('',(-1.,4.047975610096E-31,0.));
#3167 = ADVANCED_FACE('',(#3168),#3186,.F.);
#3168 = FACE_BOUND('',#3169,.F.);
#3169 = EDGE_LOOP('',(#3170,#3171,#3179,#3185));
#3170 = ORIENTED_EDGE('',*,*,#3157,.F.);
#3171 = ORIENTED_EDGE('',*,*,#3172,.T.);
#3172 = EDGE_CURVE('',#3150,#3173,#3175,.T.);
#3173 = VERTEX_POINT('',#3174);
#3174 = CARTESIAN_POINT('',(-1.59,-1.59,9.14));
#3175 = LINE('',#3176,#3177);
#3176 = CARTESIAN_POINT('',(-1.59,-0.95,9.14));
#3177 = VECTOR('',#3178,1.);
#3178 = DIRECTION('',(0.,-1.,0.));
#3179 = ORIENTED_EDGE('',*,*,#3180,.T.);
#3180 = EDGE_CURVE('',#3173,#1017,#3181,.T.);
#3181 = LINE('',#3182,#3183);
#3182 = CARTESIAN_POINT('',(-1.59,-1.59,9.3));
#3183 = VECTOR('',#3184,1.);
#3184 = DIRECTION('',(0.,0.,-1.));
#3185 = ORIENTED_EDGE('',*,*,#1024,.T.);
#3186 = PLANE('',#3187);
#3187 = AXIS2_PLACEMENT_3D('',#3188,#3189,#3190);
#3188 = CARTESIAN_POINT('',(-1.59,-0.95,9.3));
#3189 = DIRECTION('',(1.,0.,0.));
#3190 = DIRECTION('',(0.,0.,-1.));
#3191 = ADVANCED_FACE('',(#3192),#3210,.T.);
#3192 = FACE_BOUND('',#3193,.T.);
#3193 = EDGE_LOOP('',(#3194,#3195,#3203,#3209));
#3194 = ORIENTED_EDGE('',*,*,#1016,.T.);
#3195 = ORIENTED_EDGE('',*,*,#3196,.T.);
#3196 = EDGE_CURVE('',#1009,#3197,#3199,.T.);
#3197 = VERTEX_POINT('',#3198);
#3198 = CARTESIAN_POINT('',(-0.95,-1.59,9.14));
#3199 = LINE('',#3200,#3201);
#3200 = CARTESIAN_POINT('',(-0.95,-1.59,5.551115123126E-16));
#3201 = VECTOR('',#3202,1.);
#3202 = DIRECTION('',(-2.387576397043E-17,0.,1.));
#3203 = ORIENTED_EDGE('',*,*,#3204,.T.);
#3204 = EDGE_CURVE('',#3197,#3173,#3205,.T.);
#3205 = LINE('',#3206,#3207);
#3206 = CARTESIAN_POINT('',(-0.95,-1.59,9.14));
#3207 = VECTOR('',#3208,1.);
#3208 = DIRECTION('',(-1.,0.,0.));
#3209 = ORIENTED_EDGE('',*,*,#3180,.T.);
#3210 = PLANE('',#3211);
#3211 = AXIS2_PLACEMENT_3D('',#3212,#3213,#3214);
#3212 = CARTESIAN_POINT('',(-1.581171617162,-1.59,3.871171617162));
#3213 = DIRECTION('',(-4.047975610096E-31,-1.,5.41076637671E-32));
#3214 = DIRECTION('',(-1.,4.047975610096E-31,0.));
#3215 = ADVANCED_FACE('',(#3216),#3227,.F.);
#3216 = FACE_BOUND('',#3217,.F.);
#3217 = EDGE_LOOP('',(#3218,#3219,#3220,#3221));
#3218 = ORIENTED_EDGE('',*,*,#3141,.F.);
#3219 = ORIENTED_EDGE('',*,*,#1008,.T.);
#3220 = ORIENTED_EDGE('',*,*,#3196,.T.);
#3221 = ORIENTED_EDGE('',*,*,#3222,.F.);
#3222 = EDGE_CURVE('',#3142,#3197,#3223,.T.);
#3223 = LINE('',#3224,#3225);
#3224 = CARTESIAN_POINT('',(-0.95,-0.95,9.14));
#3225 = VECTOR('',#3226,1.);
#3226 = DIRECTION('',(0.,-1.,0.));
#3227 = PLANE('',#3228);
#3228 = AXIS2_PLACEMENT_3D('',#3229,#3230,#3231);
#3229 = CARTESIAN_POINT('',(-0.95,-0.95,5.551115123126E-16));
#3230 = DIRECTION('',(-1.,-0.,-2.387576397043E-17));
#3231 = DIRECTION('',(-2.387576397043E-17,0.,1.));
#3232 = ADVANCED_FACE('',(#3233),#3258,.F.);
#3233 = FACE_BOUND('',#3234,.F.);
#3234 = EDGE_LOOP('',(#3235,#3243,#3251,#3257));
#3235 = ORIENTED_EDGE('',*,*,#3236,.F.);
#3236 = EDGE_CURVE('',#3237,#1035,#3239,.T.);
#3237 = VERTEX_POINT('',#3238);
#3238 = CARTESIAN_POINT('',(-1.59,4.13,9.14));
#3239 = LINE('',#3240,#3241);
#3240 = CARTESIAN_POINT('',(-1.59,4.13,9.3));
#3241 = VECTOR('',#3242,1.);
#3242 = DIRECTION('',(0.,0.,-1.));
#3243 = ORIENTED_EDGE('',*,*,#3244,.T.);
#3244 = EDGE_CURVE('',#3237,#3245,#3247,.T.);
#3245 = VERTEX_POINT('',#3246);
#3246 = CARTESIAN_POINT('',(-1.59,3.49,9.14));
#3247 = LINE('',#3248,#3249);
#3248 = CARTESIAN_POINT('',(-1.59,4.13,9.14));
#3249 = VECTOR('',#3250,1.);
#3250 = DIRECTION('',(0.,-1.,0.));
#3251 = ORIENTED_EDGE('',*,*,#3252,.T.);
#3252 = EDGE_CURVE('',#3245,#1033,#3253,.T.);
#3253 = LINE('',#3254,#3255);
#3254 = CARTESIAN_POINT('',(-1.59,3.49,9.3));
#3255 = VECTOR('',#3256,1.);
#3256 = DIRECTION('',(0.,0.,-1.));
#3257 = ORIENTED_EDGE('',*,*,#1032,.T.);
#3258 = PLANE('',#3259);
#3259 = AXIS2_PLACEMENT_3D('',#3260,#3261,#3262);
#3260 = CARTESIAN_POINT('',(-1.59,4.13,9.3));
#3261 = DIRECTION('',(1.,0.,0.));
#3262 = DIRECTION('',(0.,0.,-1.));
#3263 = ADVANCED_FACE('',(#3264),#3282,.T.);
#3264 = FACE_BOUND('',#3265,.T.);
#3265 = EDGE_LOOP('',(#3266,#3267,#3275,#3281));
#3266 = ORIENTED_EDGE('',*,*,#1058,.T.);
#3267 = ORIENTED_EDGE('',*,*,#3268,.T.);
#3268 = EDGE_CURVE('',#1051,#3269,#3271,.T.);
#3269 = VERTEX_POINT('',#3270);
#3270 = CARTESIAN_POINT('',(-0.95,3.49,9.14));
#3271 = LINE('',#3272,#3273);
#3272 = CARTESIAN_POINT('',(-0.95,3.49,5.551115123126E-16));
#3273 = VECTOR('',#3274,1.);
#3274 = DIRECTION('',(-2.387576397043E-17,0.,1.));
#3275 = ORIENTED_EDGE('',*,*,#3276,.T.);
#3276 = EDGE_CURVE('',#3269,#3245,#3277,.T.);
#3277 = LINE('',#3278,#3279);
#3278 = CARTESIAN_POINT('',(-0.95,3.49,9.14));
#3279 = VECTOR('',#3280,1.);
#3280 = DIRECTION('',(-1.,0.,0.));
#3281 = ORIENTED_EDGE('',*,*,#3252,.T.);
#3282 = PLANE('',#3283);
#3283 = AXIS2_PLACEMENT_3D('',#3284,#3285,#3286);
#3284 = CARTESIAN_POINT('',(-1.581171617162,3.49,3.871171617162));
#3285 = DIRECTION('',(-4.047975610096E-31,-1.,5.41076637671E-32));
#3286 = DIRECTION('',(-1.,4.047975610096E-31,0.));
#3287 = ADVANCED_FACE('',(#3288),#3306,.F.);
#3288 = FACE_BOUND('',#3289,.F.);
#3289 = EDGE_LOOP('',(#3290,#3298,#3299,#3300));
#3290 = ORIENTED_EDGE('',*,*,#3291,.F.);
#3291 = EDGE_CURVE('',#1043,#3292,#3294,.T.);
#3292 = VERTEX_POINT('',#3293);
#3293 = CARTESIAN_POINT('',(-0.95,4.13,9.14));
#3294 = LINE('',#3295,#3296);
#3295 = CARTESIAN_POINT('',(-0.95,4.13,5.551115123126E-16));
#3296 = VECTOR('',#3297,1.);
#3297 = DIRECTION('',(-2.387576397043E-17,0.,1.));
#3298 = ORIENTED_EDGE('',*,*,#1050,.T.);
#3299 = ORIENTED_EDGE('',*,*,#3268,.T.);
#3300 = ORIENTED_EDGE('',*,*,#3301,.F.);
#3301 = EDGE_CURVE('',#3292,#3269,#3302,.T.);
#3302 = LINE('',#3303,#3304);
#3303 = CARTESIAN_POINT('',(-0.95,4.13,9.14));
#3304 = VECTOR('',#3305,1.);
#3305 = DIRECTION('',(0.,-1.,0.));
#3306 = PLANE('',#3307);
#3307 = AXIS2_PLACEMENT_3D('',#3308,#3309,#3310);
#3308 = CARTESIAN_POINT('',(-0.95,4.13,5.551115123126E-16));
#3309 = DIRECTION('',(-1.,-0.,-2.387576397043E-17));
#3310 = DIRECTION('',(-2.387576397043E-17,0.,1.));
#3311 = ADVANCED_FACE('',(#3312),#3323,.F.);
#3312 = FACE_BOUND('',#3313,.F.);
#3313 = EDGE_LOOP('',(#3314,#3315,#3316,#3322));
#3314 = ORIENTED_EDGE('',*,*,#1042,.T.);
#3315 = ORIENTED_EDGE('',*,*,#3291,.T.);
#3316 = ORIENTED_EDGE('',*,*,#3317,.T.);
#3317 = EDGE_CURVE('',#3292,#3237,#3318,.T.);
#3318 = LINE('',#3319,#3320);
#3319 = CARTESIAN_POINT('',(-0.95,4.13,9.14));
#3320 = VECTOR('',#3321,1.);
#3321 = DIRECTION('',(-1.,0.,0.));
#3322 = ORIENTED_EDGE('',*,*,#3236,.T.);
#3323 = PLANE('',#3324);
#3324 = AXIS2_PLACEMENT_3D('',#3325,#3326,#3327);
#3325 = CARTESIAN_POINT('',(-1.581171617162,4.13,3.871171617162));
#3326 = DIRECTION('',(-4.047975610096E-31,-1.,5.41076637671E-32));
#3327 = DIRECTION('',(-1.,4.047975610096E-31,0.));
#3328 = ADVANCED_FACE('',(#3329),#3354,.T.);
#3329 = FACE_BOUND('',#3330,.T.);
#3330 = EDGE_LOOP('',(#3331,#3339,#3347,#3353));
#3331 = ORIENTED_EDGE('',*,*,#3332,.F.);
#3332 = EDGE_CURVE('',#3333,#1069,#3335,.T.);
#3333 = VERTEX_POINT('',#3334);
#3334 = CARTESIAN_POINT('',(1.59,4.13,9.14));
#3335 = LINE('',#3336,#3337);
#3336 = CARTESIAN_POINT('',(1.59,4.13,9.3));
#3337 = VECTOR('',#3338,1.);
#3338 = DIRECTION('',(0.,0.,-1.));
#3339 = ORIENTED_EDGE('',*,*,#3340,.T.);
#3340 = EDGE_CURVE('',#3333,#3341,#3343,.T.);
#3341 = VERTEX_POINT('',#3342);
#3342 = CARTESIAN_POINT('',(1.59,3.49,9.14));
#3343 = LINE('',#3344,#3345);
#3344 = CARTESIAN_POINT('',(1.59,4.13,9.14));
#3345 = VECTOR('',#3346,1.);
#3346 = DIRECTION('',(0.,-1.,0.));
#3347 = ORIENTED_EDGE('',*,*,#3348,.T.);
#3348 = EDGE_CURVE('',#3341,#1067,#3349,.T.);
#3349 = LINE('',#3350,#3351);
#3350 = CARTESIAN_POINT('',(1.59,3.49,9.3));
#3351 = VECTOR('',#3352,1.);
#3352 = DIRECTION('',(0.,0.,-1.));
#3353 = ORIENTED_EDGE('',*,*,#1066,.T.);
#3354 = PLANE('',#3355);
#3355 = AXIS2_PLACEMENT_3D('',#3356,#3357,#3358);
#3356 = CARTESIAN_POINT('',(1.59,4.13,9.3));
#3357 = DIRECTION('',(1.,0.,0.));
#3358 = DIRECTION('',(0.,0.,-1.));
#3359 = ADVANCED_FACE('',(#3360),#3378,.T.);
#3360 = FACE_BOUND('',#3361,.T.);
#3361 = EDGE_LOOP('',(#3362,#3363,#3371,#3377));
#3362 = ORIENTED_EDGE('',*,*,#1092,.T.);
#3363 = ORIENTED_EDGE('',*,*,#3364,.T.);
#3364 = EDGE_CURVE('',#1085,#3365,#3367,.T.);
#3365 = VERTEX_POINT('',#3366);
#3366 = CARTESIAN_POINT('',(0.95,4.13,9.14));
#3367 = LINE('',#3368,#3369);
#3368 = CARTESIAN_POINT('',(0.95,4.13,5.551115123126E-16));
#3369 = VECTOR('',#3370,1.);
#3370 = DIRECTION('',(2.387576397043E-17,0.,1.));
#3371 = ORIENTED_EDGE('',*,*,#3372,.T.);
#3372 = EDGE_CURVE('',#3365,#3333,#3373,.T.);
#3373 = LINE('',#3374,#3375);
#3374 = CARTESIAN_POINT('',(0.95,4.13,9.14));
#3375 = VECTOR('',#3376,1.);
#3376 = DIRECTION('',(1.,0.,0.));
#3377 = ORIENTED_EDGE('',*,*,#3332,.T.);
#3378 = PLANE('',#3379);
#3379 = AXIS2_PLACEMENT_3D('',#3380,#3381,#3382);
#3380 = CARTESIAN_POINT('',(1.581171617162,4.13,3.871171617162));
#3381 = DIRECTION('',(-4.047975610096E-31,1.,-5.41076637671E-32));
#3382 = DIRECTION('',(1.,4.047975610096E-31,0.));
#3383 = ADVANCED_FACE('',(#3384),#3402,.T.);
#3384 = FACE_BOUND('',#3385,.T.);
#3385 = EDGE_LOOP('',(#3386,#3387,#3388,#3396));
#3386 = ORIENTED_EDGE('',*,*,#3364,.F.);
#3387 = ORIENTED_EDGE('',*,*,#1084,.T.);
#3388 = ORIENTED_EDGE('',*,*,#3389,.T.);
#3389 = EDGE_CURVE('',#1077,#3390,#3392,.T.);
#3390 = VERTEX_POINT('',#3391);
#3391 = CARTESIAN_POINT('',(0.95,3.49,9.14));
#3392 = LINE('',#3393,#3394);
#3393 = CARTESIAN_POINT('',(0.95,3.49,5.551115123126E-16));
#3394 = VECTOR('',#3395,1.);
#3395 = DIRECTION('',(2.387576397043E-17,0.,1.));
#3396 = ORIENTED_EDGE('',*,*,#3397,.F.);
#3397 = EDGE_CURVE('',#3365,#3390,#3398,.T.);
#3398 = LINE('',#3399,#3400);
#3399 = CARTESIAN_POINT('',(0.95,4.13,9.14));
#3400 = VECTOR('',#3401,1.);
#3401 = DIRECTION('',(0.,-1.,0.));
#3402 = PLANE('',#3403);
#3403 = AXIS2_PLACEMENT_3D('',#3404,#3405,#3406);
#3404 = CARTESIAN_POINT('',(0.95,4.13,5.551115123126E-16));
#3405 = DIRECTION('',(-1.,0.,2.387576397043E-17));
#3406 = DIRECTION('',(2.387576397043E-17,0.,1.));
#3407 = ADVANCED_FACE('',(#3408),#3419,.F.);
#3408 = FACE_BOUND('',#3409,.F.);
#3409 = EDGE_LOOP('',(#3410,#3411,#3412,#3418));
#3410 = ORIENTED_EDGE('',*,*,#1076,.T.);
#3411 = ORIENTED_EDGE('',*,*,#3389,.T.);
#3412 = ORIENTED_EDGE('',*,*,#3413,.T.);
#3413 = EDGE_CURVE('',#3390,#3341,#3414,.T.);
#3414 = LINE('',#3415,#3416);
#3415 = CARTESIAN_POINT('',(0.95,3.49,9.14));
#3416 = VECTOR('',#3417,1.);
#3417 = DIRECTION('',(1.,0.,0.));
#3418 = ORIENTED_EDGE('',*,*,#3348,.T.);
#3419 = PLANE('',#3420);
#3420 = AXIS2_PLACEMENT_3D('',#3421,#3422,#3423);
#3421 = CARTESIAN_POINT('',(1.581171617162,3.49,3.871171617162));
#3422 = DIRECTION('',(-4.047975610096E-31,1.,-5.41076637671E-32));
#3423 = DIRECTION('',(1.,4.047975610096E-31,0.));
#3424 = ADVANCED_FACE('',(#3425),#3436,.T.);
#3425 = FACE_BOUND('',#3426,.T.);
#3426 = EDGE_LOOP('',(#3427,#3428,#3429,#3430));
#3427 = ORIENTED_EDGE('',*,*,#1558,.F.);
#3428 = ORIENTED_EDGE('',*,*,#1509,.T.);
#3429 = ORIENTED_EDGE('',*,*,#1624,.T.);
#3430 = ORIENTED_EDGE('',*,*,#3431,.F.);
#3431 = EDGE_CURVE('',#1524,#1597,#3432,.T.);
#3432 = LINE('',#3433,#3434);
#3433 = CARTESIAN_POINT('',(3.61,1.59,0.64));
#3434 = VECTOR('',#3435,1.);
#3435 = DIRECTION('',(0.,-1.,0.));
#3436 = PLANE('',#3437);
#3437 = AXIS2_PLACEMENT_3D('',#3438,#3439,#3440);
#3438 = CARTESIAN_POINT('',(1.59,1.59,0.64));
#3439 = DIRECTION('',(0.,0.,1.));
#3440 = DIRECTION('',(1.,0.,-0.));
#3441 = ADVANCED_FACE('',(#3442),#3467,.T.);
#3442 = FACE_BOUND('',#3443,.F.);
#3443 = EDGE_LOOP('',(#3444,#3452,#3453,#3461));
#3444 = ORIENTED_EDGE('',*,*,#3445,.F.);
#3445 = EDGE_CURVE('',#1524,#3446,#3448,.T.);
#3446 = VERTEX_POINT('',#3447);
#3447 = CARTESIAN_POINT('',(3.77,1.43,0.48));
#3448 = LINE('',#3449,#3450);
#3449 = CARTESIAN_POINT('',(3.663333333333,1.536666666667,0.586666666667
    ));
#3450 = VECTOR('',#3451,1.);
#3451 = DIRECTION('',(0.57735026919,-0.57735026919,-0.57735026919));
#3452 = ORIENTED_EDGE('',*,*,#1523,.T.);
#3453 = ORIENTED_EDGE('',*,*,#3454,.T.);
#3454 = EDGE_CURVE('',#1526,#3455,#3457,.T.);
#3455 = VERTEX_POINT('',#3456);
#3456 = CARTESIAN_POINT('',(3.77,1.43,0.16));
#3457 = LINE('',#3458,#3459);
#3458 = CARTESIAN_POINT('',(3.77,1.43,0.16));
#3459 = VECTOR('',#3460,1.);
#3460 = DIRECTION('',(0.57735026919,-0.57735026919,0.57735026919));
#3461 = ORIENTED_EDGE('',*,*,#3462,.F.);
#3462 = EDGE_CURVE('',#3446,#3455,#3463,.T.);
#3463 = LINE('',#3464,#3465);
#3464 = CARTESIAN_POINT('',(3.77,1.43,0.64));
#3465 = VECTOR('',#3466,1.);
#3466 = DIRECTION('',(0.,0.,-1.));
#3467 = PLANE('',#3468);
#3468 = AXIS2_PLACEMENT_3D('',#3469,#3470,#3471);
#3469 = CARTESIAN_POINT('',(3.69,1.51,0.64));
#3470 = DIRECTION('',(0.707106781187,0.707106781187,0.));
#3471 = DIRECTION('',(0.,-0.,1.));
#3472 = ADVANCED_FACE('',(#3473),#3484,.T.);
#3473 = FACE_BOUND('',#3474,.T.);
#3474 = EDGE_LOOP('',(#3475,#3481,#3482,#3483));
#3475 = ORIENTED_EDGE('',*,*,#3476,.T.);
#3476 = EDGE_CURVE('',#1534,#1607,#3477,.T.);
#3477 = LINE('',#3478,#3479);
#3478 = CARTESIAN_POINT('',(1.59,1.59,4.440892098501E-16));
#3479 = VECTOR('',#3480,1.);
#3480 = DIRECTION('',(0.,-1.,0.));
#3481 = ORIENTED_EDGE('',*,*,#1614,.T.);
#3482 = ORIENTED_EDGE('',*,*,#1573,.F.);
#3483 = ORIENTED_EDGE('',*,*,#1541,.F.);
#3484 = CYLINDRICAL_SURFACE('',#3485,0.64);
#3485 = AXIS2_PLACEMENT_3D('',#3486,#3487,#3488);
#3486 = CARTESIAN_POINT('',(1.59,1.59,0.64));
#3487 = DIRECTION('',(0.,-1.,0.));
#3488 = DIRECTION('',(-0.,-0.,-1.));
#3489 = ADVANCED_FACE('',(#3490),#3501,.T.);
#3490 = FACE_BOUND('',#3491,.T.);
#3491 = EDGE_LOOP('',(#3492,#3493,#3499,#3500));
#3492 = ORIENTED_EDGE('',*,*,#1533,.F.);
#3493 = ORIENTED_EDGE('',*,*,#3494,.T.);
#3494 = EDGE_CURVE('',#1526,#1599,#3495,.T.);
#3495 = LINE('',#3496,#3497);
#3496 = CARTESIAN_POINT('',(3.61,1.59,5.551115123126E-16));
#3497 = VECTOR('',#3498,1.);
#3498 = DIRECTION('',(0.,-1.,0.));
#3499 = ORIENTED_EDGE('',*,*,#1606,.T.);
#3500 = ORIENTED_EDGE('',*,*,#3476,.F.);
#3501 = PLANE('',#3502);
#3502 = AXIS2_PLACEMENT_3D('',#3503,#3504,#3505);
#3503 = CARTESIAN_POINT('',(3.77,1.59,5.551115123126E-16));
#3504 = DIRECTION('',(-0.,-0.,-1.));
#3505 = DIRECTION('',(-1.,0.,0.));
#3506 = ADVANCED_FACE('',(#3507),#3532,.F.);
#3507 = FACE_BOUND('',#3508,.F.);
#3508 = EDGE_LOOP('',(#3509,#3517,#3525,#3531));
#3509 = ORIENTED_EDGE('',*,*,#3510,.T.);
#3510 = EDGE_CURVE('',#1597,#3511,#3513,.T.);
#3511 = VERTEX_POINT('',#3512);
#3512 = CARTESIAN_POINT('',(3.77,1.11,0.48));
#3513 = LINE('',#3514,#3515);
#3514 = CARTESIAN_POINT('',(3.77,1.11,0.48));
#3515 = VECTOR('',#3516,1.);
#3516 = DIRECTION('',(0.57735026919,0.57735026919,-0.57735026919));
#3517 = ORIENTED_EDGE('',*,*,#3518,.T.);
#3518 = EDGE_CURVE('',#3511,#3519,#3521,.T.);
#3519 = VERTEX_POINT('',#3520);
#3520 = CARTESIAN_POINT('',(3.77,1.11,0.16));
#3521 = LINE('',#3522,#3523);
#3522 = CARTESIAN_POINT('',(3.77,1.11,0.64));
#3523 = VECTOR('',#3524,1.);
#3524 = DIRECTION('',(0.,0.,-1.));
#3525 = ORIENTED_EDGE('',*,*,#3526,.T.);
#3526 = EDGE_CURVE('',#3519,#1599,#3527,.T.);
#3527 = LINE('',#3528,#3529);
#3528 = CARTESIAN_POINT('',(3.876666666667,1.216666666667,0.266666666667
    ));
#3529 = VECTOR('',#3530,1.);
#3530 = DIRECTION('',(-0.57735026919,-0.57735026919,-0.57735026919));
#3531 = ORIENTED_EDGE('',*,*,#1596,.F.);
#3532 = PLANE('',#3533);
#3533 = AXIS2_PLACEMENT_3D('',#3534,#3535,#3536);
#3534 = CARTESIAN_POINT('',(3.69,1.03,0.64));
#3535 = DIRECTION('',(-0.707106781187,0.707106781187,0.));
#3536 = DIRECTION('',(0.,0.,-1.));
#3537 = ADVANCED_FACE('',(#3538),#3563,.F.);
#3538 = FACE_BOUND('',#3539,.T.);
#3539 = EDGE_LOOP('',(#3540,#3548,#3556,#3562));
#3540 = ORIENTED_EDGE('',*,*,#3541,.T.);
#3541 = EDGE_CURVE('',#1639,#3542,#3544,.T.);
#3542 = VERTEX_POINT('',#3543);
#3543 = CARTESIAN_POINT('',(-3.77,1.11,0.48));
#3544 = LINE('',#3545,#3546);
#3545 = CARTESIAN_POINT('',(-3.77,1.11,0.48));
#3546 = VECTOR('',#3547,1.);
#3547 = DIRECTION('',(-0.57735026919,0.57735026919,-0.57735026919));
#3548 = ORIENTED_EDGE('',*,*,#3549,.T.);
#3549 = EDGE_CURVE('',#3542,#3550,#3552,.T.);
#3550 = VERTEX_POINT('',#3551);
#3551 = CARTESIAN_POINT('',(-3.77,1.11,0.16));
#3552 = LINE('',#3553,#3554);
#3553 = CARTESIAN_POINT('',(-3.77,1.11,0.64));
#3554 = VECTOR('',#3555,1.);
#3555 = DIRECTION('',(0.,0.,-1.));
#3556 = ORIENTED_EDGE('',*,*,#3557,.T.);
#3557 = EDGE_CURVE('',#3550,#1641,#3558,.T.);
#3558 = LINE('',#3559,#3560);
#3559 = CARTESIAN_POINT('',(-3.876666666667,1.216666666667,
    0.266666666667));
#3560 = VECTOR('',#3561,1.);
#3561 = DIRECTION('',(0.57735026919,-0.57735026919,-0.57735026919));
#3562 = ORIENTED_EDGE('',*,*,#1638,.F.);
#3563 = PLANE('',#3564);
#3564 = AXIS2_PLACEMENT_3D('',#3565,#3566,#3567);
#3565 = CARTESIAN_POINT('',(-3.69,1.03,0.64));
#3566 = DIRECTION('',(0.707106781187,0.707106781187,0.));
#3567 = DIRECTION('',(0.,-0.,1.));
#3568 = ADVANCED_FACE('',(#3569),#3580,.F.);
#3569 = FACE_BOUND('',#3570,.F.);
#3570 = EDGE_LOOP('',(#3571,#3572,#3573,#3574));
#3571 = ORIENTED_EDGE('',*,*,#1753,.F.);
#3572 = ORIENTED_EDGE('',*,*,#1770,.T.);
#3573 = ORIENTED_EDGE('',*,*,#1680,.T.);
#3574 = ORIENTED_EDGE('',*,*,#3575,.F.);
#3575 = EDGE_CURVE('',#1719,#1639,#3576,.T.);
#3576 = LINE('',#3577,#3578);
#3577 = CARTESIAN_POINT('',(-3.61,1.59,0.64));
#3578 = VECTOR('',#3579,1.);
#3579 = DIRECTION('',(0.,-1.,0.));
#3580 = PLANE('',#3581);
#3581 = AXIS2_PLACEMENT_3D('',#3582,#3583,#3584);
#3582 = CARTESIAN_POINT('',(-1.59,1.59,0.64));
#3583 = DIRECTION('',(-0.,-0.,-1.));
#3584 = DIRECTION('',(-1.,0.,0.));
#3585 = ADVANCED_FACE('',(#3586),#3597,.T.);
#3586 = FACE_BOUND('',#3587,.T.);
#3587 = EDGE_LOOP('',(#3588,#3589,#3590,#3591));
#3588 = ORIENTED_EDGE('',*,*,#1736,.T.);
#3589 = ORIENTED_EDGE('',*,*,#1702,.T.);
#3590 = ORIENTED_EDGE('',*,*,#1656,.F.);
#3591 = ORIENTED_EDGE('',*,*,#3592,.F.);
#3592 = EDGE_CURVE('',#1729,#1649,#3593,.T.);
#3593 = LINE('',#3594,#3595);
#3594 = CARTESIAN_POINT('',(-1.59,1.59,4.440892098501E-16));
#3595 = VECTOR('',#3596,1.);
#3596 = DIRECTION('',(0.,-1.,0.));
#3597 = CYLINDRICAL_SURFACE('',#3598,0.64);
#3598 = AXIS2_PLACEMENT_3D('',#3599,#3600,#3601);
#3599 = CARTESIAN_POINT('',(-1.59,1.59,0.64));
#3600 = DIRECTION('',(0.,-1.,0.));
#3601 = DIRECTION('',(0.,0.,-1.));
#3602 = ADVANCED_FACE('',(#3603),#3614,.F.);
#3603 = FACE_BOUND('',#3604,.F.);
#3604 = EDGE_LOOP('',(#3605,#3606,#3612,#3613));
#3605 = ORIENTED_EDGE('',*,*,#1728,.F.);
#3606 = ORIENTED_EDGE('',*,*,#3607,.T.);
#3607 = EDGE_CURVE('',#1721,#1641,#3608,.T.);
#3608 = LINE('',#3609,#3610);
#3609 = CARTESIAN_POINT('',(-3.61,1.59,5.551115123126E-16));
#3610 = VECTOR('',#3611,1.);
#3611 = DIRECTION('',(0.,-1.,0.));
#3612 = ORIENTED_EDGE('',*,*,#1648,.T.);
#3613 = ORIENTED_EDGE('',*,*,#3592,.F.);
#3614 = PLANE('',#3615);
#3615 = AXIS2_PLACEMENT_3D('',#3616,#3617,#3618);
#3616 = CARTESIAN_POINT('',(-3.77,1.59,5.551115123126E-16));
#3617 = DIRECTION('',(0.,0.,1.));
#3618 = DIRECTION('',(1.,0.,-0.));
#3619 = ADVANCED_FACE('',(#3620),#3645,.T.);
#3620 = FACE_BOUND('',#3621,.T.);
#3621 = EDGE_LOOP('',(#3622,#3630,#3631,#3639));
#3622 = ORIENTED_EDGE('',*,*,#3623,.F.);
#3623 = EDGE_CURVE('',#1719,#3624,#3626,.T.);
#3624 = VERTEX_POINT('',#3625);
#3625 = CARTESIAN_POINT('',(-3.77,1.43,0.48));
#3626 = LINE('',#3627,#3628);
#3627 = CARTESIAN_POINT('',(-3.663333333333,1.536666666667,
    0.586666666667));
#3628 = VECTOR('',#3629,1.);
#3629 = DIRECTION('',(-0.57735026919,-0.57735026919,-0.57735026919));
#3630 = ORIENTED_EDGE('',*,*,#1718,.T.);
#3631 = ORIENTED_EDGE('',*,*,#3632,.T.);
#3632 = EDGE_CURVE('',#1721,#3633,#3635,.T.);
#3633 = VERTEX_POINT('',#3634);
#3634 = CARTESIAN_POINT('',(-3.77,1.43,0.16));
#3635 = LINE('',#3636,#3637);
#3636 = CARTESIAN_POINT('',(-3.77,1.43,0.16));
#3637 = VECTOR('',#3638,1.);
#3638 = DIRECTION('',(-0.57735026919,-0.57735026919,0.57735026919));
#3639 = ORIENTED_EDGE('',*,*,#3640,.F.);
#3640 = EDGE_CURVE('',#3624,#3633,#3641,.T.);
#3641 = LINE('',#3642,#3643);
#3642 = CARTESIAN_POINT('',(-3.77,1.43,0.64));
#3643 = VECTOR('',#3644,1.);
#3644 = DIRECTION('',(0.,0.,-1.));
#3645 = PLANE('',#3646);
#3646 = AXIS2_PLACEMENT_3D('',#3647,#3648,#3649);
#3647 = CARTESIAN_POINT('',(-3.69,1.51,0.64));
#3648 = DIRECTION('',(-0.707106781187,0.707106781187,0.));
#3649 = DIRECTION('',(0.,0.,-1.));
#3650 = ADVANCED_FACE('',(#3651),#3662,.F.);
#3651 = FACE_BOUND('',#3652,.F.);
#3652 = EDGE_LOOP('',(#3653,#3654,#3655,#3656));
#3653 = ORIENTED_EDGE('',*,*,#1916,.F.);
#3654 = ORIENTED_EDGE('',*,*,#1801,.T.);
#3655 = ORIENTED_EDGE('',*,*,#1850,.T.);
#3656 = ORIENTED_EDGE('',*,*,#3657,.F.);
#3657 = EDGE_CURVE('',#1889,#1816,#3658,.T.);
#3658 = LINE('',#3659,#3660);
#3659 = CARTESIAN_POINT('',(-3.61,-3.49,0.64));
#3660 = VECTOR('',#3661,1.);
#3661 = DIRECTION('',(0.,-1.,0.));
#3662 = PLANE('',#3663);
#3663 = AXIS2_PLACEMENT_3D('',#3664,#3665,#3666);
#3664 = CARTESIAN_POINT('',(-1.59,-3.49,0.64));
#3665 = DIRECTION('',(-0.,-0.,-1.));
#3666 = DIRECTION('',(-1.,0.,0.));
#3667 = ADVANCED_FACE('',(#3668),#3693,.F.);
#3668 = FACE_BOUND('',#3669,.T.);
#3669 = EDGE_LOOP('',(#3670,#3678,#3686,#3692));
#3670 = ORIENTED_EDGE('',*,*,#3671,.T.);
#3671 = EDGE_CURVE('',#1816,#3672,#3674,.T.);
#3672 = VERTEX_POINT('',#3673);
#3673 = CARTESIAN_POINT('',(-3.77,-3.97,0.48));
#3674 = LINE('',#3675,#3676);
#3675 = CARTESIAN_POINT('',(-3.77,-3.97,0.48));
#3676 = VECTOR('',#3677,1.);
#3677 = DIRECTION('',(-0.57735026919,0.57735026919,-0.57735026919));
#3678 = ORIENTED_EDGE('',*,*,#3679,.T.);
#3679 = EDGE_CURVE('',#3672,#3680,#3682,.T.);
#3680 = VERTEX_POINT('',#3681);
#3681 = CARTESIAN_POINT('',(-3.77,-3.97,0.16));
#3682 = LINE('',#3683,#3684);
#3683 = CARTESIAN_POINT('',(-3.77,-3.97,0.64));
#3684 = VECTOR('',#3685,1.);
#3685 = DIRECTION('',(0.,0.,-1.));
#3686 = ORIENTED_EDGE('',*,*,#3687,.T.);
#3687 = EDGE_CURVE('',#3680,#1818,#3688,.T.);
#3688 = LINE('',#3689,#3690);
#3689 = CARTESIAN_POINT('',(-3.876666666667,-3.863333333333,
    0.266666666667));
#3690 = VECTOR('',#3691,1.);
#3691 = DIRECTION('',(0.57735026919,-0.57735026919,-0.57735026919));
#3692 = ORIENTED_EDGE('',*,*,#1815,.F.);
#3693 = PLANE('',#3694);
#3694 = AXIS2_PLACEMENT_3D('',#3695,#3696,#3697);
#3695 = CARTESIAN_POINT('',(-3.69,-4.05,0.64));
#3696 = DIRECTION('',(0.707106781187,0.707106781187,0.));
#3697 = DIRECTION('',(0.,-0.,1.));
#3698 = ADVANCED_FACE('',(#3699),#3710,.T.);
#3699 = FACE_BOUND('',#3700,.T.);
#3700 = EDGE_LOOP('',(#3701,#3702,#3703,#3704));
#3701 = ORIENTED_EDGE('',*,*,#1906,.T.);
#3702 = ORIENTED_EDGE('',*,*,#1872,.T.);
#3703 = ORIENTED_EDGE('',*,*,#1833,.F.);
#3704 = ORIENTED_EDGE('',*,*,#3705,.F.);
#3705 = EDGE_CURVE('',#1899,#1826,#3706,.T.);
#3706 = LINE('',#3707,#3708);
#3707 = CARTESIAN_POINT('',(-1.59,-3.49,4.440892098501E-16));
#3708 = VECTOR('',#3709,1.);
#3709 = DIRECTION('',(0.,-1.,0.));
#3710 = CYLINDRICAL_SURFACE('',#3711,0.64);
#3711 = AXIS2_PLACEMENT_3D('',#3712,#3713,#3714);
#3712 = CARTESIAN_POINT('',(-1.59,-3.49,0.64));
#3713 = DIRECTION('',(0.,-1.,0.));
#3714 = DIRECTION('',(0.,0.,-1.));
#3715 = ADVANCED_FACE('',(#3716),#3727,.F.);
#3716 = FACE_BOUND('',#3717,.F.);
#3717 = EDGE_LOOP('',(#3718,#3719,#3725,#3726));
#3718 = ORIENTED_EDGE('',*,*,#1898,.F.);
#3719 = ORIENTED_EDGE('',*,*,#3720,.T.);
#3720 = EDGE_CURVE('',#1891,#1818,#3721,.T.);
#3721 = LINE('',#3722,#3723);
#3722 = CARTESIAN_POINT('',(-3.61,-3.49,5.551115123126E-16));
#3723 = VECTOR('',#3724,1.);
#3724 = DIRECTION('',(0.,-1.,0.));
#3725 = ORIENTED_EDGE('',*,*,#1825,.T.);
#3726 = ORIENTED_EDGE('',*,*,#3705,.F.);
#3727 = PLANE('',#3728);
#3728 = AXIS2_PLACEMENT_3D('',#3729,#3730,#3731);
#3729 = CARTESIAN_POINT('',(-3.77,-3.49,5.551115123126E-16));
#3730 = DIRECTION('',(0.,0.,1.));
#3731 = DIRECTION('',(1.,0.,-0.));
#3732 = ADVANCED_FACE('',(#3733),#3758,.T.);
#3733 = FACE_BOUND('',#3734,.T.);
#3734 = EDGE_LOOP('',(#3735,#3743,#3744,#3752));
#3735 = ORIENTED_EDGE('',*,*,#3736,.F.);
#3736 = EDGE_CURVE('',#1889,#3737,#3739,.T.);
#3737 = VERTEX_POINT('',#3738);
#3738 = CARTESIAN_POINT('',(-3.77,-3.65,0.48));
#3739 = LINE('',#3740,#3741);
#3740 = CARTESIAN_POINT('',(-3.663333333333,-3.543333333333,
    0.586666666667));
#3741 = VECTOR('',#3742,1.);
#3742 = DIRECTION('',(-0.57735026919,-0.57735026919,-0.57735026919));
#3743 = ORIENTED_EDGE('',*,*,#1888,.T.);
#3744 = ORIENTED_EDGE('',*,*,#3745,.T.);
#3745 = EDGE_CURVE('',#1891,#3746,#3748,.T.);
#3746 = VERTEX_POINT('',#3747);
#3747 = CARTESIAN_POINT('',(-3.77,-3.65,0.16));
#3748 = LINE('',#3749,#3750);
#3749 = CARTESIAN_POINT('',(-3.77,-3.65,0.16));
#3750 = VECTOR('',#3751,1.);
#3751 = DIRECTION('',(-0.57735026919,-0.57735026919,0.57735026919));
#3752 = ORIENTED_EDGE('',*,*,#3753,.F.);
#3753 = EDGE_CURVE('',#3737,#3746,#3754,.T.);
#3754 = LINE('',#3755,#3756);
#3755 = CARTESIAN_POINT('',(-3.77,-3.65,0.64));
#3756 = VECTOR('',#3757,1.);
#3757 = DIRECTION('',(0.,0.,-1.));
#3758 = PLANE('',#3759);
#3759 = AXIS2_PLACEMENT_3D('',#3760,#3761,#3762);
#3760 = CARTESIAN_POINT('',(-3.69,-3.57,0.64));
#3761 = DIRECTION('',(-0.707106781187,0.707106781187,0.));
#3762 = DIRECTION('',(0.,0.,-1.));
#3763 = ADVANCED_FACE('',(#3764),#3789,.T.);
#3764 = FACE_BOUND('',#3765,.F.);
#3765 = EDGE_LOOP('',(#3766,#3774,#3775,#3783));
#3766 = ORIENTED_EDGE('',*,*,#3767,.F.);
#3767 = EDGE_CURVE('',#1931,#3768,#3770,.T.);
#3768 = VERTEX_POINT('',#3769);
#3769 = CARTESIAN_POINT('',(3.77,-3.65,0.48));
#3770 = LINE('',#3771,#3772);
#3771 = CARTESIAN_POINT('',(3.663333333333,-3.543333333333,
    0.586666666667));
#3772 = VECTOR('',#3773,1.);
#3773 = DIRECTION('',(0.57735026919,-0.57735026919,-0.57735026919));
#3774 = ORIENTED_EDGE('',*,*,#1930,.T.);
#3775 = ORIENTED_EDGE('',*,*,#3776,.T.);
#3776 = EDGE_CURVE('',#1933,#3777,#3779,.T.);
#3777 = VERTEX_POINT('',#3778);
#3778 = CARTESIAN_POINT('',(3.77,-3.65,0.16));
#3779 = LINE('',#3780,#3781);
#3780 = CARTESIAN_POINT('',(3.77,-3.65,0.16));
#3781 = VECTOR('',#3782,1.);
#3782 = DIRECTION('',(0.57735026919,-0.57735026919,0.57735026919));
#3783 = ORIENTED_EDGE('',*,*,#3784,.F.);
#3784 = EDGE_CURVE('',#3768,#3777,#3785,.T.);
#3785 = LINE('',#3786,#3787);
#3786 = CARTESIAN_POINT('',(3.77,-3.65,0.64));
#3787 = VECTOR('',#3788,1.);
#3788 = DIRECTION('',(0.,0.,-1.));
#3789 = PLANE('',#3790);
#3790 = AXIS2_PLACEMENT_3D('',#3791,#3792,#3793);
#3791 = CARTESIAN_POINT('',(3.69,-3.57,0.64));
#3792 = DIRECTION('',(0.707106781187,0.707106781187,0.));
#3793 = DIRECTION('',(0.,-0.,1.));
#3794 = ADVANCED_FACE('',(#3795),#3806,.T.);
#3795 = FACE_BOUND('',#3796,.T.);
#3796 = EDGE_LOOP('',(#3797,#3798,#3799,#3800));
#3797 = ORIENTED_EDGE('',*,*,#1972,.F.);
#3798 = ORIENTED_EDGE('',*,*,#2062,.T.);
#3799 = ORIENTED_EDGE('',*,*,#2045,.T.);
#3800 = ORIENTED_EDGE('',*,*,#3801,.F.);
#3801 = EDGE_CURVE('',#1931,#2011,#3802,.T.);
#3802 = LINE('',#3803,#3804);
#3803 = CARTESIAN_POINT('',(3.61,-3.49,0.64));
#3804 = VECTOR('',#3805,1.);
#3805 = DIRECTION('',(0.,-1.,0.));
#3806 = PLANE('',#3807);
#3807 = AXIS2_PLACEMENT_3D('',#3808,#3809,#3810);
#3808 = CARTESIAN_POINT('',(1.59,-3.49,0.64));
#3809 = DIRECTION('',(0.,0.,1.));
#3810 = DIRECTION('',(1.,0.,-0.));
#3811 = ADVANCED_FACE('',(#3812),#3823,.T.);
#3812 = FACE_BOUND('',#3813,.T.);
#3813 = EDGE_LOOP('',(#3814,#3820,#3821,#3822));
#3814 = ORIENTED_EDGE('',*,*,#3815,.T.);
#3815 = EDGE_CURVE('',#1941,#2021,#3816,.T.);
#3816 = LINE('',#3817,#3818);
#3817 = CARTESIAN_POINT('',(1.59,-3.49,4.440892098501E-16));
#3818 = VECTOR('',#3819,1.);
#3819 = DIRECTION('',(0.,-1.,0.));
#3820 = ORIENTED_EDGE('',*,*,#2028,.T.);
#3821 = ORIENTED_EDGE('',*,*,#1987,.F.);
#3822 = ORIENTED_EDGE('',*,*,#1948,.F.);
#3823 = CYLINDRICAL_SURFACE('',#3824,0.64);
#3824 = AXIS2_PLACEMENT_3D('',#3825,#3826,#3827);
#3825 = CARTESIAN_POINT('',(1.59,-3.49,0.64));
#3826 = DIRECTION('',(0.,-1.,0.));
#3827 = DIRECTION('',(-0.,-0.,-1.));
#3828 = ADVANCED_FACE('',(#3829),#3840,.T.);
#3829 = FACE_BOUND('',#3830,.T.);
#3830 = EDGE_LOOP('',(#3831,#3832,#3838,#3839));
#3831 = ORIENTED_EDGE('',*,*,#1940,.F.);
#3832 = ORIENTED_EDGE('',*,*,#3833,.T.);
#3833 = EDGE_CURVE('',#1933,#2013,#3834,.T.);
#3834 = LINE('',#3835,#3836);
#3835 = CARTESIAN_POINT('',(3.61,-3.49,5.551115123126E-16));
#3836 = VECTOR('',#3837,1.);
#3837 = DIRECTION('',(0.,-1.,0.));
#3838 = ORIENTED_EDGE('',*,*,#2020,.T.);
#3839 = ORIENTED_EDGE('',*,*,#3815,.F.);
#3840 = PLANE('',#3841);
#3841 = AXIS2_PLACEMENT_3D('',#3842,#3843,#3844);
#3842 = CARTESIAN_POINT('',(3.77,-3.49,5.551115123126E-16));
#3843 = DIRECTION('',(-0.,-0.,-1.));
#3844 = DIRECTION('',(-1.,0.,0.));
#3845 = ADVANCED_FACE('',(#3846),#3871,.F.);
#3846 = FACE_BOUND('',#3847,.F.);
#3847 = EDGE_LOOP('',(#3848,#3856,#3864,#3870));
#3848 = ORIENTED_EDGE('',*,*,#3849,.T.);
#3849 = EDGE_CURVE('',#2011,#3850,#3852,.T.);
#3850 = VERTEX_POINT('',#3851);
#3851 = CARTESIAN_POINT('',(3.77,-3.97,0.48));
#3852 = LINE('',#3853,#3854);
#3853 = CARTESIAN_POINT('',(3.77,-3.97,0.48));
#3854 = VECTOR('',#3855,1.);
#3855 = DIRECTION('',(0.57735026919,0.57735026919,-0.57735026919));
#3856 = ORIENTED_EDGE('',*,*,#3857,.T.);
#3857 = EDGE_CURVE('',#3850,#3858,#3860,.T.);
#3858 = VERTEX_POINT('',#3859);
#3859 = CARTESIAN_POINT('',(3.77,-3.97,0.16));
#3860 = LINE('',#3861,#3862);
#3861 = CARTESIAN_POINT('',(3.77,-3.97,0.64));
#3862 = VECTOR('',#3863,1.);
#3863 = DIRECTION('',(0.,0.,-1.));
#3864 = ORIENTED_EDGE('',*,*,#3865,.T.);
#3865 = EDGE_CURVE('',#3858,#2013,#3866,.T.);
#3866 = LINE('',#3867,#3868);
#3867 = CARTESIAN_POINT('',(3.876666666667,-3.863333333333,
    0.266666666667));
#3868 = VECTOR('',#3869,1.);
#3869 = DIRECTION('',(-0.57735026919,-0.57735026919,-0.57735026919));
#3870 = ORIENTED_EDGE('',*,*,#2010,.F.);
#3871 = PLANE('',#3872);
#3872 = AXIS2_PLACEMENT_3D('',#3873,#3874,#3875);
#3873 = CARTESIAN_POINT('',(3.69,-4.05,0.64));
#3874 = DIRECTION('',(-0.707106781187,0.707106781187,0.));
#3875 = DIRECTION('',(0.,0.,-1.));
#3876 = ADVANCED_FACE('',(#3877),#3888,.T.);
#3877 = FACE_BOUND('',#3878,.T.);
#3878 = EDGE_LOOP('',(#3879,#3880,#3881,#3882));
#3879 = ORIENTED_EDGE('',*,*,#2142,.F.);
#3880 = ORIENTED_EDGE('',*,*,#2093,.T.);
#3881 = ORIENTED_EDGE('',*,*,#2208,.T.);
#3882 = ORIENTED_EDGE('',*,*,#3883,.F.);
#3883 = EDGE_CURVE('',#2108,#2181,#3884,.T.);
#3884 = LINE('',#3885,#3886);
#3885 = CARTESIAN_POINT('',(3.61,-0.95,0.64));
#3886 = VECTOR('',#3887,1.);
#3887 = DIRECTION('',(0.,-1.,0.));
#3888 = PLANE('',#3889);
#3889 = AXIS2_PLACEMENT_3D('',#3890,#3891,#3892);
#3890 = CARTESIAN_POINT('',(1.59,-0.95,0.64));
#3891 = DIRECTION('',(0.,0.,1.));
#3892 = DIRECTION('',(1.,0.,-0.));
#3893 = ADVANCED_FACE('',(#3894),#3919,.T.);
#3894 = FACE_BOUND('',#3895,.F.);
#3895 = EDGE_LOOP('',(#3896,#3904,#3905,#3913));
#3896 = ORIENTED_EDGE('',*,*,#3897,.F.);
#3897 = EDGE_CURVE('',#2108,#3898,#3900,.T.);
#3898 = VERTEX_POINT('',#3899);
#3899 = CARTESIAN_POINT('',(3.77,-1.11,0.48));
#3900 = LINE('',#3901,#3902);
#3901 = CARTESIAN_POINT('',(3.663333333333,-1.003333333333,
    0.586666666667));
#3902 = VECTOR('',#3903,1.);
#3903 = DIRECTION('',(0.57735026919,-0.57735026919,-0.57735026919));
#3904 = ORIENTED_EDGE('',*,*,#2107,.T.);
#3905 = ORIENTED_EDGE('',*,*,#3906,.T.);
#3906 = EDGE_CURVE('',#2110,#3907,#3909,.T.);
#3907 = VERTEX_POINT('',#3908);
#3908 = CARTESIAN_POINT('',(3.77,-1.11,0.16));
#3909 = LINE('',#3910,#3911);
#3910 = CARTESIAN_POINT('',(3.77,-1.11,0.16));
#3911 = VECTOR('',#3912,1.);
#3912 = DIRECTION('',(0.57735026919,-0.57735026919,0.57735026919));
#3913 = ORIENTED_EDGE('',*,*,#3914,.F.);
#3914 = EDGE_CURVE('',#3898,#3907,#3915,.T.);
#3915 = LINE('',#3916,#3917);
#3916 = CARTESIAN_POINT('',(3.77,-1.11,0.64));
#3917 = VECTOR('',#3918,1.);
#3918 = DIRECTION('',(0.,0.,-1.));
#3919 = PLANE('',#3920);
#3920 = AXIS2_PLACEMENT_3D('',#3921,#3922,#3923);
#3921 = CARTESIAN_POINT('',(3.69,-1.03,0.64));
#3922 = DIRECTION('',(0.707106781187,0.707106781187,0.));
#3923 = DIRECTION('',(0.,-0.,1.));
#3924 = ADVANCED_FACE('',(#3925),#3936,.T.);
#3925 = FACE_BOUND('',#3926,.T.);
#3926 = EDGE_LOOP('',(#3927,#3933,#3934,#3935));
#3927 = ORIENTED_EDGE('',*,*,#3928,.T.);
#3928 = EDGE_CURVE('',#2118,#2191,#3929,.T.);
#3929 = LINE('',#3930,#3931);
#3930 = CARTESIAN_POINT('',(1.59,-0.95,4.440892098501E-16));
#3931 = VECTOR('',#3932,1.);
#3932 = DIRECTION('',(0.,-1.,0.));
#3933 = ORIENTED_EDGE('',*,*,#2198,.T.);
#3934 = ORIENTED_EDGE('',*,*,#2157,.F.);
#3935 = ORIENTED_EDGE('',*,*,#2125,.F.);
#3936 = CYLINDRICAL_SURFACE('',#3937,0.64);
#3937 = AXIS2_PLACEMENT_3D('',#3938,#3939,#3940);
#3938 = CARTESIAN_POINT('',(1.59,-0.95,0.64));
#3939 = DIRECTION('',(0.,-1.,0.));
#3940 = DIRECTION('',(-0.,-0.,-1.));
#3941 = ADVANCED_FACE('',(#3942),#3953,.T.);
#3942 = FACE_BOUND('',#3943,.T.);
#3943 = EDGE_LOOP('',(#3944,#3945,#3951,#3952));
#3944 = ORIENTED_EDGE('',*,*,#2117,.F.);
#3945 = ORIENTED_EDGE('',*,*,#3946,.T.);
#3946 = EDGE_CURVE('',#2110,#2183,#3947,.T.);
#3947 = LINE('',#3948,#3949);
#3948 = CARTESIAN_POINT('',(3.61,-0.95,5.551115123126E-16));
#3949 = VECTOR('',#3950,1.);
#3950 = DIRECTION('',(0.,-1.,0.));
#3951 = ORIENTED_EDGE('',*,*,#2190,.T.);
#3952 = ORIENTED_EDGE('',*,*,#3928,.F.);
#3953 = PLANE('',#3954);
#3954 = AXIS2_PLACEMENT_3D('',#3955,#3956,#3957);
#3955 = CARTESIAN_POINT('',(3.77,-0.95,5.551115123126E-16));
#3956 = DIRECTION('',(-0.,-0.,-1.));
#3957 = DIRECTION('',(-1.,0.,0.));
#3958 = ADVANCED_FACE('',(#3959),#3984,.F.);
#3959 = FACE_BOUND('',#3960,.F.);
#3960 = EDGE_LOOP('',(#3961,#3969,#3977,#3983));
#3961 = ORIENTED_EDGE('',*,*,#3962,.T.);
#3962 = EDGE_CURVE('',#2181,#3963,#3965,.T.);
#3963 = VERTEX_POINT('',#3964);
#3964 = CARTESIAN_POINT('',(3.77,-1.43,0.48));
#3965 = LINE('',#3966,#3967);
#3966 = CARTESIAN_POINT('',(3.77,-1.43,0.48));
#3967 = VECTOR('',#3968,1.);
#3968 = DIRECTION('',(0.57735026919,0.57735026919,-0.57735026919));
#3969 = ORIENTED_EDGE('',*,*,#3970,.T.);
#3970 = EDGE_CURVE('',#3963,#3971,#3973,.T.);
#3971 = VERTEX_POINT('',#3972);
#3972 = CARTESIAN_POINT('',(3.77,-1.43,0.16));
#3973 = LINE('',#3974,#3975);
#3974 = CARTESIAN_POINT('',(3.77,-1.43,0.64));
#3975 = VECTOR('',#3976,1.);
#3976 = DIRECTION('',(0.,0.,-1.));
#3977 = ORIENTED_EDGE('',*,*,#3978,.T.);
#3978 = EDGE_CURVE('',#3971,#2183,#3979,.T.);
#3979 = LINE('',#3980,#3981);
#3980 = CARTESIAN_POINT('',(3.876666666667,-1.323333333333,
    0.266666666667));
#3981 = VECTOR('',#3982,1.);
#3982 = DIRECTION('',(-0.57735026919,-0.57735026919,-0.57735026919));
#3983 = ORIENTED_EDGE('',*,*,#2180,.F.);
#3984 = PLANE('',#3985);
#3985 = AXIS2_PLACEMENT_3D('',#3986,#3987,#3988);
#3986 = CARTESIAN_POINT('',(3.69,-1.51,0.64));
#3987 = DIRECTION('',(-0.707106781187,0.707106781187,0.));
#3988 = DIRECTION('',(0.,0.,-1.));
#3989 = ADVANCED_FACE('',(#3990),#4015,.T.);
#3990 = FACE_BOUND('',#3991,.T.);
#3991 = EDGE_LOOP('',(#3992,#4000,#4001,#4009));
#3992 = ORIENTED_EDGE('',*,*,#3993,.F.);
#3993 = EDGE_CURVE('',#2223,#3994,#3996,.T.);
#3994 = VERTEX_POINT('',#3995);
#3995 = CARTESIAN_POINT('',(-3.77,-1.11,0.48));
#3996 = LINE('',#3997,#3998);
#3997 = CARTESIAN_POINT('',(-3.663333333333,-1.003333333333,
    0.586666666667));
#3998 = VECTOR('',#3999,1.);
#3999 = DIRECTION('',(-0.57735026919,-0.57735026919,-0.57735026919));
#4000 = ORIENTED_EDGE('',*,*,#2222,.T.);
#4001 = ORIENTED_EDGE('',*,*,#4002,.T.);
#4002 = EDGE_CURVE('',#2225,#4003,#4005,.T.);
#4003 = VERTEX_POINT('',#4004);
#4004 = CARTESIAN_POINT('',(-3.77,-1.11,0.16));
#4005 = LINE('',#4006,#4007);
#4006 = CARTESIAN_POINT('',(-3.77,-1.11,0.16));
#4007 = VECTOR('',#4008,1.);
#4008 = DIRECTION('',(-0.57735026919,-0.57735026919,0.57735026919));
#4009 = ORIENTED_EDGE('',*,*,#4010,.F.);
#4010 = EDGE_CURVE('',#3994,#4003,#4011,.T.);
#4011 = LINE('',#4012,#4013);
#4012 = CARTESIAN_POINT('',(-3.77,-1.11,0.64));
#4013 = VECTOR('',#4014,1.);
#4014 = DIRECTION('',(0.,0.,-1.));
#4015 = PLANE('',#4016);
#4016 = AXIS2_PLACEMENT_3D('',#4017,#4018,#4019);
#4017 = CARTESIAN_POINT('',(-3.69,-1.03,0.64));
#4018 = DIRECTION('',(-0.707106781187,0.707106781187,0.));
#4019 = DIRECTION('',(0.,0.,-1.));
#4020 = ADVANCED_FACE('',(#4021),#4032,.F.);
#4021 = FACE_BOUND('',#4022,.F.);
#4022 = EDGE_LOOP('',(#4023,#4024,#4025,#4026));
#4023 = ORIENTED_EDGE('',*,*,#2264,.F.);
#4024 = ORIENTED_EDGE('',*,*,#2288,.T.);
#4025 = ORIENTED_EDGE('',*,*,#2337,.T.);
#4026 = ORIENTED_EDGE('',*,*,#4027,.F.);
#4027 = EDGE_CURVE('',#2223,#2303,#4028,.T.);
#4028 = LINE('',#4029,#4030);
#4029 = CARTESIAN_POINT('',(-3.61,-0.95,0.64));
#4030 = VECTOR('',#4031,1.);
#4031 = DIRECTION('',(0.,-1.,0.));
#4032 = PLANE('',#4033);
#4033 = AXIS2_PLACEMENT_3D('',#4034,#4035,#4036);
#4034 = CARTESIAN_POINT('',(-1.59,-0.95,0.64));
#4035 = DIRECTION('',(-0.,-0.,-1.));
#4036 = DIRECTION('',(-1.,0.,0.));
#4037 = ADVANCED_FACE('',(#4038),#4049,.T.);
#4038 = FACE_BOUND('',#4039,.T.);
#4039 = EDGE_LOOP('',(#4040,#4041,#4042,#4043));
#4040 = ORIENTED_EDGE('',*,*,#2240,.T.);
#4041 = ORIENTED_EDGE('',*,*,#2352,.T.);
#4042 = ORIENTED_EDGE('',*,*,#2320,.F.);
#4043 = ORIENTED_EDGE('',*,*,#4044,.F.);
#4044 = EDGE_CURVE('',#2233,#2313,#4045,.T.);
#4045 = LINE('',#4046,#4047);
#4046 = CARTESIAN_POINT('',(-1.59,-0.95,4.440892098501E-16));
#4047 = VECTOR('',#4048,1.);
#4048 = DIRECTION('',(0.,-1.,0.));
#4049 = CYLINDRICAL_SURFACE('',#4050,0.64);
#4050 = AXIS2_PLACEMENT_3D('',#4051,#4052,#4053);
#4051 = CARTESIAN_POINT('',(-1.59,-0.95,0.64));
#4052 = DIRECTION('',(0.,-1.,0.));
#4053 = DIRECTION('',(0.,0.,-1.));
#4054 = ADVANCED_FACE('',(#4055),#4066,.F.);
#4055 = FACE_BOUND('',#4056,.F.);
#4056 = EDGE_LOOP('',(#4057,#4058,#4064,#4065));
#4057 = ORIENTED_EDGE('',*,*,#2232,.F.);
#4058 = ORIENTED_EDGE('',*,*,#4059,.T.);
#4059 = EDGE_CURVE('',#2225,#2305,#4060,.T.);
#4060 = LINE('',#4061,#4062);
#4061 = CARTESIAN_POINT('',(-3.61,-0.95,5.551115123126E-16));
#4062 = VECTOR('',#4063,1.);
#4063 = DIRECTION('',(0.,-1.,0.));
#4064 = ORIENTED_EDGE('',*,*,#2312,.T.);
#4065 = ORIENTED_EDGE('',*,*,#4044,.F.);
#4066 = PLANE('',#4067);
#4067 = AXIS2_PLACEMENT_3D('',#4068,#4069,#4070);
#4068 = CARTESIAN_POINT('',(-3.77,-0.95,5.551115123126E-16));
#4069 = DIRECTION('',(0.,0.,1.));
#4070 = DIRECTION('',(1.,0.,-0.));
#4071 = ADVANCED_FACE('',(#4072),#4097,.F.);
#4072 = FACE_BOUND('',#4073,.T.);
#4073 = EDGE_LOOP('',(#4074,#4082,#4090,#4096));
#4074 = ORIENTED_EDGE('',*,*,#4075,.T.);
#4075 = EDGE_CURVE('',#2303,#4076,#4078,.T.);
#4076 = VERTEX_POINT('',#4077);
#4077 = CARTESIAN_POINT('',(-3.77,-1.43,0.48));
#4078 = LINE('',#4079,#4080);
#4079 = CARTESIAN_POINT('',(-3.77,-1.43,0.48));
#4080 = VECTOR('',#4081,1.);
#4081 = DIRECTION('',(-0.57735026919,0.57735026919,-0.57735026919));
#4082 = ORIENTED_EDGE('',*,*,#4083,.T.);
#4083 = EDGE_CURVE('',#4076,#4084,#4086,.T.);
#4084 = VERTEX_POINT('',#4085);
#4085 = CARTESIAN_POINT('',(-3.77,-1.43,0.16));
#4086 = LINE('',#4087,#4088);
#4087 = CARTESIAN_POINT('',(-3.77,-1.43,0.64));
#4088 = VECTOR('',#4089,1.);
#4089 = DIRECTION('',(0.,0.,-1.));
#4090 = ORIENTED_EDGE('',*,*,#4091,.T.);
#4091 = EDGE_CURVE('',#4084,#2305,#4092,.T.);
#4092 = LINE('',#4093,#4094);
#4093 = CARTESIAN_POINT('',(-3.876666666667,-1.323333333333,
    0.266666666667));
#4094 = VECTOR('',#4095,1.);
#4095 = DIRECTION('',(0.57735026919,-0.57735026919,-0.57735026919));
#4096 = ORIENTED_EDGE('',*,*,#2302,.F.);
#4097 = PLANE('',#4098);
#4098 = AXIS2_PLACEMENT_3D('',#4099,#4100,#4101);
#4099 = CARTESIAN_POINT('',(-3.69,-1.51,0.64));
#4100 = DIRECTION('',(0.707106781187,0.707106781187,0.));
#4101 = DIRECTION('',(0.,-0.,1.));
#4102 = ADVANCED_FACE('',(#4103),#4114,.F.);
#4103 = FACE_BOUND('',#4104,.F.);
#4104 = EDGE_LOOP('',(#4105,#4106,#4107,#4108));
#4105 = ORIENTED_EDGE('',*,*,#2500,.F.);
#4106 = ORIENTED_EDGE('',*,*,#2385,.T.);
#4107 = ORIENTED_EDGE('',*,*,#2434,.T.);
#4108 = ORIENTED_EDGE('',*,*,#4109,.F.);
#4109 = EDGE_CURVE('',#2473,#2400,#4110,.T.);
#4110 = LINE('',#4111,#4112);
#4111 = CARTESIAN_POINT('',(-3.61,4.13,0.64));
#4112 = VECTOR('',#4113,1.);
#4113 = DIRECTION('',(0.,-1.,0.));
#4114 = PLANE('',#4115);
#4115 = AXIS2_PLACEMENT_3D('',#4116,#4117,#4118);
#4116 = CARTESIAN_POINT('',(-1.59,4.13,0.64));
#4117 = DIRECTION('',(-0.,-0.,-1.));
#4118 = DIRECTION('',(-1.,0.,0.));
#4119 = ADVANCED_FACE('',(#4120),#4145,.F.);
#4120 = FACE_BOUND('',#4121,.T.);
#4121 = EDGE_LOOP('',(#4122,#4130,#4138,#4144));
#4122 = ORIENTED_EDGE('',*,*,#4123,.T.);
#4123 = EDGE_CURVE('',#2400,#4124,#4126,.T.);
#4124 = VERTEX_POINT('',#4125);
#4125 = CARTESIAN_POINT('',(-3.77,3.65,0.48));
#4126 = LINE('',#4127,#4128);
#4127 = CARTESIAN_POINT('',(-3.77,3.65,0.48));
#4128 = VECTOR('',#4129,1.);
#4129 = DIRECTION('',(-0.57735026919,0.57735026919,-0.57735026919));
#4130 = ORIENTED_EDGE('',*,*,#4131,.T.);
#4131 = EDGE_CURVE('',#4124,#4132,#4134,.T.);
#4132 = VERTEX_POINT('',#4133);
#4133 = CARTESIAN_POINT('',(-3.77,3.65,0.16));
#4134 = LINE('',#4135,#4136);
#4135 = CARTESIAN_POINT('',(-3.77,3.65,0.64));
#4136 = VECTOR('',#4137,1.);
#4137 = DIRECTION('',(0.,0.,-1.));
#4138 = ORIENTED_EDGE('',*,*,#4139,.T.);
#4139 = EDGE_CURVE('',#4132,#2402,#4140,.T.);
#4140 = LINE('',#4141,#4142);
#4141 = CARTESIAN_POINT('',(-3.876666666667,3.756666666667,
    0.266666666667));
#4142 = VECTOR('',#4143,1.);
#4143 = DIRECTION('',(0.57735026919,-0.57735026919,-0.57735026919));
#4144 = ORIENTED_EDGE('',*,*,#2399,.F.);
#4145 = PLANE('',#4146);
#4146 = AXIS2_PLACEMENT_3D('',#4147,#4148,#4149);
#4147 = CARTESIAN_POINT('',(-3.69,3.57,0.64));
#4148 = DIRECTION('',(0.707106781187,0.707106781187,0.));
#4149 = DIRECTION('',(0.,-0.,1.));
#4150 = ADVANCED_FACE('',(#4151),#4162,.T.);
#4151 = FACE_BOUND('',#4152,.T.);
#4152 = EDGE_LOOP('',(#4153,#4154,#4155,#4156));
#4153 = ORIENTED_EDGE('',*,*,#2490,.T.);
#4154 = ORIENTED_EDGE('',*,*,#2456,.T.);
#4155 = ORIENTED_EDGE('',*,*,#2417,.F.);
#4156 = ORIENTED_EDGE('',*,*,#4157,.F.);
#4157 = EDGE_CURVE('',#2483,#2410,#4158,.T.);
#4158 = LINE('',#4159,#4160);
#4159 = CARTESIAN_POINT('',(-1.59,4.13,4.440892098501E-16));
#4160 = VECTOR('',#4161,1.);
#4161 = DIRECTION('',(0.,-1.,0.));
#4162 = CYLINDRICAL_SURFACE('',#4163,0.64);
#4163 = AXIS2_PLACEMENT_3D('',#4164,#4165,#4166);
#4164 = CARTESIAN_POINT('',(-1.59,4.13,0.64));
#4165 = DIRECTION('',(0.,-1.,0.));
#4166 = DIRECTION('',(0.,0.,-1.));
#4167 = ADVANCED_FACE('',(#4168),#4179,.F.);
#4168 = FACE_BOUND('',#4169,.F.);
#4169 = EDGE_LOOP('',(#4170,#4171,#4177,#4178));
#4170 = ORIENTED_EDGE('',*,*,#2482,.F.);
#4171 = ORIENTED_EDGE('',*,*,#4172,.T.);
#4172 = EDGE_CURVE('',#2475,#2402,#4173,.T.);
#4173 = LINE('',#4174,#4175);
#4174 = CARTESIAN_POINT('',(-3.61,4.13,5.551115123126E-16));
#4175 = VECTOR('',#4176,1.);
#4176 = DIRECTION('',(0.,-1.,0.));
#4177 = ORIENTED_EDGE('',*,*,#2409,.T.);
#4178 = ORIENTED_EDGE('',*,*,#4157,.F.);
#4179 = PLANE('',#4180);
#4180 = AXIS2_PLACEMENT_3D('',#4181,#4182,#4183);
#4181 = CARTESIAN_POINT('',(-3.77,4.13,5.551115123126E-16));
#4182 = DIRECTION('',(0.,0.,1.));
#4183 = DIRECTION('',(1.,0.,-0.));
#4184 = ADVANCED_FACE('',(#4185),#4210,.T.);
#4185 = FACE_BOUND('',#4186,.T.);
#4186 = EDGE_LOOP('',(#4187,#4195,#4196,#4204));
#4187 = ORIENTED_EDGE('',*,*,#4188,.F.);
#4188 = EDGE_CURVE('',#2473,#4189,#4191,.T.);
#4189 = VERTEX_POINT('',#4190);
#4190 = CARTESIAN_POINT('',(-3.77,3.97,0.48));
#4191 = LINE('',#4192,#4193);
#4192 = CARTESIAN_POINT('',(-3.663333333333,4.076666666667,
    0.586666666667));
#4193 = VECTOR('',#4194,1.);
#4194 = DIRECTION('',(-0.57735026919,-0.57735026919,-0.57735026919));
#4195 = ORIENTED_EDGE('',*,*,#2472,.T.);
#4196 = ORIENTED_EDGE('',*,*,#4197,.T.);
#4197 = EDGE_CURVE('',#2475,#4198,#4200,.T.);
#4198 = VERTEX_POINT('',#4199);
#4199 = CARTESIAN_POINT('',(-3.77,3.97,0.16));
#4200 = LINE('',#4201,#4202);
#4201 = CARTESIAN_POINT('',(-3.77,3.97,0.16));
#4202 = VECTOR('',#4203,1.);
#4203 = DIRECTION('',(-0.57735026919,-0.57735026919,0.57735026919));
#4204 = ORIENTED_EDGE('',*,*,#4205,.F.);
#4205 = EDGE_CURVE('',#4189,#4198,#4206,.T.);
#4206 = LINE('',#4207,#4208);
#4207 = CARTESIAN_POINT('',(-3.77,3.97,0.64));
#4208 = VECTOR('',#4209,1.);
#4209 = DIRECTION('',(0.,0.,-1.));
#4210 = PLANE('',#4211);
#4211 = AXIS2_PLACEMENT_3D('',#4212,#4213,#4214);
#4212 = CARTESIAN_POINT('',(-3.69,4.05,0.64));
#4213 = DIRECTION('',(-0.707106781187,0.707106781187,0.));
#4214 = DIRECTION('',(0.,0.,-1.));
#4215 = ADVANCED_FACE('',(#4216),#4227,.T.);
#4216 = FACE_BOUND('',#4217,.T.);
#4217 = EDGE_LOOP('',(#4218,#4219,#4220,#4221));
#4218 = ORIENTED_EDGE('',*,*,#2580,.F.);
#4219 = ORIENTED_EDGE('',*,*,#2531,.T.);
#4220 = ORIENTED_EDGE('',*,*,#2646,.T.);
#4221 = ORIENTED_EDGE('',*,*,#4222,.F.);
#4222 = EDGE_CURVE('',#2546,#2619,#4223,.T.);
#4223 = LINE('',#4224,#4225);
#4224 = CARTESIAN_POINT('',(3.61,4.13,0.64));
#4225 = VECTOR('',#4226,1.);
#4226 = DIRECTION('',(0.,-1.,0.));
#4227 = PLANE('',#4228);
#4228 = AXIS2_PLACEMENT_3D('',#4229,#4230,#4231);
#4229 = CARTESIAN_POINT('',(1.59,4.13,0.64));
#4230 = DIRECTION('',(0.,0.,1.));
#4231 = DIRECTION('',(1.,0.,-0.));
#4232 = ADVANCED_FACE('',(#4233),#4258,.T.);
#4233 = FACE_BOUND('',#4234,.F.);
#4234 = EDGE_LOOP('',(#4235,#4243,#4244,#4252));
#4235 = ORIENTED_EDGE('',*,*,#4236,.F.);
#4236 = EDGE_CURVE('',#2546,#4237,#4239,.T.);
#4237 = VERTEX_POINT('',#4238);
#4238 = CARTESIAN_POINT('',(3.77,3.97,0.48));
#4239 = LINE('',#4240,#4241);
#4240 = CARTESIAN_POINT('',(3.663333333333,4.076666666667,0.586666666667
    ));
#4241 = VECTOR('',#4242,1.);
#4242 = DIRECTION('',(0.57735026919,-0.57735026919,-0.57735026919));
#4243 = ORIENTED_EDGE('',*,*,#2545,.T.);
#4244 = ORIENTED_EDGE('',*,*,#4245,.T.);
#4245 = EDGE_CURVE('',#2548,#4246,#4248,.T.);
#4246 = VERTEX_POINT('',#4247);
#4247 = CARTESIAN_POINT('',(3.77,3.97,0.16));
#4248 = LINE('',#4249,#4250);
#4249 = CARTESIAN_POINT('',(3.77,3.97,0.16));
#4250 = VECTOR('',#4251,1.);
#4251 = DIRECTION('',(0.57735026919,-0.57735026919,0.57735026919));
#4252 = ORIENTED_EDGE('',*,*,#4253,.F.);
#4253 = EDGE_CURVE('',#4237,#4246,#4254,.T.);
#4254 = LINE('',#4255,#4256);
#4255 = CARTESIAN_POINT('',(3.77,3.97,0.64));
#4256 = VECTOR('',#4257,1.);
#4257 = DIRECTION('',(0.,0.,-1.));
#4258 = PLANE('',#4259);
#4259 = AXIS2_PLACEMENT_3D('',#4260,#4261,#4262);
#4260 = CARTESIAN_POINT('',(3.69,4.05,0.64));
#4261 = DIRECTION('',(0.707106781187,0.707106781187,0.));
#4262 = DIRECTION('',(0.,-0.,1.));
#4263 = ADVANCED_FACE('',(#4264),#4275,.T.);
#4264 = FACE_BOUND('',#4265,.T.);
#4265 = EDGE_LOOP('',(#4266,#4272,#4273,#4274));
#4266 = ORIENTED_EDGE('',*,*,#4267,.T.);
#4267 = EDGE_CURVE('',#2556,#2629,#4268,.T.);
#4268 = LINE('',#4269,#4270);
#4269 = CARTESIAN_POINT('',(1.59,4.13,4.440892098501E-16));
#4270 = VECTOR('',#4271,1.);
#4271 = DIRECTION('',(0.,-1.,0.));
#4272 = ORIENTED_EDGE('',*,*,#2636,.T.);
#4273 = ORIENTED_EDGE('',*,*,#2595,.F.);
#4274 = ORIENTED_EDGE('',*,*,#2563,.F.);
#4275 = CYLINDRICAL_SURFACE('',#4276,0.64);
#4276 = AXIS2_PLACEMENT_3D('',#4277,#4278,#4279);
#4277 = CARTESIAN_POINT('',(1.59,4.13,0.64));
#4278 = DIRECTION('',(0.,-1.,0.));
#4279 = DIRECTION('',(-0.,-0.,-1.));
#4280 = ADVANCED_FACE('',(#4281),#4292,.T.);
#4281 = FACE_BOUND('',#4282,.T.);
#4282 = EDGE_LOOP('',(#4283,#4284,#4290,#4291));
#4283 = ORIENTED_EDGE('',*,*,#2555,.F.);
#4284 = ORIENTED_EDGE('',*,*,#4285,.T.);
#4285 = EDGE_CURVE('',#2548,#2621,#4286,.T.);
#4286 = LINE('',#4287,#4288);
#4287 = CARTESIAN_POINT('',(3.61,4.13,5.551115123126E-16));
#4288 = VECTOR('',#4289,1.);
#4289 = DIRECTION('',(0.,-1.,0.));
#4290 = ORIENTED_EDGE('',*,*,#2628,.T.);
#4291 = ORIENTED_EDGE('',*,*,#4267,.F.);
#4292 = PLANE('',#4293);
#4293 = AXIS2_PLACEMENT_3D('',#4294,#4295,#4296);
#4294 = CARTESIAN_POINT('',(3.77,4.13,5.551115123126E-16));
#4295 = DIRECTION('',(-0.,-0.,-1.));
#4296 = DIRECTION('',(-1.,0.,0.));
#4297 = ADVANCED_FACE('',(#4298),#4323,.F.);
#4298 = FACE_BOUND('',#4299,.F.);
#4299 = EDGE_LOOP('',(#4300,#4308,#4316,#4322));
#4300 = ORIENTED_EDGE('',*,*,#4301,.T.);
#4301 = EDGE_CURVE('',#2619,#4302,#4304,.T.);
#4302 = VERTEX_POINT('',#4303);
#4303 = CARTESIAN_POINT('',(3.77,3.65,0.48));
#4304 = LINE('',#4305,#4306);
#4305 = CARTESIAN_POINT('',(3.77,3.65,0.48));
#4306 = VECTOR('',#4307,1.);
#4307 = DIRECTION('',(0.57735026919,0.57735026919,-0.57735026919));
#4308 = ORIENTED_EDGE('',*,*,#4309,.T.);
#4309 = EDGE_CURVE('',#4302,#4310,#4312,.T.);
#4310 = VERTEX_POINT('',#4311);
#4311 = CARTESIAN_POINT('',(3.77,3.65,0.16));
#4312 = LINE('',#4313,#4314);
#4313 = CARTESIAN_POINT('',(3.77,3.65,0.64));
#4314 = VECTOR('',#4315,1.);
#4315 = DIRECTION('',(0.,0.,-1.));
#4316 = ORIENTED_EDGE('',*,*,#4317,.T.);
#4317 = EDGE_CURVE('',#4310,#2621,#4318,.T.);
#4318 = LINE('',#4319,#4320);
#4319 = CARTESIAN_POINT('',(3.876666666667,3.756666666667,0.266666666667
    ));
#4320 = VECTOR('',#4321,1.);
#4321 = DIRECTION('',(-0.57735026919,-0.57735026919,-0.57735026919));
#4322 = ORIENTED_EDGE('',*,*,#2618,.F.);
#4323 = PLANE('',#4324);
#4324 = AXIS2_PLACEMENT_3D('',#4325,#4326,#4327);
#4325 = CARTESIAN_POINT('',(3.69,3.57,0.64));
#4326 = DIRECTION('',(-0.707106781187,0.707106781187,0.));
#4327 = DIRECTION('',(0.,0.,-1.));
#4328 = ADVANCED_FACE('',(#4329),#4354,.T.);
#4329 = FACE_BOUND('',#4330,.T.);
#4330 = EDGE_LOOP('',(#4331,#4339,#4347,#4353));
#4331 = ORIENTED_EDGE('',*,*,#4332,.T.);
#4332 = EDGE_CURVE('',#2661,#4333,#4335,.T.);
#4333 = VERTEX_POINT('',#4334);
#4334 = CARTESIAN_POINT('',(1.43,1.43,9.3));
#4335 = LINE('',#4336,#4337);
#4336 = CARTESIAN_POINT('',(1.43,1.43,9.3));
#4337 = VECTOR('',#4338,1.);
#4338 = DIRECTION('',(-0.57735026919,-0.57735026919,0.57735026919));
#4339 = ORIENTED_EDGE('',*,*,#4340,.T.);
#4340 = EDGE_CURVE('',#4333,#4341,#4343,.T.);
#4341 = VERTEX_POINT('',#4342);
#4342 = CARTESIAN_POINT('',(1.43,1.11,9.3));
#4343 = LINE('',#4344,#4345);
#4344 = CARTESIAN_POINT('',(1.43,1.59,9.3));
#4345 = VECTOR('',#4346,1.);
#4346 = DIRECTION('',(0.,-1.,0.));
#4347 = ORIENTED_EDGE('',*,*,#4348,.F.);
#4348 = EDGE_CURVE('',#2669,#4341,#4349,.T.);
#4349 = LINE('',#4350,#4351);
#4350 = CARTESIAN_POINT('',(1.323333333333,1.216666666667,9.406666666667
    ));
#4351 = VECTOR('',#4352,1.);
#4352 = DIRECTION('',(-0.57735026919,0.57735026919,0.57735026919));
#4353 = ORIENTED_EDGE('',*,*,#2668,.F.);
#4354 = PLANE('',#4355);
#4355 = AXIS2_PLACEMENT_3D('',#4356,#4357,#4358);
#4356 = CARTESIAN_POINT('',(1.51,1.59,9.22));
#4357 = DIRECTION('',(0.707106781187,1.735167508357E-18,0.707106781187)
  );
#4358 = DIRECTION('',(1.226948711654E-18,-1.,1.226948711654E-18));
#4359 = ADVANCED_FACE('',(#4360),#4378,.T.);
#4360 = FACE_BOUND('',#4361,.F.);
#4361 = EDGE_LOOP('',(#4362,#4370,#4371,#4372));
#4362 = ORIENTED_EDGE('',*,*,#4363,.F.);
#4363 = EDGE_CURVE('',#2693,#4364,#4366,.T.);
#4364 = VERTEX_POINT('',#4365);
#4365 = CARTESIAN_POINT('',(1.11,1.43,9.3));
#4366 = LINE('',#4367,#4368);
#4367 = CARTESIAN_POINT('',(1.003333333333,1.536666666667,9.193333333333
    ));
#4368 = VECTOR('',#4369,1.);
#4369 = DIRECTION('',(0.57735026919,-0.57735026919,0.57735026919));
#4370 = ORIENTED_EDGE('',*,*,#2700,.T.);
#4371 = ORIENTED_EDGE('',*,*,#4332,.T.);
#4372 = ORIENTED_EDGE('',*,*,#4373,.F.);
#4373 = EDGE_CURVE('',#4364,#4333,#4374,.T.);
#4374 = LINE('',#4375,#4376);
#4375 = CARTESIAN_POINT('',(0.95,1.43,9.3));
#4376 = VECTOR('',#4377,1.);
#4377 = DIRECTION('',(1.,0.,0.));
#4378 = PLANE('',#4379);
#4379 = AXIS2_PLACEMENT_3D('',#4380,#4381,#4382);
#4380 = CARTESIAN_POINT('',(0.95,1.51,9.22));
#4381 = DIRECTION('',(0.,0.707106781187,0.707106781187));
#4382 = DIRECTION('',(-1.,0.,0.));
#4383 = ADVANCED_FACE('',(#4384),#4402,.T.);
#4384 = FACE_BOUND('',#4385,.T.);
#4385 = EDGE_LOOP('',(#4386,#4387,#4388,#4396));
#4386 = ORIENTED_EDGE('',*,*,#4363,.F.);
#4387 = ORIENTED_EDGE('',*,*,#2725,.T.);
#4388 = ORIENTED_EDGE('',*,*,#4389,.T.);
#4389 = EDGE_CURVE('',#2718,#4390,#4392,.T.);
#4390 = VERTEX_POINT('',#4391);
#4391 = CARTESIAN_POINT('',(1.11,1.11,9.3));
#4392 = LINE('',#4393,#4394);
#4393 = CARTESIAN_POINT('',(1.11,1.11,9.3));
#4394 = VECTOR('',#4395,1.);
#4395 = DIRECTION('',(0.57735026919,0.57735026919,0.57735026919));
#4396 = ORIENTED_EDGE('',*,*,#4397,.F.);
#4397 = EDGE_CURVE('',#4364,#4390,#4398,.T.);
#4398 = LINE('',#4399,#4400);
#4399 = CARTESIAN_POINT('',(1.11,1.59,9.3));
#4400 = VECTOR('',#4401,1.);
#4401 = DIRECTION('',(0.,-1.,0.));
#4402 = PLANE('',#4403);
#4403 = AXIS2_PLACEMENT_3D('',#4404,#4405,#4406);
#4404 = CARTESIAN_POINT('',(1.03,1.59,9.22));
#4405 = DIRECTION('',(-0.707106781187,-1.735167508357E-18,0.707106781187
    ));
#4406 = DIRECTION('',(1.226948711654E-18,-1.,-1.226948711654E-18));
#4407 = ADVANCED_FACE('',(#4408),#4419,.F.);
#4408 = FACE_BOUND('',#4409,.T.);
#4409 = EDGE_LOOP('',(#4410,#4411,#4412,#4413));
#4410 = ORIENTED_EDGE('',*,*,#4389,.F.);
#4411 = ORIENTED_EDGE('',*,*,#2741,.T.);
#4412 = ORIENTED_EDGE('',*,*,#4348,.T.);
#4413 = ORIENTED_EDGE('',*,*,#4414,.F.);
#4414 = EDGE_CURVE('',#4390,#4341,#4415,.T.);
#4415 = LINE('',#4416,#4417);
#4416 = CARTESIAN_POINT('',(0.95,1.11,9.3));
#4417 = VECTOR('',#4418,1.);
#4418 = DIRECTION('',(1.,0.,0.));
#4419 = PLANE('',#4420);
#4420 = AXIS2_PLACEMENT_3D('',#4421,#4422,#4423);
#4421 = CARTESIAN_POINT('',(0.95,1.03,9.22));
#4422 = DIRECTION('',(0.,0.707106781187,-0.707106781187));
#4423 = DIRECTION('',(-1.,0.,-0.));
#4424 = ADVANCED_FACE('',(#4425),#4450,.F.);
#4425 = FACE_BOUND('',#4426,.F.);
#4426 = EDGE_LOOP('',(#4427,#4435,#4436,#4444));
#4427 = ORIENTED_EDGE('',*,*,#4428,.F.);
#4428 = EDGE_CURVE('',#2758,#4429,#4431,.T.);
#4429 = VERTEX_POINT('',#4430);
#4430 = CARTESIAN_POINT('',(-1.11,1.11,9.3));
#4431 = LINE('',#4432,#4433);
#4432 = CARTESIAN_POINT('',(-1.11,1.11,9.3));
#4433 = VECTOR('',#4434,1.);
#4434 = DIRECTION('',(-0.57735026919,0.57735026919,0.57735026919));
#4435 = ORIENTED_EDGE('',*,*,#2765,.T.);
#4436 = ORIENTED_EDGE('',*,*,#4437,.T.);
#4437 = EDGE_CURVE('',#2766,#4438,#4440,.T.);
#4438 = VERTEX_POINT('',#4439);
#4439 = CARTESIAN_POINT('',(-1.43,1.11,9.3));
#4440 = LINE('',#4441,#4442);
#4441 = CARTESIAN_POINT('',(-1.323333333333,1.216666666667,
    9.406666666667));
#4442 = VECTOR('',#4443,1.);
#4443 = DIRECTION('',(0.57735026919,0.57735026919,0.57735026919));
#4444 = ORIENTED_EDGE('',*,*,#4445,.F.);
#4445 = EDGE_CURVE('',#4429,#4438,#4446,.T.);
#4446 = LINE('',#4447,#4448);
#4447 = CARTESIAN_POINT('',(-0.95,1.11,9.3));
#4448 = VECTOR('',#4449,1.);
#4449 = DIRECTION('',(-1.,0.,0.));
#4450 = PLANE('',#4451);
#4451 = AXIS2_PLACEMENT_3D('',#4452,#4453,#4454);
#4452 = CARTESIAN_POINT('',(-0.95,1.03,9.22));
#4453 = DIRECTION('',(0.,0.707106781187,-0.707106781187));
#4454 = DIRECTION('',(-1.,0.,0.));
#4455 = ADVANCED_FACE('',(#4456),#4474,.T.);
#4456 = FACE_BOUND('',#4457,.F.);
#4457 = EDGE_LOOP('',(#4458,#4466,#4467,#4468));
#4458 = ORIENTED_EDGE('',*,*,#4459,.F.);
#4459 = EDGE_CURVE('',#2788,#4460,#4462,.T.);
#4460 = VERTEX_POINT('',#4461);
#4461 = CARTESIAN_POINT('',(-1.11,1.43,9.3));
#4462 = LINE('',#4463,#4464);
#4463 = CARTESIAN_POINT('',(-1.003333333333,1.536666666667,
    9.193333333333));
#4464 = VECTOR('',#4465,1.);
#4465 = DIRECTION('',(-0.57735026919,-0.57735026919,0.57735026919));
#4466 = ORIENTED_EDGE('',*,*,#2797,.T.);
#4467 = ORIENTED_EDGE('',*,*,#4428,.T.);
#4468 = ORIENTED_EDGE('',*,*,#4469,.F.);
#4469 = EDGE_CURVE('',#4460,#4429,#4470,.T.);
#4470 = LINE('',#4471,#4472);
#4471 = CARTESIAN_POINT('',(-1.11,1.59,9.3));
#4472 = VECTOR('',#4473,1.);
#4473 = DIRECTION('',(0.,-1.,0.));
#4474 = PLANE('',#4475);
#4475 = AXIS2_PLACEMENT_3D('',#4476,#4477,#4478);
#4476 = CARTESIAN_POINT('',(-1.03,1.59,9.22));
#4477 = DIRECTION('',(0.707106781187,1.735167508357E-18,0.707106781187)
  );
#4478 = DIRECTION('',(-1.226948711654E-18,1.,-1.226948711654E-18));
#4479 = ADVANCED_FACE('',(#4480),#4498,.T.);
#4480 = FACE_BOUND('',#4481,.T.);
#4481 = EDGE_LOOP('',(#4482,#4483,#4484,#4492));
#4482 = ORIENTED_EDGE('',*,*,#4459,.F.);
#4483 = ORIENTED_EDGE('',*,*,#2813,.T.);
#4484 = ORIENTED_EDGE('',*,*,#4485,.T.);
#4485 = EDGE_CURVE('',#2814,#4486,#4488,.T.);
#4486 = VERTEX_POINT('',#4487);
#4487 = CARTESIAN_POINT('',(-1.43,1.43,9.3));
#4488 = LINE('',#4489,#4490);
#4489 = CARTESIAN_POINT('',(-1.43,1.43,9.3));
#4490 = VECTOR('',#4491,1.);
#4491 = DIRECTION('',(0.57735026919,-0.57735026919,0.57735026919));
#4492 = ORIENTED_EDGE('',*,*,#4493,.F.);
#4493 = EDGE_CURVE('',#4460,#4486,#4494,.T.);
#4494 = LINE('',#4495,#4496);
#4495 = CARTESIAN_POINT('',(-0.95,1.43,9.3));
#4496 = VECTOR('',#4497,1.);
#4497 = DIRECTION('',(-1.,0.,0.));
#4498 = PLANE('',#4499);
#4499 = AXIS2_PLACEMENT_3D('',#4500,#4501,#4502);
#4500 = CARTESIAN_POINT('',(-0.95,1.51,9.22));
#4501 = DIRECTION('',(0.,0.707106781187,0.707106781187));
#4502 = DIRECTION('',(-1.,0.,0.));
#4503 = ADVANCED_FACE('',(#4504),#4515,.T.);
#4504 = FACE_BOUND('',#4505,.F.);
#4505 = EDGE_LOOP('',(#4506,#4507,#4513,#4514));
#4506 = ORIENTED_EDGE('',*,*,#4485,.T.);
#4507 = ORIENTED_EDGE('',*,*,#4508,.T.);
#4508 = EDGE_CURVE('',#4486,#4438,#4509,.T.);
#4509 = LINE('',#4510,#4511);
#4510 = CARTESIAN_POINT('',(-1.43,1.59,9.3));
#4511 = VECTOR('',#4512,1.);
#4512 = DIRECTION('',(0.,-1.,0.));
#4513 = ORIENTED_EDGE('',*,*,#4437,.F.);
#4514 = ORIENTED_EDGE('',*,*,#2836,.F.);
#4515 = PLANE('',#4516);
#4516 = AXIS2_PLACEMENT_3D('',#4517,#4518,#4519);
#4517 = CARTESIAN_POINT('',(-1.51,1.59,9.22));
#4518 = DIRECTION('',(-0.707106781187,-1.735167508357E-18,0.707106781187
    ));
#4519 = DIRECTION('',(-1.226948711654E-18,1.,1.226948711654E-18));
#4520 = ADVANCED_FACE('',(#4521),#4546,.T.);
#4521 = FACE_BOUND('',#4522,.F.);
#4522 = EDGE_LOOP('',(#4523,#4531,#4539,#4545));
#4523 = ORIENTED_EDGE('',*,*,#4524,.T.);
#4524 = EDGE_CURVE('',#2853,#4525,#4527,.T.);
#4525 = VERTEX_POINT('',#4526);
#4526 = CARTESIAN_POINT('',(-1.43,-3.65,9.3));
#4527 = LINE('',#4528,#4529);
#4528 = CARTESIAN_POINT('',(-1.43,-3.65,9.3));
#4529 = VECTOR('',#4530,1.);
#4530 = DIRECTION('',(0.57735026919,-0.57735026919,0.57735026919));
#4531 = ORIENTED_EDGE('',*,*,#4532,.T.);
#4532 = EDGE_CURVE('',#4525,#4533,#4535,.T.);
#4533 = VERTEX_POINT('',#4534);
#4534 = CARTESIAN_POINT('',(-1.43,-3.97,9.3));
#4535 = LINE('',#4536,#4537);
#4536 = CARTESIAN_POINT('',(-1.43,-3.49,9.3));
#4537 = VECTOR('',#4538,1.);
#4538 = DIRECTION('',(0.,-1.,0.));
#4539 = ORIENTED_EDGE('',*,*,#4540,.F.);
#4540 = EDGE_CURVE('',#2861,#4533,#4541,.T.);
#4541 = LINE('',#4542,#4543);
#4542 = CARTESIAN_POINT('',(-1.323333333333,-3.863333333333,
    9.406666666667));
#4543 = VECTOR('',#4544,1.);
#4544 = DIRECTION('',(0.57735026919,0.57735026919,0.57735026919));
#4545 = ORIENTED_EDGE('',*,*,#2860,.F.);
#4546 = PLANE('',#4547);
#4547 = AXIS2_PLACEMENT_3D('',#4548,#4549,#4550);
#4548 = CARTESIAN_POINT('',(-1.51,-3.49,9.22));
#4549 = DIRECTION('',(-0.707106781187,-1.735167508357E-18,0.707106781187
    ));
#4550 = DIRECTION('',(-1.226948711654E-18,1.,1.226948711654E-18));
#4551 = ADVANCED_FACE('',(#4552),#4570,.F.);
#4552 = FACE_BOUND('',#4553,.F.);
#4553 = EDGE_LOOP('',(#4554,#4562,#4563,#4564));
#4554 = ORIENTED_EDGE('',*,*,#4555,.F.);
#4555 = EDGE_CURVE('',#2885,#4556,#4558,.T.);
#4556 = VERTEX_POINT('',#4557);
#4557 = CARTESIAN_POINT('',(-1.11,-3.97,9.3));
#4558 = LINE('',#4559,#4560);
#4559 = CARTESIAN_POINT('',(-1.11,-3.97,9.3));
#4560 = VECTOR('',#4561,1.);
#4561 = DIRECTION('',(-0.57735026919,0.57735026919,0.57735026919));
#4562 = ORIENTED_EDGE('',*,*,#2892,.T.);
#4563 = ORIENTED_EDGE('',*,*,#4540,.T.);
#4564 = ORIENTED_EDGE('',*,*,#4565,.F.);
#4565 = EDGE_CURVE('',#4556,#4533,#4566,.T.);
#4566 = LINE('',#4567,#4568);
#4567 = CARTESIAN_POINT('',(-0.95,-3.97,9.3));
#4568 = VECTOR('',#4569,1.);
#4569 = DIRECTION('',(-1.,0.,0.));
#4570 = PLANE('',#4571);
#4571 = AXIS2_PLACEMENT_3D('',#4572,#4573,#4574);
#4572 = CARTESIAN_POINT('',(-0.95,-4.05,9.22));
#4573 = DIRECTION('',(0.,0.707106781187,-0.707106781187));
#4574 = DIRECTION('',(-1.,0.,0.));
#4575 = ADVANCED_FACE('',(#4576),#4594,.T.);
#4576 = FACE_BOUND('',#4577,.F.);
#4577 = EDGE_LOOP('',(#4578,#4586,#4587,#4588));
#4578 = ORIENTED_EDGE('',*,*,#4579,.F.);
#4579 = EDGE_CURVE('',#2908,#4580,#4582,.T.);
#4580 = VERTEX_POINT('',#4581);
#4581 = CARTESIAN_POINT('',(-1.11,-3.65,9.3));
#4582 = LINE('',#4583,#4584);
#4583 = CARTESIAN_POINT('',(-1.003333333333,-3.543333333333,
    9.193333333333));
#4584 = VECTOR('',#4585,1.);
#4585 = DIRECTION('',(-0.57735026919,-0.57735026919,0.57735026919));
#4586 = ORIENTED_EDGE('',*,*,#2917,.T.);
#4587 = ORIENTED_EDGE('',*,*,#4555,.T.);
#4588 = ORIENTED_EDGE('',*,*,#4589,.F.);
#4589 = EDGE_CURVE('',#4580,#4556,#4590,.T.);
#4590 = LINE('',#4591,#4592);
#4591 = CARTESIAN_POINT('',(-1.11,-3.49,9.3));
#4592 = VECTOR('',#4593,1.);
#4593 = DIRECTION('',(0.,-1.,0.));
#4594 = PLANE('',#4595);
#4595 = AXIS2_PLACEMENT_3D('',#4596,#4597,#4598);
#4596 = CARTESIAN_POINT('',(-1.03,-3.49,9.22));
#4597 = DIRECTION('',(0.707106781187,1.735167508357E-18,0.707106781187)
  );
#4598 = DIRECTION('',(-1.226948711654E-18,1.,-1.226948711654E-18));
#4599 = ADVANCED_FACE('',(#4600),#4611,.T.);
#4600 = FACE_BOUND('',#4601,.T.);
#4601 = EDGE_LOOP('',(#4602,#4603,#4604,#4605));
#4602 = ORIENTED_EDGE('',*,*,#4579,.F.);
#4603 = ORIENTED_EDGE('',*,*,#2933,.T.);
#4604 = ORIENTED_EDGE('',*,*,#4524,.T.);
#4605 = ORIENTED_EDGE('',*,*,#4606,.F.);
#4606 = EDGE_CURVE('',#4580,#4525,#4607,.T.);
#4607 = LINE('',#4608,#4609);
#4608 = CARTESIAN_POINT('',(-0.95,-3.65,9.3));
#4609 = VECTOR('',#4610,1.);
#4610 = DIRECTION('',(-1.,0.,0.));
#4611 = PLANE('',#4612);
#4612 = AXIS2_PLACEMENT_3D('',#4613,#4614,#4615);
#4613 = CARTESIAN_POINT('',(-0.95,-3.57,9.22));
#4614 = DIRECTION('',(0.,0.707106781187,0.707106781187));
#4615 = DIRECTION('',(-1.,0.,0.));
#4616 = ADVANCED_FACE('',(#4617),#4642,.T.);
#4617 = FACE_BOUND('',#4618,.F.);
#4618 = EDGE_LOOP('',(#4619,#4627,#4628,#4636));
#4619 = ORIENTED_EDGE('',*,*,#4620,.F.);
#4620 = EDGE_CURVE('',#2950,#4621,#4623,.T.);
#4621 = VERTEX_POINT('',#4622);
#4622 = CARTESIAN_POINT('',(1.11,-3.65,9.3));
#4623 = LINE('',#4624,#4625);
#4624 = CARTESIAN_POINT('',(1.003333333333,-3.543333333333,
    9.193333333333));
#4625 = VECTOR('',#4626,1.);
#4626 = DIRECTION('',(0.57735026919,-0.57735026919,0.57735026919));
#4627 = ORIENTED_EDGE('',*,*,#2957,.T.);
#4628 = ORIENTED_EDGE('',*,*,#4629,.T.);
#4629 = EDGE_CURVE('',#2958,#4630,#4632,.T.);
#4630 = VERTEX_POINT('',#4631);
#4631 = CARTESIAN_POINT('',(1.43,-3.65,9.3));
#4632 = LINE('',#4633,#4634);
#4633 = CARTESIAN_POINT('',(1.43,-3.65,9.3));
#4634 = VECTOR('',#4635,1.);
#4635 = DIRECTION('',(-0.57735026919,-0.57735026919,0.57735026919));
#4636 = ORIENTED_EDGE('',*,*,#4637,.F.);
#4637 = EDGE_CURVE('',#4621,#4630,#4638,.T.);
#4638 = LINE('',#4639,#4640);
#4639 = CARTESIAN_POINT('',(0.95,-3.65,9.3));
#4640 = VECTOR('',#4641,1.);
#4641 = DIRECTION('',(1.,0.,0.));
#4642 = PLANE('',#4643);
#4643 = AXIS2_PLACEMENT_3D('',#4644,#4645,#4646);
#4644 = CARTESIAN_POINT('',(0.95,-3.57,9.22));
#4645 = DIRECTION('',(0.,0.707106781187,0.707106781187));
#4646 = DIRECTION('',(-1.,0.,0.));
#4647 = ADVANCED_FACE('',(#4648),#4666,.T.);
#4648 = FACE_BOUND('',#4649,.T.);
#4649 = EDGE_LOOP('',(#4650,#4651,#4652,#4660));
#4650 = ORIENTED_EDGE('',*,*,#4620,.F.);
#4651 = ORIENTED_EDGE('',*,*,#2989,.T.);
#4652 = ORIENTED_EDGE('',*,*,#4653,.T.);
#4653 = EDGE_CURVE('',#2982,#4654,#4656,.T.);
#4654 = VERTEX_POINT('',#4655);
#4655 = CARTESIAN_POINT('',(1.11,-3.97,9.3));
#4656 = LINE('',#4657,#4658);
#4657 = CARTESIAN_POINT('',(1.11,-3.97,9.3));
#4658 = VECTOR('',#4659,1.);
#4659 = DIRECTION('',(0.57735026919,0.57735026919,0.57735026919));
#4660 = ORIENTED_EDGE('',*,*,#4661,.F.);
#4661 = EDGE_CURVE('',#4621,#4654,#4662,.T.);
#4662 = LINE('',#4663,#4664);
#4663 = CARTESIAN_POINT('',(1.11,-3.49,9.3));
#4664 = VECTOR('',#4665,1.);
#4665 = DIRECTION('',(0.,-1.,0.));
#4666 = PLANE('',#4667);
#4667 = AXIS2_PLACEMENT_3D('',#4668,#4669,#4670);
#4668 = CARTESIAN_POINT('',(1.03,-3.49,9.22));
#4669 = DIRECTION('',(-0.707106781187,-1.735167508357E-18,0.707106781187
    ));
#4670 = DIRECTION('',(1.226948711654E-18,-1.,-1.226948711654E-18));
#4671 = ADVANCED_FACE('',(#4672),#4690,.F.);
#4672 = FACE_BOUND('',#4673,.T.);
#4673 = EDGE_LOOP('',(#4674,#4675,#4676,#4684));
#4674 = ORIENTED_EDGE('',*,*,#4653,.F.);
#4675 = ORIENTED_EDGE('',*,*,#3005,.T.);
#4676 = ORIENTED_EDGE('',*,*,#4677,.T.);
#4677 = EDGE_CURVE('',#3006,#4678,#4680,.T.);
#4678 = VERTEX_POINT('',#4679);
#4679 = CARTESIAN_POINT('',(1.43,-3.97,9.3));
#4680 = LINE('',#4681,#4682);
#4681 = CARTESIAN_POINT('',(1.323333333333,-3.863333333333,
    9.406666666667));
#4682 = VECTOR('',#4683,1.);
#4683 = DIRECTION('',(-0.57735026919,0.57735026919,0.57735026919));
#4684 = ORIENTED_EDGE('',*,*,#4685,.F.);
#4685 = EDGE_CURVE('',#4654,#4678,#4686,.T.);
#4686 = LINE('',#4687,#4688);
#4687 = CARTESIAN_POINT('',(0.95,-3.97,9.3));
#4688 = VECTOR('',#4689,1.);
#4689 = DIRECTION('',(1.,0.,0.));
#4690 = PLANE('',#4691);
#4691 = AXIS2_PLACEMENT_3D('',#4692,#4693,#4694);
#4692 = CARTESIAN_POINT('',(0.95,-4.05,9.22));
#4693 = DIRECTION('',(0.,0.707106781187,-0.707106781187));
#4694 = DIRECTION('',(-1.,0.,-0.));
#4695 = ADVANCED_FACE('',(#4696),#4707,.T.);
#4696 = FACE_BOUND('',#4697,.T.);
#4697 = EDGE_LOOP('',(#4698,#4699,#4705,#4706));
#4698 = ORIENTED_EDGE('',*,*,#4629,.T.);
#4699 = ORIENTED_EDGE('',*,*,#4700,.T.);
#4700 = EDGE_CURVE('',#4630,#4678,#4701,.T.);
#4701 = LINE('',#4702,#4703);
#4702 = CARTESIAN_POINT('',(1.43,-3.49,9.3));
#4703 = VECTOR('',#4704,1.);
#4704 = DIRECTION('',(0.,-1.,0.));
#4705 = ORIENTED_EDGE('',*,*,#4677,.F.);
#4706 = ORIENTED_EDGE('',*,*,#3028,.F.);
#4707 = PLANE('',#4708);
#4708 = AXIS2_PLACEMENT_3D('',#4709,#4710,#4711);
#4709 = CARTESIAN_POINT('',(1.51,-3.49,9.22));
#4710 = DIRECTION('',(0.707106781187,1.735167508357E-18,0.707106781187)
  );
#4711 = DIRECTION('',(1.226948711654E-18,-1.,1.226948711654E-18));
#4712 = ADVANCED_FACE('',(#4713),#4738,.T.);
#4713 = FACE_BOUND('',#4714,.T.);
#4714 = EDGE_LOOP('',(#4715,#4723,#4731,#4737));
#4715 = ORIENTED_EDGE('',*,*,#4716,.T.);
#4716 = EDGE_CURVE('',#3045,#4717,#4719,.T.);
#4717 = VERTEX_POINT('',#4718);
#4718 = CARTESIAN_POINT('',(1.43,-1.11,9.3));
#4719 = LINE('',#4720,#4721);
#4720 = CARTESIAN_POINT('',(1.43,-1.11,9.3));
#4721 = VECTOR('',#4722,1.);
#4722 = DIRECTION('',(-0.57735026919,-0.57735026919,0.57735026919));
#4723 = ORIENTED_EDGE('',*,*,#4724,.T.);
#4724 = EDGE_CURVE('',#4717,#4725,#4727,.T.);
#4725 = VERTEX_POINT('',#4726);
#4726 = CARTESIAN_POINT('',(1.43,-1.43,9.3));
#4727 = LINE('',#4728,#4729);
#4728 = CARTESIAN_POINT('',(1.43,-0.95,9.3));
#4729 = VECTOR('',#4730,1.);
#4730 = DIRECTION('',(0.,-1.,0.));
#4731 = ORIENTED_EDGE('',*,*,#4732,.F.);
#4732 = EDGE_CURVE('',#3053,#4725,#4733,.T.);
#4733 = LINE('',#4734,#4735);
#4734 = CARTESIAN_POINT('',(1.323333333333,-1.323333333333,
    9.406666666667));
#4735 = VECTOR('',#4736,1.);
#4736 = DIRECTION('',(-0.57735026919,0.57735026919,0.57735026919));
#4737 = ORIENTED_EDGE('',*,*,#3052,.F.);
#4738 = PLANE('',#4739);
#4739 = AXIS2_PLACEMENT_3D('',#4740,#4741,#4742);
#4740 = CARTESIAN_POINT('',(1.51,-0.95,9.22));
#4741 = DIRECTION('',(0.707106781187,1.735167508357E-18,0.707106781187)
  );
#4742 = DIRECTION('',(1.226948711654E-18,-1.,1.226948711654E-18));
#4743 = ADVANCED_FACE('',(#4744),#4762,.T.);
#4744 = FACE_BOUND('',#4745,.F.);
#4745 = EDGE_LOOP('',(#4746,#4754,#4755,#4756));
#4746 = ORIENTED_EDGE('',*,*,#4747,.F.);
#4747 = EDGE_CURVE('',#3077,#4748,#4750,.T.);
#4748 = VERTEX_POINT('',#4749);
#4749 = CARTESIAN_POINT('',(1.11,-1.11,9.3));
#4750 = LINE('',#4751,#4752);
#4751 = CARTESIAN_POINT('',(1.003333333333,-1.003333333333,
    9.193333333333));
#4752 = VECTOR('',#4753,1.);
#4753 = DIRECTION('',(0.57735026919,-0.57735026919,0.57735026919));
#4754 = ORIENTED_EDGE('',*,*,#3084,.T.);
#4755 = ORIENTED_EDGE('',*,*,#4716,.T.);
#4756 = ORIENTED_EDGE('',*,*,#4757,.F.);
#4757 = EDGE_CURVE('',#4748,#4717,#4758,.T.);
#4758 = LINE('',#4759,#4760);
#4759 = CARTESIAN_POINT('',(0.95,-1.11,9.3));
#4760 = VECTOR('',#4761,1.);
#4761 = DIRECTION('',(1.,0.,0.));
#4762 = PLANE('',#4763);
#4763 = AXIS2_PLACEMENT_3D('',#4764,#4765,#4766);
#4764 = CARTESIAN_POINT('',(0.95,-1.03,9.22));
#4765 = DIRECTION('',(0.,0.707106781187,0.707106781187));
#4766 = DIRECTION('',(-1.,0.,0.));
#4767 = ADVANCED_FACE('',(#4768),#4786,.T.);
#4768 = FACE_BOUND('',#4769,.T.);
#4769 = EDGE_LOOP('',(#4770,#4771,#4772,#4780));
#4770 = ORIENTED_EDGE('',*,*,#4747,.F.);
#4771 = ORIENTED_EDGE('',*,*,#3109,.T.);
#4772 = ORIENTED_EDGE('',*,*,#4773,.T.);
#4773 = EDGE_CURVE('',#3102,#4774,#4776,.T.);
#4774 = VERTEX_POINT('',#4775);
#4775 = CARTESIAN_POINT('',(1.11,-1.43,9.3));
#4776 = LINE('',#4777,#4778);
#4777 = CARTESIAN_POINT('',(1.11,-1.43,9.3));
#4778 = VECTOR('',#4779,1.);
#4779 = DIRECTION('',(0.57735026919,0.57735026919,0.57735026919));
#4780 = ORIENTED_EDGE('',*,*,#4781,.F.);
#4781 = EDGE_CURVE('',#4748,#4774,#4782,.T.);
#4782 = LINE('',#4783,#4784);
#4783 = CARTESIAN_POINT('',(1.11,-0.95,9.3));
#4784 = VECTOR('',#4785,1.);
#4785 = DIRECTION('',(0.,-1.,0.));
#4786 = PLANE('',#4787);
#4787 = AXIS2_PLACEMENT_3D('',#4788,#4789,#4790);
#4788 = CARTESIAN_POINT('',(1.03,-0.95,9.22));
#4789 = DIRECTION('',(-0.707106781187,-1.735167508357E-18,0.707106781187
    ));
#4790 = DIRECTION('',(1.226948711654E-18,-1.,-1.226948711654E-18));
#4791 = ADVANCED_FACE('',(#4792),#4803,.F.);
#4792 = FACE_BOUND('',#4793,.T.);
#4793 = EDGE_LOOP('',(#4794,#4795,#4796,#4797));
#4794 = ORIENTED_EDGE('',*,*,#4773,.F.);
#4795 = ORIENTED_EDGE('',*,*,#3125,.T.);
#4796 = ORIENTED_EDGE('',*,*,#4732,.T.);
#4797 = ORIENTED_EDGE('',*,*,#4798,.F.);
#4798 = EDGE_CURVE('',#4774,#4725,#4799,.T.);
#4799 = LINE('',#4800,#4801);
#4800 = CARTESIAN_POINT('',(0.95,-1.43,9.3));
#4801 = VECTOR('',#4802,1.);
#4802 = DIRECTION('',(1.,0.,0.));
#4803 = PLANE('',#4804);
#4804 = AXIS2_PLACEMENT_3D('',#4805,#4806,#4807);
#4805 = CARTESIAN_POINT('',(0.95,-1.51,9.22));
#4806 = DIRECTION('',(0.,0.707106781187,-0.707106781187));
#4807 = DIRECTION('',(-1.,0.,-0.));
#4808 = ADVANCED_FACE('',(#4809),#4834,.T.);
#4809 = FACE_BOUND('',#4810,.T.);
#4810 = EDGE_LOOP('',(#4811,#4819,#4820,#4828));
#4811 = ORIENTED_EDGE('',*,*,#4812,.F.);
#4812 = EDGE_CURVE('',#3142,#4813,#4815,.T.);
#4813 = VERTEX_POINT('',#4814);
#4814 = CARTESIAN_POINT('',(-1.11,-1.11,9.3));
#4815 = LINE('',#4816,#4817);
#4816 = CARTESIAN_POINT('',(-1.003333333333,-1.003333333333,
    9.193333333333));
#4817 = VECTOR('',#4818,1.);
#4818 = DIRECTION('',(-0.57735026919,-0.57735026919,0.57735026919));
#4819 = ORIENTED_EDGE('',*,*,#3149,.T.);
#4820 = ORIENTED_EDGE('',*,*,#4821,.T.);
#4821 = EDGE_CURVE('',#3150,#4822,#4824,.T.);
#4822 = VERTEX_POINT('',#4823);
#4823 = CARTESIAN_POINT('',(-1.43,-1.11,9.3));
#4824 = LINE('',#4825,#4826);
#4825 = CARTESIAN_POINT('',(-1.43,-1.11,9.3));
#4826 = VECTOR('',#4827,1.);
#4827 = DIRECTION('',(0.57735026919,-0.57735026919,0.57735026919));
#4828 = ORIENTED_EDGE('',*,*,#4829,.F.);
#4829 = EDGE_CURVE('',#4813,#4822,#4830,.T.);
#4830 = LINE('',#4831,#4832);
#4831 = CARTESIAN_POINT('',(-0.95,-1.11,9.3));
#4832 = VECTOR('',#4833,1.);
#4833 = DIRECTION('',(-1.,0.,0.));
#4834 = PLANE('',#4835);
#4835 = AXIS2_PLACEMENT_3D('',#4836,#4837,#4838);
#4836 = CARTESIAN_POINT('',(-0.95,-1.03,9.22));
#4837 = DIRECTION('',(0.,0.707106781187,0.707106781187));
#4838 = DIRECTION('',(-1.,0.,0.));
#4839 = ADVANCED_FACE('',(#4840),#4858,.T.);
#4840 = FACE_BOUND('',#4841,.F.);
#4841 = EDGE_LOOP('',(#4842,#4843,#4851,#4857));
#4842 = ORIENTED_EDGE('',*,*,#4821,.T.);
#4843 = ORIENTED_EDGE('',*,*,#4844,.T.);
#4844 = EDGE_CURVE('',#4822,#4845,#4847,.T.);
#4845 = VERTEX_POINT('',#4846);
#4846 = CARTESIAN_POINT('',(-1.43,-1.43,9.3));
#4847 = LINE('',#4848,#4849);
#4848 = CARTESIAN_POINT('',(-1.43,-0.95,9.3));
#4849 = VECTOR('',#4850,1.);
#4850 = DIRECTION('',(0.,-1.,0.));
#4851 = ORIENTED_EDGE('',*,*,#4852,.F.);
#4852 = EDGE_CURVE('',#3173,#4845,#4853,.T.);
#4853 = LINE('',#4854,#4855);
#4854 = CARTESIAN_POINT('',(-1.323333333333,-1.323333333333,
    9.406666666667));
#4855 = VECTOR('',#4856,1.);
#4856 = DIRECTION('',(0.57735026919,0.57735026919,0.57735026919));
#4857 = ORIENTED_EDGE('',*,*,#3172,.F.);
#4858 = PLANE('',#4859);
#4859 = AXIS2_PLACEMENT_3D('',#4860,#4861,#4862);
#4860 = CARTESIAN_POINT('',(-1.51,-0.95,9.22));
#4861 = DIRECTION('',(-0.707106781187,-1.735167508357E-18,0.707106781187
    ));
#4862 = DIRECTION('',(-1.226948711654E-18,1.,1.226948711654E-18));
#4863 = ADVANCED_FACE('',(#4864),#4882,.F.);
#4864 = FACE_BOUND('',#4865,.F.);
#4865 = EDGE_LOOP('',(#4866,#4874,#4875,#4876));
#4866 = ORIENTED_EDGE('',*,*,#4867,.F.);
#4867 = EDGE_CURVE('',#3197,#4868,#4870,.T.);
#4868 = VERTEX_POINT('',#4869);
#4869 = CARTESIAN_POINT('',(-1.11,-1.43,9.3));
#4870 = LINE('',#4871,#4872);
#4871 = CARTESIAN_POINT('',(-1.11,-1.43,9.3));
#4872 = VECTOR('',#4873,1.);
#4873 = DIRECTION('',(-0.57735026919,0.57735026919,0.57735026919));
#4874 = ORIENTED_EDGE('',*,*,#3204,.T.);
#4875 = ORIENTED_EDGE('',*,*,#4852,.T.);
#4876 = ORIENTED_EDGE('',*,*,#4877,.F.);
#4877 = EDGE_CURVE('',#4868,#4845,#4878,.T.);
#4878 = LINE('',#4879,#4880);
#4879 = CARTESIAN_POINT('',(-0.95,-1.43,9.3));
#4880 = VECTOR('',#4881,1.);
#4881 = DIRECTION('',(-1.,0.,0.));
#4882 = PLANE('',#4883);
#4883 = AXIS2_PLACEMENT_3D('',#4884,#4885,#4886);
#4884 = CARTESIAN_POINT('',(-0.95,-1.51,9.22));
#4885 = DIRECTION('',(0.,0.707106781187,-0.707106781187));
#4886 = DIRECTION('',(-1.,0.,0.));
#4887 = ADVANCED_FACE('',(#4888),#4899,.T.);
#4888 = FACE_BOUND('',#4889,.F.);
#4889 = EDGE_LOOP('',(#4890,#4891,#4892,#4893));
#4890 = ORIENTED_EDGE('',*,*,#4812,.F.);
#4891 = ORIENTED_EDGE('',*,*,#3222,.T.);
#4892 = ORIENTED_EDGE('',*,*,#4867,.T.);
#4893 = ORIENTED_EDGE('',*,*,#4894,.F.);
#4894 = EDGE_CURVE('',#4813,#4868,#4895,.T.);
#4895 = LINE('',#4896,#4897);
#4896 = CARTESIAN_POINT('',(-1.11,-0.95,9.3));
#4897 = VECTOR('',#4898,1.);
#4898 = DIRECTION('',(0.,-1.,0.));
#4899 = PLANE('',#4900);
#4900 = AXIS2_PLACEMENT_3D('',#4901,#4902,#4903);
#4901 = CARTESIAN_POINT('',(-1.03,-0.95,9.22));
#4902 = DIRECTION('',(0.707106781187,1.735167508357E-18,0.707106781187)
  );
#4903 = DIRECTION('',(-1.226948711654E-18,1.,-1.226948711654E-18));
#4904 = ADVANCED_FACE('',(#4905),#4930,.T.);
#4905 = FACE_BOUND('',#4906,.F.);
#4906 = EDGE_LOOP('',(#4907,#4915,#4923,#4929));
#4907 = ORIENTED_EDGE('',*,*,#4908,.T.);
#4908 = EDGE_CURVE('',#3237,#4909,#4911,.T.);
#4909 = VERTEX_POINT('',#4910);
#4910 = CARTESIAN_POINT('',(-1.43,3.97,9.3));
#4911 = LINE('',#4912,#4913);
#4912 = CARTESIAN_POINT('',(-1.43,3.97,9.3));
#4913 = VECTOR('',#4914,1.);
#4914 = DIRECTION('',(0.57735026919,-0.57735026919,0.57735026919));
#4915 = ORIENTED_EDGE('',*,*,#4916,.T.);
#4916 = EDGE_CURVE('',#4909,#4917,#4919,.T.);
#4917 = VERTEX_POINT('',#4918);
#4918 = CARTESIAN_POINT('',(-1.43,3.65,9.3));
#4919 = LINE('',#4920,#4921);
#4920 = CARTESIAN_POINT('',(-1.43,4.13,9.3));
#4921 = VECTOR('',#4922,1.);
#4922 = DIRECTION('',(0.,-1.,0.));
#4923 = ORIENTED_EDGE('',*,*,#4924,.F.);
#4924 = EDGE_CURVE('',#3245,#4917,#4925,.T.);
#4925 = LINE('',#4926,#4927);
#4926 = CARTESIAN_POINT('',(-1.323333333333,3.756666666667,
    9.406666666667));
#4927 = VECTOR('',#4928,1.);
#4928 = DIRECTION('',(0.57735026919,0.57735026919,0.57735026919));
#4929 = ORIENTED_EDGE('',*,*,#3244,.F.);
#4930 = PLANE('',#4931);
#4931 = AXIS2_PLACEMENT_3D('',#4932,#4933,#4934);
#4932 = CARTESIAN_POINT('',(-1.51,4.13,9.22));
#4933 = DIRECTION('',(-0.707106781187,-1.735167508357E-18,0.707106781187
    ));
#4934 = DIRECTION('',(-1.226948711654E-18,1.,1.226948711654E-18));
#4935 = ADVANCED_FACE('',(#4936),#4954,.F.);
#4936 = FACE_BOUND('',#4937,.F.);
#4937 = EDGE_LOOP('',(#4938,#4946,#4947,#4948));
#4938 = ORIENTED_EDGE('',*,*,#4939,.F.);
#4939 = EDGE_CURVE('',#3269,#4940,#4942,.T.);
#4940 = VERTEX_POINT('',#4941);
#4941 = CARTESIAN_POINT('',(-1.11,3.65,9.3));
#4942 = LINE('',#4943,#4944);
#4943 = CARTESIAN_POINT('',(-1.11,3.65,9.3));
#4944 = VECTOR('',#4945,1.);
#4945 = DIRECTION('',(-0.57735026919,0.57735026919,0.57735026919));
#4946 = ORIENTED_EDGE('',*,*,#3276,.T.);
#4947 = ORIENTED_EDGE('',*,*,#4924,.T.);
#4948 = ORIENTED_EDGE('',*,*,#4949,.F.);
#4949 = EDGE_CURVE('',#4940,#4917,#4950,.T.);
#4950 = LINE('',#4951,#4952);
#4951 = CARTESIAN_POINT('',(-0.95,3.65,9.3));
#4952 = VECTOR('',#4953,1.);
#4953 = DIRECTION('',(-1.,0.,0.));
#4954 = PLANE('',#4955);
#4955 = AXIS2_PLACEMENT_3D('',#4956,#4957,#4958);
#4956 = CARTESIAN_POINT('',(-0.95,3.57,9.22));
#4957 = DIRECTION('',(0.,0.707106781187,-0.707106781187));
#4958 = DIRECTION('',(-1.,0.,0.));
#4959 = ADVANCED_FACE('',(#4960),#4978,.T.);
#4960 = FACE_BOUND('',#4961,.F.);
#4961 = EDGE_LOOP('',(#4962,#4970,#4971,#4972));
#4962 = ORIENTED_EDGE('',*,*,#4963,.F.);
#4963 = EDGE_CURVE('',#3292,#4964,#4966,.T.);
#4964 = VERTEX_POINT('',#4965);
#4965 = CARTESIAN_POINT('',(-1.11,3.97,9.3));
#4966 = LINE('',#4967,#4968);
#4967 = CARTESIAN_POINT('',(-1.003333333333,4.076666666667,
    9.193333333333));
#4968 = VECTOR('',#4969,1.);
#4969 = DIRECTION('',(-0.57735026919,-0.57735026919,0.57735026919));
#4970 = ORIENTED_EDGE('',*,*,#3301,.T.);
#4971 = ORIENTED_EDGE('',*,*,#4939,.T.);
#4972 = ORIENTED_EDGE('',*,*,#4973,.F.);
#4973 = EDGE_CURVE('',#4964,#4940,#4974,.T.);
#4974 = LINE('',#4975,#4976);
#4975 = CARTESIAN_POINT('',(-1.11,4.13,9.3));
#4976 = VECTOR('',#4977,1.);
#4977 = DIRECTION('',(0.,-1.,0.));
#4978 = PLANE('',#4979);
#4979 = AXIS2_PLACEMENT_3D('',#4980,#4981,#4982);
#4980 = CARTESIAN_POINT('',(-1.03,4.13,9.22));
#4981 = DIRECTION('',(0.707106781187,1.735167508357E-18,0.707106781187)
  );
#4982 = DIRECTION('',(-1.226948711654E-18,1.,-1.226948711654E-18));
#4983 = ADVANCED_FACE('',(#4984),#4995,.T.);
#4984 = FACE_BOUND('',#4985,.T.);
#4985 = EDGE_LOOP('',(#4986,#4987,#4988,#4989));
#4986 = ORIENTED_EDGE('',*,*,#4963,.F.);
#4987 = ORIENTED_EDGE('',*,*,#3317,.T.);
#4988 = ORIENTED_EDGE('',*,*,#4908,.T.);
#4989 = ORIENTED_EDGE('',*,*,#4990,.F.);
#4990 = EDGE_CURVE('',#4964,#4909,#4991,.T.);
#4991 = LINE('',#4992,#4993);
#4992 = CARTESIAN_POINT('',(-0.95,3.97,9.3));
#4993 = VECTOR('',#4994,1.);
#4994 = DIRECTION('',(-1.,0.,0.));
#4995 = PLANE('',#4996);
#4996 = AXIS2_PLACEMENT_3D('',#4997,#4998,#4999);
#4997 = CARTESIAN_POINT('',(-0.95,4.05,9.22));
#4998 = DIRECTION('',(0.,0.707106781187,0.707106781187));
#4999 = DIRECTION('',(-1.,0.,0.));
#5000 = ADVANCED_FACE('',(#5001),#5026,.T.);
#5001 = FACE_BOUND('',#5002,.T.);
#5002 = EDGE_LOOP('',(#5003,#5011,#5019,#5025));
#5003 = ORIENTED_EDGE('',*,*,#5004,.T.);
#5004 = EDGE_CURVE('',#3333,#5005,#5007,.T.);
#5005 = VERTEX_POINT('',#5006);
#5006 = CARTESIAN_POINT('',(1.43,3.97,9.3));
#5007 = LINE('',#5008,#5009);
#5008 = CARTESIAN_POINT('',(1.43,3.97,9.3));
#5009 = VECTOR('',#5010,1.);
#5010 = DIRECTION('',(-0.57735026919,-0.57735026919,0.57735026919));
#5011 = ORIENTED_EDGE('',*,*,#5012,.T.);
#5012 = EDGE_CURVE('',#5005,#5013,#5015,.T.);
#5013 = VERTEX_POINT('',#5014);
#5014 = CARTESIAN_POINT('',(1.43,3.65,9.3));
#5015 = LINE('',#5016,#5017);
#5016 = CARTESIAN_POINT('',(1.43,4.13,9.3));
#5017 = VECTOR('',#5018,1.);
#5018 = DIRECTION('',(0.,-1.,0.));
#5019 = ORIENTED_EDGE('',*,*,#5020,.F.);
#5020 = EDGE_CURVE('',#3341,#5013,#5021,.T.);
#5021 = LINE('',#5022,#5023);
#5022 = CARTESIAN_POINT('',(1.323333333333,3.756666666667,9.406666666667
    ));
#5023 = VECTOR('',#5024,1.);
#5024 = DIRECTION('',(-0.57735026919,0.57735026919,0.57735026919));
#5025 = ORIENTED_EDGE('',*,*,#3340,.F.);
#5026 = PLANE('',#5027);
#5027 = AXIS2_PLACEMENT_3D('',#5028,#5029,#5030);
#5028 = CARTESIAN_POINT('',(1.51,4.13,9.22));
#5029 = DIRECTION('',(0.707106781187,1.735167508357E-18,0.707106781187)
  );
#5030 = DIRECTION('',(1.226948711654E-18,-1.,1.226948711654E-18));
#5031 = ADVANCED_FACE('',(#5032),#5050,.T.);
#5032 = FACE_BOUND('',#5033,.F.);
#5033 = EDGE_LOOP('',(#5034,#5042,#5043,#5044));
#5034 = ORIENTED_EDGE('',*,*,#5035,.F.);
#5035 = EDGE_CURVE('',#3365,#5036,#5038,.T.);
#5036 = VERTEX_POINT('',#5037);
#5037 = CARTESIAN_POINT('',(1.11,3.97,9.3));
#5038 = LINE('',#5039,#5040);
#5039 = CARTESIAN_POINT('',(1.003333333333,4.076666666667,9.193333333333
    ));
#5040 = VECTOR('',#5041,1.);
#5041 = DIRECTION('',(0.57735026919,-0.57735026919,0.57735026919));
#5042 = ORIENTED_EDGE('',*,*,#3372,.T.);
#5043 = ORIENTED_EDGE('',*,*,#5004,.T.);
#5044 = ORIENTED_EDGE('',*,*,#5045,.F.);
#5045 = EDGE_CURVE('',#5036,#5005,#5046,.T.);
#5046 = LINE('',#5047,#5048);
#5047 = CARTESIAN_POINT('',(0.95,3.97,9.3));
#5048 = VECTOR('',#5049,1.);
#5049 = DIRECTION('',(1.,0.,0.));
#5050 = PLANE('',#5051);
#5051 = AXIS2_PLACEMENT_3D('',#5052,#5053,#5054);
#5052 = CARTESIAN_POINT('',(0.95,4.05,9.22));
#5053 = DIRECTION('',(0.,0.707106781187,0.707106781187));
#5054 = DIRECTION('',(-1.,0.,0.));
#5055 = ADVANCED_FACE('',(#5056),#5074,.T.);
#5056 = FACE_BOUND('',#5057,.T.);
#5057 = EDGE_LOOP('',(#5058,#5059,#5060,#5068));
#5058 = ORIENTED_EDGE('',*,*,#5035,.F.);
#5059 = ORIENTED_EDGE('',*,*,#3397,.T.);
#5060 = ORIENTED_EDGE('',*,*,#5061,.T.);
#5061 = EDGE_CURVE('',#3390,#5062,#5064,.T.);
#5062 = VERTEX_POINT('',#5063);
#5063 = CARTESIAN_POINT('',(1.11,3.65,9.3));
#5064 = LINE('',#5065,#5066);
#5065 = CARTESIAN_POINT('',(1.11,3.65,9.3));
#5066 = VECTOR('',#5067,1.);
#5067 = DIRECTION('',(0.57735026919,0.57735026919,0.57735026919));
#5068 = ORIENTED_EDGE('',*,*,#5069,.F.);
#5069 = EDGE_CURVE('',#5036,#5062,#5070,.T.);
#5070 = LINE('',#5071,#5072);
#5071 = CARTESIAN_POINT('',(1.11,4.13,9.3));
#5072 = VECTOR('',#5073,1.);
#5073 = DIRECTION('',(0.,-1.,0.));
#5074 = PLANE('',#5075);
#5075 = AXIS2_PLACEMENT_3D('',#5076,#5077,#5078);
#5076 = CARTESIAN_POINT('',(1.03,4.13,9.22));
#5077 = DIRECTION('',(-0.707106781187,-1.735167508357E-18,0.707106781187
    ));
#5078 = DIRECTION('',(1.226948711654E-18,-1.,-1.226948711654E-18));
#5079 = ADVANCED_FACE('',(#5080),#5091,.F.);
#5080 = FACE_BOUND('',#5081,.T.);
#5081 = EDGE_LOOP('',(#5082,#5083,#5084,#5085));
#5082 = ORIENTED_EDGE('',*,*,#5061,.F.);
#5083 = ORIENTED_EDGE('',*,*,#3413,.T.);
#5084 = ORIENTED_EDGE('',*,*,#5020,.T.);
#5085 = ORIENTED_EDGE('',*,*,#5086,.F.);
#5086 = EDGE_CURVE('',#5062,#5013,#5087,.T.);
#5087 = LINE('',#5088,#5089);
#5088 = CARTESIAN_POINT('',(0.95,3.65,9.3));
#5089 = VECTOR('',#5090,1.);
#5090 = DIRECTION('',(1.,0.,0.));
#5091 = PLANE('',#5092);
#5092 = AXIS2_PLACEMENT_3D('',#5093,#5094,#5095);
#5093 = CARTESIAN_POINT('',(0.95,3.57,9.22));
#5094 = DIRECTION('',(0.,0.707106781187,-0.707106781187));
#5095 = DIRECTION('',(-1.,0.,-0.));
#5096 = ADVANCED_FACE('',(#5097),#5108,.T.);
#5097 = FACE_BOUND('',#5098,.T.);
#5098 = EDGE_LOOP('',(#5099,#5100,#5101,#5102));
#5099 = ORIENTED_EDGE('',*,*,#3445,.F.);
#5100 = ORIENTED_EDGE('',*,*,#3431,.T.);
#5101 = ORIENTED_EDGE('',*,*,#3510,.T.);
#5102 = ORIENTED_EDGE('',*,*,#5103,.F.);
#5103 = EDGE_CURVE('',#3446,#3511,#5104,.T.);
#5104 = LINE('',#5105,#5106);
#5105 = CARTESIAN_POINT('',(3.77,1.59,0.48));
#5106 = VECTOR('',#5107,1.);
#5107 = DIRECTION('',(0.,-1.,0.));
#5108 = PLANE('',#5109);
#5109 = AXIS2_PLACEMENT_3D('',#5110,#5111,#5112);
#5110 = CARTESIAN_POINT('',(3.69,1.59,0.56));
#5111 = DIRECTION('',(0.707106781187,0.,0.707106781187));
#5112 = DIRECTION('',(0.,-1.,0.));
#5113 = ADVANCED_FACE('',(#5114),#5125,.T.);
#5114 = FACE_BOUND('',#5115,.T.);
#5115 = EDGE_LOOP('',(#5116,#5117,#5118,#5124));
#5116 = ORIENTED_EDGE('',*,*,#5103,.T.);
#5117 = ORIENTED_EDGE('',*,*,#3518,.T.);
#5118 = ORIENTED_EDGE('',*,*,#5119,.F.);
#5119 = EDGE_CURVE('',#3455,#3519,#5120,.T.);
#5120 = LINE('',#5121,#5122);
#5121 = CARTESIAN_POINT('',(3.77,1.59,0.16));
#5122 = VECTOR('',#5123,1.);
#5123 = DIRECTION('',(0.,-1.,0.));
#5124 = ORIENTED_EDGE('',*,*,#3462,.F.);
#5125 = PLANE('',#5126);
#5126 = AXIS2_PLACEMENT_3D('',#5127,#5128,#5129);
#5127 = CARTESIAN_POINT('',(3.77,1.59,0.64));
#5128 = DIRECTION('',(1.,0.,0.));
#5129 = DIRECTION('',(0.,0.,-1.));
#5130 = ADVANCED_FACE('',(#5131),#5137,.T.);
#5131 = FACE_BOUND('',#5132,.F.);
#5132 = EDGE_LOOP('',(#5133,#5134,#5135,#5136));
#5133 = ORIENTED_EDGE('',*,*,#3454,.F.);
#5134 = ORIENTED_EDGE('',*,*,#3494,.T.);
#5135 = ORIENTED_EDGE('',*,*,#3526,.F.);
#5136 = ORIENTED_EDGE('',*,*,#5119,.F.);
#5137 = PLANE('',#5138);
#5138 = AXIS2_PLACEMENT_3D('',#5139,#5140,#5141);
#5139 = CARTESIAN_POINT('',(3.69,1.59,8.E-02));
#5140 = DIRECTION('',(0.707106781187,-1.735167508357E-18,-0.707106781187
    ));
#5141 = DIRECTION('',(1.226948711654E-18,1.,-1.226948711654E-18));
#5142 = ADVANCED_FACE('',(#5143),#5154,.T.);
#5143 = FACE_BOUND('',#5144,.F.);
#5144 = EDGE_LOOP('',(#5145,#5146,#5147,#5148));
#5145 = ORIENTED_EDGE('',*,*,#3623,.F.);
#5146 = ORIENTED_EDGE('',*,*,#3575,.T.);
#5147 = ORIENTED_EDGE('',*,*,#3541,.T.);
#5148 = ORIENTED_EDGE('',*,*,#5149,.F.);
#5149 = EDGE_CURVE('',#3624,#3542,#5150,.T.);
#5150 = LINE('',#5151,#5152);
#5151 = CARTESIAN_POINT('',(-3.77,1.59,0.48));
#5152 = VECTOR('',#5153,1.);
#5153 = DIRECTION('',(0.,-1.,0.));
#5154 = PLANE('',#5155);
#5155 = AXIS2_PLACEMENT_3D('',#5156,#5157,#5158);
#5156 = CARTESIAN_POINT('',(-3.69,1.59,0.56));
#5157 = DIRECTION('',(-0.707106781187,0.,0.707106781187));
#5158 = DIRECTION('',(0.,1.,0.));
#5159 = ADVANCED_FACE('',(#5160),#5171,.F.);
#5160 = FACE_BOUND('',#5161,.F.);
#5161 = EDGE_LOOP('',(#5162,#5163,#5164,#5170));
#5162 = ORIENTED_EDGE('',*,*,#5149,.T.);
#5163 = ORIENTED_EDGE('',*,*,#3549,.T.);
#5164 = ORIENTED_EDGE('',*,*,#5165,.F.);
#5165 = EDGE_CURVE('',#3633,#3550,#5166,.T.);
#5166 = LINE('',#5167,#5168);
#5167 = CARTESIAN_POINT('',(-3.77,1.59,0.16));
#5168 = VECTOR('',#5169,1.);
#5169 = DIRECTION('',(0.,-1.,0.));
#5170 = ORIENTED_EDGE('',*,*,#3640,.F.);
#5171 = PLANE('',#5172);
#5172 = AXIS2_PLACEMENT_3D('',#5173,#5174,#5175);
#5173 = CARTESIAN_POINT('',(-3.77,1.59,0.64));
#5174 = DIRECTION('',(1.,0.,0.));
#5175 = DIRECTION('',(0.,0.,-1.));
#5176 = ADVANCED_FACE('',(#5177),#5183,.T.);
#5177 = FACE_BOUND('',#5178,.T.);
#5178 = EDGE_LOOP('',(#5179,#5180,#5181,#5182));
#5179 = ORIENTED_EDGE('',*,*,#3632,.F.);
#5180 = ORIENTED_EDGE('',*,*,#3607,.T.);
#5181 = ORIENTED_EDGE('',*,*,#3557,.F.);
#5182 = ORIENTED_EDGE('',*,*,#5165,.F.);
#5183 = PLANE('',#5184);
#5184 = AXIS2_PLACEMENT_3D('',#5185,#5186,#5187);
#5185 = CARTESIAN_POINT('',(-3.69,1.59,8.E-02));
#5186 = DIRECTION('',(-0.707106781187,1.735167508357E-18,-0.707106781187
    ));
#5187 = DIRECTION('',(-1.226948711654E-18,-1.,-1.226948711654E-18));
#5188 = ADVANCED_FACE('',(#5189),#5200,.T.);
#5189 = FACE_BOUND('',#5190,.F.);
#5190 = EDGE_LOOP('',(#5191,#5192,#5193,#5194));
#5191 = ORIENTED_EDGE('',*,*,#3736,.F.);
#5192 = ORIENTED_EDGE('',*,*,#3657,.T.);
#5193 = ORIENTED_EDGE('',*,*,#3671,.T.);
#5194 = ORIENTED_EDGE('',*,*,#5195,.F.);
#5195 = EDGE_CURVE('',#3737,#3672,#5196,.T.);
#5196 = LINE('',#5197,#5198);
#5197 = CARTESIAN_POINT('',(-3.77,-3.49,0.48));
#5198 = VECTOR('',#5199,1.);
#5199 = DIRECTION('',(0.,-1.,0.));
#5200 = PLANE('',#5201);
#5201 = AXIS2_PLACEMENT_3D('',#5202,#5203,#5204);
#5202 = CARTESIAN_POINT('',(-3.69,-3.49,0.56));
#5203 = DIRECTION('',(-0.707106781187,0.,0.707106781187));
#5204 = DIRECTION('',(0.,1.,0.));
#5205 = ADVANCED_FACE('',(#5206),#5217,.F.);
#5206 = FACE_BOUND('',#5207,.F.);
#5207 = EDGE_LOOP('',(#5208,#5209,#5210,#5216));
#5208 = ORIENTED_EDGE('',*,*,#5195,.T.);
#5209 = ORIENTED_EDGE('',*,*,#3679,.T.);
#5210 = ORIENTED_EDGE('',*,*,#5211,.F.);
#5211 = EDGE_CURVE('',#3746,#3680,#5212,.T.);
#5212 = LINE('',#5213,#5214);
#5213 = CARTESIAN_POINT('',(-3.77,-3.49,0.16));
#5214 = VECTOR('',#5215,1.);
#5215 = DIRECTION('',(0.,-1.,0.));
#5216 = ORIENTED_EDGE('',*,*,#3753,.F.);
#5217 = PLANE('',#5218);
#5218 = AXIS2_PLACEMENT_3D('',#5219,#5220,#5221);
#5219 = CARTESIAN_POINT('',(-3.77,-3.49,0.64));
#5220 = DIRECTION('',(1.,0.,0.));
#5221 = DIRECTION('',(0.,0.,-1.));
#5222 = ADVANCED_FACE('',(#5223),#5229,.T.);
#5223 = FACE_BOUND('',#5224,.T.);
#5224 = EDGE_LOOP('',(#5225,#5226,#5227,#5228));
#5225 = ORIENTED_EDGE('',*,*,#3745,.F.);
#5226 = ORIENTED_EDGE('',*,*,#3720,.T.);
#5227 = ORIENTED_EDGE('',*,*,#3687,.F.);
#5228 = ORIENTED_EDGE('',*,*,#5211,.F.);
#5229 = PLANE('',#5230);
#5230 = AXIS2_PLACEMENT_3D('',#5231,#5232,#5233);
#5231 = CARTESIAN_POINT('',(-3.69,-3.49,8.E-02));
#5232 = DIRECTION('',(-0.707106781187,1.735167508357E-18,-0.707106781187
    ));
#5233 = DIRECTION('',(-1.226948711654E-18,-1.,-1.226948711654E-18));
#5234 = ADVANCED_FACE('',(#5235),#5246,.T.);
#5235 = FACE_BOUND('',#5236,.T.);
#5236 = EDGE_LOOP('',(#5237,#5238,#5239,#5240));
#5237 = ORIENTED_EDGE('',*,*,#3767,.F.);
#5238 = ORIENTED_EDGE('',*,*,#3801,.T.);
#5239 = ORIENTED_EDGE('',*,*,#3849,.T.);
#5240 = ORIENTED_EDGE('',*,*,#5241,.F.);
#5241 = EDGE_CURVE('',#3768,#3850,#5242,.T.);
#5242 = LINE('',#5243,#5244);
#5243 = CARTESIAN_POINT('',(3.77,-3.49,0.48));
#5244 = VECTOR('',#5245,1.);
#5245 = DIRECTION('',(0.,-1.,0.));
#5246 = PLANE('',#5247);
#5247 = AXIS2_PLACEMENT_3D('',#5248,#5249,#5250);
#5248 = CARTESIAN_POINT('',(3.69,-3.49,0.56));
#5249 = DIRECTION('',(0.707106781187,0.,0.707106781187));
#5250 = DIRECTION('',(0.,-1.,0.));
#5251 = ADVANCED_FACE('',(#5252),#5263,.T.);
#5252 = FACE_BOUND('',#5253,.T.);
#5253 = EDGE_LOOP('',(#5254,#5255,#5256,#5262));
#5254 = ORIENTED_EDGE('',*,*,#5241,.T.);
#5255 = ORIENTED_EDGE('',*,*,#3857,.T.);
#5256 = ORIENTED_EDGE('',*,*,#5257,.F.);
#5257 = EDGE_CURVE('',#3777,#3858,#5258,.T.);
#5258 = LINE('',#5259,#5260);
#5259 = CARTESIAN_POINT('',(3.77,-3.49,0.16));
#5260 = VECTOR('',#5261,1.);
#5261 = DIRECTION('',(0.,-1.,0.));
#5262 = ORIENTED_EDGE('',*,*,#3784,.F.);
#5263 = PLANE('',#5264);
#5264 = AXIS2_PLACEMENT_3D('',#5265,#5266,#5267);
#5265 = CARTESIAN_POINT('',(3.77,-3.49,0.64));
#5266 = DIRECTION('',(1.,0.,0.));
#5267 = DIRECTION('',(0.,0.,-1.));
#5268 = ADVANCED_FACE('',(#5269),#5275,.T.);
#5269 = FACE_BOUND('',#5270,.F.);
#5270 = EDGE_LOOP('',(#5271,#5272,#5273,#5274));
#5271 = ORIENTED_EDGE('',*,*,#3776,.F.);
#5272 = ORIENTED_EDGE('',*,*,#3833,.T.);
#5273 = ORIENTED_EDGE('',*,*,#3865,.F.);
#5274 = ORIENTED_EDGE('',*,*,#5257,.F.);
#5275 = PLANE('',#5276);
#5276 = AXIS2_PLACEMENT_3D('',#5277,#5278,#5279);
#5277 = CARTESIAN_POINT('',(3.69,-3.49,8.E-02));
#5278 = DIRECTION('',(0.707106781187,-1.735167508357E-18,-0.707106781187
    ));
#5279 = DIRECTION('',(1.226948711654E-18,1.,-1.226948711654E-18));
#5280 = ADVANCED_FACE('',(#5281),#5292,.T.);
#5281 = FACE_BOUND('',#5282,.T.);
#5282 = EDGE_LOOP('',(#5283,#5284,#5285,#5286));
#5283 = ORIENTED_EDGE('',*,*,#3897,.F.);
#5284 = ORIENTED_EDGE('',*,*,#3883,.T.);
#5285 = ORIENTED_EDGE('',*,*,#3962,.T.);
#5286 = ORIENTED_EDGE('',*,*,#5287,.F.);
#5287 = EDGE_CURVE('',#3898,#3963,#5288,.T.);
#5288 = LINE('',#5289,#5290);
#5289 = CARTESIAN_POINT('',(3.77,-0.95,0.48));
#5290 = VECTOR('',#5291,1.);
#5291 = DIRECTION('',(0.,-1.,0.));
#5292 = PLANE('',#5293);
#5293 = AXIS2_PLACEMENT_3D('',#5294,#5295,#5296);
#5294 = CARTESIAN_POINT('',(3.69,-0.95,0.56));
#5295 = DIRECTION('',(0.707106781187,0.,0.707106781187));
#5296 = DIRECTION('',(0.,-1.,0.));
#5297 = ADVANCED_FACE('',(#5298),#5309,.T.);
#5298 = FACE_BOUND('',#5299,.T.);
#5299 = EDGE_LOOP('',(#5300,#5301,#5302,#5308));
#5300 = ORIENTED_EDGE('',*,*,#5287,.T.);
#5301 = ORIENTED_EDGE('',*,*,#3970,.T.);
#5302 = ORIENTED_EDGE('',*,*,#5303,.F.);
#5303 = EDGE_CURVE('',#3907,#3971,#5304,.T.);
#5304 = LINE('',#5305,#5306);
#5305 = CARTESIAN_POINT('',(3.77,-0.95,0.16));
#5306 = VECTOR('',#5307,1.);
#5307 = DIRECTION('',(0.,-1.,0.));
#5308 = ORIENTED_EDGE('',*,*,#3914,.F.);
#5309 = PLANE('',#5310);
#5310 = AXIS2_PLACEMENT_3D('',#5311,#5312,#5313);
#5311 = CARTESIAN_POINT('',(3.77,-0.95,0.64));
#5312 = DIRECTION('',(1.,0.,0.));
#5313 = DIRECTION('',(0.,0.,-1.));
#5314 = ADVANCED_FACE('',(#5315),#5321,.T.);
#5315 = FACE_BOUND('',#5316,.F.);
#5316 = EDGE_LOOP('',(#5317,#5318,#5319,#5320));
#5317 = ORIENTED_EDGE('',*,*,#3906,.F.);
#5318 = ORIENTED_EDGE('',*,*,#3946,.T.);
#5319 = ORIENTED_EDGE('',*,*,#3978,.F.);
#5320 = ORIENTED_EDGE('',*,*,#5303,.F.);
#5321 = PLANE('',#5322);
#5322 = AXIS2_PLACEMENT_3D('',#5323,#5324,#5325);
#5323 = CARTESIAN_POINT('',(3.69,-0.95,8.E-02));
#5324 = DIRECTION('',(0.707106781187,-1.735167508357E-18,-0.707106781187
    ));
#5325 = DIRECTION('',(1.226948711654E-18,1.,-1.226948711654E-18));
#5326 = ADVANCED_FACE('',(#5327),#5338,.T.);
#5327 = FACE_BOUND('',#5328,.F.);
#5328 = EDGE_LOOP('',(#5329,#5330,#5331,#5332));
#5329 = ORIENTED_EDGE('',*,*,#3993,.F.);
#5330 = ORIENTED_EDGE('',*,*,#4027,.T.);
#5331 = ORIENTED_EDGE('',*,*,#4075,.T.);
#5332 = ORIENTED_EDGE('',*,*,#5333,.F.);
#5333 = EDGE_CURVE('',#3994,#4076,#5334,.T.);
#5334 = LINE('',#5335,#5336);
#5335 = CARTESIAN_POINT('',(-3.77,-0.95,0.48));
#5336 = VECTOR('',#5337,1.);
#5337 = DIRECTION('',(0.,-1.,0.));
#5338 = PLANE('',#5339);
#5339 = AXIS2_PLACEMENT_3D('',#5340,#5341,#5342);
#5340 = CARTESIAN_POINT('',(-3.69,-0.95,0.56));
#5341 = DIRECTION('',(-0.707106781187,0.,0.707106781187));
#5342 = DIRECTION('',(0.,1.,0.));
#5343 = ADVANCED_FACE('',(#5344),#5355,.F.);
#5344 = FACE_BOUND('',#5345,.F.);
#5345 = EDGE_LOOP('',(#5346,#5347,#5348,#5354));
#5346 = ORIENTED_EDGE('',*,*,#5333,.T.);
#5347 = ORIENTED_EDGE('',*,*,#4083,.T.);
#5348 = ORIENTED_EDGE('',*,*,#5349,.F.);
#5349 = EDGE_CURVE('',#4003,#4084,#5350,.T.);
#5350 = LINE('',#5351,#5352);
#5351 = CARTESIAN_POINT('',(-3.77,-0.95,0.16));
#5352 = VECTOR('',#5353,1.);
#5353 = DIRECTION('',(0.,-1.,0.));
#5354 = ORIENTED_EDGE('',*,*,#4010,.F.);
#5355 = PLANE('',#5356);
#5356 = AXIS2_PLACEMENT_3D('',#5357,#5358,#5359);
#5357 = CARTESIAN_POINT('',(-3.77,-0.95,0.64));
#5358 = DIRECTION('',(1.,0.,0.));
#5359 = DIRECTION('',(0.,0.,-1.));
#5360 = ADVANCED_FACE('',(#5361),#5367,.T.);
#5361 = FACE_BOUND('',#5362,.T.);
#5362 = EDGE_LOOP('',(#5363,#5364,#5365,#5366));
#5363 = ORIENTED_EDGE('',*,*,#4002,.F.);
#5364 = ORIENTED_EDGE('',*,*,#4059,.T.);
#5365 = ORIENTED_EDGE('',*,*,#4091,.F.);
#5366 = ORIENTED_EDGE('',*,*,#5349,.F.);
#5367 = PLANE('',#5368);
#5368 = AXIS2_PLACEMENT_3D('',#5369,#5370,#5371);
#5369 = CARTESIAN_POINT('',(-3.69,-0.95,8.E-02));
#5370 = DIRECTION('',(-0.707106781187,1.735167508357E-18,-0.707106781187
    ));
#5371 = DIRECTION('',(-1.226948711654E-18,-1.,-1.226948711654E-18));
#5372 = ADVANCED_FACE('',(#5373),#5384,.T.);
#5373 = FACE_BOUND('',#5374,.F.);
#5374 = EDGE_LOOP('',(#5375,#5376,#5377,#5378));
#5375 = ORIENTED_EDGE('',*,*,#4188,.F.);
#5376 = ORIENTED_EDGE('',*,*,#4109,.T.);
#5377 = ORIENTED_EDGE('',*,*,#4123,.T.);
#5378 = ORIENTED_EDGE('',*,*,#5379,.F.);
#5379 = EDGE_CURVE('',#4189,#4124,#5380,.T.);
#5380 = LINE('',#5381,#5382);
#5381 = CARTESIAN_POINT('',(-3.77,4.13,0.48));
#5382 = VECTOR('',#5383,1.);
#5383 = DIRECTION('',(0.,-1.,0.));
#5384 = PLANE('',#5385);
#5385 = AXIS2_PLACEMENT_3D('',#5386,#5387,#5388);
#5386 = CARTESIAN_POINT('',(-3.69,4.13,0.56));
#5387 = DIRECTION('',(-0.707106781187,0.,0.707106781187));
#5388 = DIRECTION('',(0.,1.,0.));
#5389 = ADVANCED_FACE('',(#5390),#5401,.F.);
#5390 = FACE_BOUND('',#5391,.F.);
#5391 = EDGE_LOOP('',(#5392,#5393,#5394,#5400));
#5392 = ORIENTED_EDGE('',*,*,#5379,.T.);
#5393 = ORIENTED_EDGE('',*,*,#4131,.T.);
#5394 = ORIENTED_EDGE('',*,*,#5395,.F.);
#5395 = EDGE_CURVE('',#4198,#4132,#5396,.T.);
#5396 = LINE('',#5397,#5398);
#5397 = CARTESIAN_POINT('',(-3.77,4.13,0.16));
#5398 = VECTOR('',#5399,1.);
#5399 = DIRECTION('',(0.,-1.,0.));
#5400 = ORIENTED_EDGE('',*,*,#4205,.F.);
#5401 = PLANE('',#5402);
#5402 = AXIS2_PLACEMENT_3D('',#5403,#5404,#5405);
#5403 = CARTESIAN_POINT('',(-3.77,4.13,0.64));
#5404 = DIRECTION('',(1.,0.,0.));
#5405 = DIRECTION('',(0.,0.,-1.));
#5406 = ADVANCED_FACE('',(#5407),#5413,.T.);
#5407 = FACE_BOUND('',#5408,.T.);
#5408 = EDGE_LOOP('',(#5409,#5410,#5411,#5412));
#5409 = ORIENTED_EDGE('',*,*,#4197,.F.);
#5410 = ORIENTED_EDGE('',*,*,#4172,.T.);
#5411 = ORIENTED_EDGE('',*,*,#4139,.F.);
#5412 = ORIENTED_EDGE('',*,*,#5395,.F.);
#5413 = PLANE('',#5414);
#5414 = AXIS2_PLACEMENT_3D('',#5415,#5416,#5417);
#5415 = CARTESIAN_POINT('',(-3.69,4.13,8.E-02));
#5416 = DIRECTION('',(-0.707106781187,1.735167508357E-18,-0.707106781187
    ));
#5417 = DIRECTION('',(-1.226948711654E-18,-1.,-1.226948711654E-18));
#5418 = ADVANCED_FACE('',(#5419),#5430,.T.);
#5419 = FACE_BOUND('',#5420,.T.);
#5420 = EDGE_LOOP('',(#5421,#5422,#5423,#5424));
#5421 = ORIENTED_EDGE('',*,*,#4236,.F.);
#5422 = ORIENTED_EDGE('',*,*,#4222,.T.);
#5423 = ORIENTED_EDGE('',*,*,#4301,.T.);
#5424 = ORIENTED_EDGE('',*,*,#5425,.F.);
#5425 = EDGE_CURVE('',#4237,#4302,#5426,.T.);
#5426 = LINE('',#5427,#5428);
#5427 = CARTESIAN_POINT('',(3.77,4.13,0.48));
#5428 = VECTOR('',#5429,1.);
#5429 = DIRECTION('',(0.,-1.,0.));
#5430 = PLANE('',#5431);
#5431 = AXIS2_PLACEMENT_3D('',#5432,#5433,#5434);
#5432 = CARTESIAN_POINT('',(3.69,4.13,0.56));
#5433 = DIRECTION('',(0.707106781187,0.,0.707106781187));
#5434 = DIRECTION('',(0.,-1.,0.));
#5435 = ADVANCED_FACE('',(#5436),#5447,.T.);
#5436 = FACE_BOUND('',#5437,.T.);
#5437 = EDGE_LOOP('',(#5438,#5439,#5440,#5446));
#5438 = ORIENTED_EDGE('',*,*,#5425,.T.);
#5439 = ORIENTED_EDGE('',*,*,#4309,.T.);
#5440 = ORIENTED_EDGE('',*,*,#5441,.F.);
#5441 = EDGE_CURVE('',#4246,#4310,#5442,.T.);
#5442 = LINE('',#5443,#5444);
#5443 = CARTESIAN_POINT('',(3.77,4.13,0.16));
#5444 = VECTOR('',#5445,1.);
#5445 = DIRECTION('',(0.,-1.,0.));
#5446 = ORIENTED_EDGE('',*,*,#4253,.F.);
#5447 = PLANE('',#5448);
#5448 = AXIS2_PLACEMENT_3D('',#5449,#5450,#5451);
#5449 = CARTESIAN_POINT('',(3.77,4.13,0.64));
#5450 = DIRECTION('',(1.,0.,0.));
#5451 = DIRECTION('',(0.,0.,-1.));
#5452 = ADVANCED_FACE('',(#5453),#5459,.T.);
#5453 = FACE_BOUND('',#5454,.F.);
#5454 = EDGE_LOOP('',(#5455,#5456,#5457,#5458));
#5455 = ORIENTED_EDGE('',*,*,#4245,.F.);
#5456 = ORIENTED_EDGE('',*,*,#4285,.T.);
#5457 = ORIENTED_EDGE('',*,*,#4317,.F.);
#5458 = ORIENTED_EDGE('',*,*,#5441,.F.);
#5459 = PLANE('',#5460);
#5460 = AXIS2_PLACEMENT_3D('',#5461,#5462,#5463);
#5461 = CARTESIAN_POINT('',(3.69,4.13,8.E-02));
#5462 = DIRECTION('',(0.707106781187,-1.735167508357E-18,-0.707106781187
    ));
#5463 = DIRECTION('',(1.226948711654E-18,1.,-1.226948711654E-18));
#5464 = ADVANCED_FACE('',(#5465),#5471,.T.);
#5465 = FACE_BOUND('',#5466,.T.);
#5466 = EDGE_LOOP('',(#5467,#5468,#5469,#5470));
#5467 = ORIENTED_EDGE('',*,*,#4397,.T.);
#5468 = ORIENTED_EDGE('',*,*,#4414,.T.);
#5469 = ORIENTED_EDGE('',*,*,#4340,.F.);
#5470 = ORIENTED_EDGE('',*,*,#4373,.F.);
#5471 = PLANE('',#5472);
#5472 = AXIS2_PLACEMENT_3D('',#5473,#5474,#5475);
#5473 = CARTESIAN_POINT('',(0.95,1.59,9.3));
#5474 = DIRECTION('',(0.,0.,1.));
#5475 = DIRECTION('',(1.,0.,-0.));
#5476 = ADVANCED_FACE('',(#5477),#5483,.F.);
#5477 = FACE_BOUND('',#5478,.F.);
#5478 = EDGE_LOOP('',(#5479,#5480,#5481,#5482));
#5479 = ORIENTED_EDGE('',*,*,#4469,.T.);
#5480 = ORIENTED_EDGE('',*,*,#4445,.T.);
#5481 = ORIENTED_EDGE('',*,*,#4508,.F.);
#5482 = ORIENTED_EDGE('',*,*,#4493,.F.);
#5483 = PLANE('',#5484);
#5484 = AXIS2_PLACEMENT_3D('',#5485,#5486,#5487);
#5485 = CARTESIAN_POINT('',(-0.95,1.59,9.3));
#5486 = DIRECTION('',(-0.,-0.,-1.));
#5487 = DIRECTION('',(-1.,0.,0.));
#5488 = ADVANCED_FACE('',(#5489),#5495,.F.);
#5489 = FACE_BOUND('',#5490,.F.);
#5490 = EDGE_LOOP('',(#5491,#5492,#5493,#5494));
#5491 = ORIENTED_EDGE('',*,*,#4589,.T.);
#5492 = ORIENTED_EDGE('',*,*,#4565,.T.);
#5493 = ORIENTED_EDGE('',*,*,#4532,.F.);
#5494 = ORIENTED_EDGE('',*,*,#4606,.F.);
#5495 = PLANE('',#5496);
#5496 = AXIS2_PLACEMENT_3D('',#5497,#5498,#5499);
#5497 = CARTESIAN_POINT('',(-0.95,-3.49,9.3));
#5498 = DIRECTION('',(-0.,-0.,-1.));
#5499 = DIRECTION('',(-1.,0.,0.));
#5500 = ADVANCED_FACE('',(#5501),#5507,.T.);
#5501 = FACE_BOUND('',#5502,.T.);
#5502 = EDGE_LOOP('',(#5503,#5504,#5505,#5506));
#5503 = ORIENTED_EDGE('',*,*,#4661,.T.);
#5504 = ORIENTED_EDGE('',*,*,#4685,.T.);
#5505 = ORIENTED_EDGE('',*,*,#4700,.F.);
#5506 = ORIENTED_EDGE('',*,*,#4637,.F.);
#5507 = PLANE('',#5508);
#5508 = AXIS2_PLACEMENT_3D('',#5509,#5510,#5511);
#5509 = CARTESIAN_POINT('',(0.95,-3.49,9.3));
#5510 = DIRECTION('',(0.,0.,1.));
#5511 = DIRECTION('',(1.,0.,-0.));
#5512 = ADVANCED_FACE('',(#5513),#5519,.T.);
#5513 = FACE_BOUND('',#5514,.T.);
#5514 = EDGE_LOOP('',(#5515,#5516,#5517,#5518));
#5515 = ORIENTED_EDGE('',*,*,#4781,.T.);
#5516 = ORIENTED_EDGE('',*,*,#4798,.T.);
#5517 = ORIENTED_EDGE('',*,*,#4724,.F.);
#5518 = ORIENTED_EDGE('',*,*,#4757,.F.);
#5519 = PLANE('',#5520);
#5520 = AXIS2_PLACEMENT_3D('',#5521,#5522,#5523);
#5521 = CARTESIAN_POINT('',(0.95,-0.95,9.3));
#5522 = DIRECTION('',(0.,0.,1.));
#5523 = DIRECTION('',(1.,0.,-0.));
#5524 = ADVANCED_FACE('',(#5525),#5531,.F.);
#5525 = FACE_BOUND('',#5526,.F.);
#5526 = EDGE_LOOP('',(#5527,#5528,#5529,#5530));
#5527 = ORIENTED_EDGE('',*,*,#4894,.T.);
#5528 = ORIENTED_EDGE('',*,*,#4877,.T.);
#5529 = ORIENTED_EDGE('',*,*,#4844,.F.);
#5530 = ORIENTED_EDGE('',*,*,#4829,.F.);
#5531 = PLANE('',#5532);
#5532 = AXIS2_PLACEMENT_3D('',#5533,#5534,#5535);
#5533 = CARTESIAN_POINT('',(-0.95,-0.95,9.3));
#5534 = DIRECTION('',(-0.,-0.,-1.));
#5535 = DIRECTION('',(-1.,0.,0.));
#5536 = ADVANCED_FACE('',(#5537),#5543,.F.);
#5537 = FACE_BOUND('',#5538,.F.);
#5538 = EDGE_LOOP('',(#5539,#5540,#5541,#5542));
#5539 = ORIENTED_EDGE('',*,*,#4973,.T.);
#5540 = ORIENTED_EDGE('',*,*,#4949,.T.);
#5541 = ORIENTED_EDGE('',*,*,#4916,.F.);
#5542 = ORIENTED_EDGE('',*,*,#4990,.F.);
#5543 = PLANE('',#5544);
#5544 = AXIS2_PLACEMENT_3D('',#5545,#5546,#5547);
#5545 = CARTESIAN_POINT('',(-0.95,4.13,9.3));
#5546 = DIRECTION('',(-0.,-0.,-1.));
#5547 = DIRECTION('',(-1.,0.,0.));
#5548 = ADVANCED_FACE('',(#5549),#5555,.T.);
#5549 = FACE_BOUND('',#5550,.T.);
#5550 = EDGE_LOOP('',(#5551,#5552,#5553,#5554));
#5551 = ORIENTED_EDGE('',*,*,#5069,.T.);
#5552 = ORIENTED_EDGE('',*,*,#5086,.T.);
#5553 = ORIENTED_EDGE('',*,*,#5012,.F.);
#5554 = ORIENTED_EDGE('',*,*,#5045,.F.);
#5555 = PLANE('',#5556);
#5556 = AXIS2_PLACEMENT_3D('',#5557,#5558,#5559);
#5557 = CARTESIAN_POINT('',(0.95,4.13,9.3));
#5558 = DIRECTION('',(0.,0.,1.));
#5559 = DIRECTION('',(1.,0.,-0.));
#5560 = ( GEOMETRIC_REPRESENTATION_CONTEXT(3) 
GLOBAL_UNCERTAINTY_ASSIGNED_CONTEXT((#5564)) 
GLOBAL_UNIT_ASSIGNED_CONTEXT((#5561,#5562,#5563)) REPRESENTATION_CONTEXT
('Context #1','3D Context with UNIT and UNCERTAINTY') );
#5561 = ( LENGTH_UNIT() NAMED_UNIT(*) SI_UNIT(.MILLI.,.METRE.) );
#5562 = ( NAMED_UNIT(*) PLANE_ANGLE_UNIT() SI_UNIT($,.RADIAN.) );
#5563 = ( NAMED_UNIT(*) SI_UNIT($,.STERADIAN.) SOLID_ANGLE_UNIT() );
#5564 = UNCERTAINTY_MEASURE_WITH_UNIT(LENGTH_MEASURE(1.E-07),#5561,
  'distance_accuracy_value','confusion accuracy');
#5565 = CONTEXT_DEPENDENT_SHAPE_REPRESENTATION(#5566,#5568);
#5566 = ( REPRESENTATION_RELATIONSHIP('','',#67,#44) 
REPRESENTATION_RELATIONSHIP_WITH_TRANSFORMATION(#5567) 
SHAPE_REPRESENTATION_RELATIONSHIP() );
#5567 = ITEM_DEFINED_TRANSFORMATION('','',#11,#45);
#5568 = PRODUCT_DEFINITION_SHAPE('Placement','Placement of an item',
  #5569);
#5569 = NEXT_ASSEMBLY_USAGE_OCCURRENCE('1','=>[0:1:1:3]','',#39,#62,$);
#5570 = PRODUCT_RELATED_PRODUCT_CATEGORY('part',$,(#64));
#5571 = SHAPE_DEFINITION_REPRESENTATION(#5572,#5578);
#5572 = PRODUCT_DEFINITION_SHAPE('','',#5573);
#5573 = PRODUCT_DEFINITION('design','',#5574,#5577);
#5574 = PRODUCT_DEFINITION_FORMATION('','',#5575);
#5575 = PRODUCT('R_0603_1608Metric','R_0603_1608Metric','',(#5576));
#5576 = PRODUCT_CONTEXT('',#2,'mechanical');
#5577 = PRODUCT_DEFINITION_CONTEXT('part definition',#2,'design');
#5578 = SHAPE_REPRESENTATION('',(#11,#5579),#5583);
#5579 = AXIS2_PLACEMENT_3D('',#5580,#5581,#5582);
#5580 = CARTESIAN_POINT('',(0.,0.,0.));
#5581 = DIRECTION('',(0.,0.,1.));
#5582 = DIRECTION('',(1.,0.,-0.));
#5583 = ( GEOMETRIC_REPRESENTATION_CONTEXT(3) 
GLOBAL_UNCERTAINTY_ASSIGNED_CONTEXT((#5587)) 
GLOBAL_UNIT_ASSIGNED_CONTEXT((#5584,#5585,#5586)) REPRESENTATION_CONTEXT
('Context #1','3D Context with UNIT and UNCERTAINTY') );
#5584 = ( LENGTH_UNIT() NAMED_UNIT(*) SI_UNIT(.MILLI.,.METRE.) );
#5585 = ( NAMED_UNIT(*) PLANE_ANGLE_UNIT() SI_UNIT($,.RADIAN.) );
#5586 = ( NAMED_UNIT(*) SI_UNIT($,.STERADIAN.) SOLID_ANGLE_UNIT() );
#5587 = UNCERTAINTY_MEASURE_WITH_UNIT(LENGTH_MEASURE(1.E-07),#5584,
  'distance_accuracy_value','confusion accuracy');
#5588 = CONTEXT_DEPENDENT_SHAPE_REPRESENTATION(#5589,#5591);
#5589 = ( REPRESENTATION_RELATIONSHIP('','',#5578,#10) 
REPRESENTATION_RELATIONSHIP_WITH_TRANSFORMATION(#5590) 
SHAPE_REPRESENTATION_RELATIONSHIP() );
#5590 = ITEM_DEFINED_TRANSFORMATION('','',#11,#19);
#5591 = PRODUCT_DEFINITION_SHAPE('Placement','Placement of an item',
  #5592);
#5592 = NEXT_ASSEMBLY_USAGE_OCCURRENCE('4','C201','',#5,#5573,$);
#5593 = PRODUCT_RELATED_PRODUCT_CATEGORY('part',$,(#5575));
#5594 = SHAPE_DEFINITION_REPRESENTATION(#5595,#5601);
#5595 = PRODUCT_DEFINITION_SHAPE('','',#5596);
#5596 = PRODUCT_DEFINITION('design','',#5597,#5600);
#5597 = PRODUCT_DEFINITION_FORMATION('','',#5598);
#5598 = PRODUCT('R_0603_1608Metric','R_0603_1608Metric','',(#5599));
#5599 = PRODUCT_CONTEXT('',#2,'mechanical');
#5600 = PRODUCT_DEFINITION_CONTEXT('part definition',#2,'design');
#5601 = ADVANCED_BREP_SHAPE_REPRESENTATION('',(#11,#5602),#6392);
#5602 = MANIFOLD_SOLID_BREP('',#5603);
#5603 = CLOSED_SHELL('',(#5604,#5644,#5727,#5752,#5777,#5844,#5861,#5878
    ,#5927,#5944,#5961,#6010,#6027,#6096,#6127,#6151,#6220,#6244,#6261,
    #6278,#6295,#6312,#6329,#6346,#6363,#6380));
#5604 = ADVANCED_FACE('',(#5605),#5639,.F.);
#5605 = FACE_BOUND('',#5606,.F.);
#5606 = EDGE_LOOP('',(#5607,#5617,#5625,#5633));
#5607 = ORIENTED_EDGE('',*,*,#5608,.F.);
#5608 = EDGE_CURVE('',#5609,#5611,#5613,.T.);
#5609 = VERTEX_POINT('',#5610);
#5610 = CARTESIAN_POINT('',(-0.8,-0.4,4.5E-02));
#5611 = VERTEX_POINT('',#5612);
#5612 = CARTESIAN_POINT('',(-0.8,-0.4,0.405));
#5613 = LINE('',#5614,#5615);
#5614 = CARTESIAN_POINT('',(-0.8,-0.4,0.));
#5615 = VECTOR('',#5616,1.);
#5616 = DIRECTION('',(0.,0.,1.));
#5617 = ORIENTED_EDGE('',*,*,#5618,.T.);
#5618 = EDGE_CURVE('',#5609,#5619,#5621,.T.);
#5619 = VERTEX_POINT('',#5620);
#5620 = CARTESIAN_POINT('',(-0.8,0.4,4.5E-02));
#5621 = LINE('',#5622,#5623);
#5622 = CARTESIAN_POINT('',(-0.8,-0.4,4.5E-02));
#5623 = VECTOR('',#5624,1.);
#5624 = DIRECTION('',(0.,1.,0.));
#5625 = ORIENTED_EDGE('',*,*,#5626,.T.);
#5626 = EDGE_CURVE('',#5619,#5627,#5629,.T.);
#5627 = VERTEX_POINT('',#5628);
#5628 = CARTESIAN_POINT('',(-0.8,0.4,0.405));
#5629 = LINE('',#5630,#5631);
#5630 = CARTESIAN_POINT('',(-0.8,0.4,0.));
#5631 = VECTOR('',#5632,1.);
#5632 = DIRECTION('',(0.,0.,1.));
#5633 = ORIENTED_EDGE('',*,*,#5634,.F.);
#5634 = EDGE_CURVE('',#5611,#5627,#5635,.T.);
#5635 = LINE('',#5636,#5637);
#5636 = CARTESIAN_POINT('',(-0.8,-0.4,0.405));
#5637 = VECTOR('',#5638,1.);
#5638 = DIRECTION('',(0.,1.,0.));
#5639 = PLANE('',#5640);
#5640 = AXIS2_PLACEMENT_3D('',#5641,#5642,#5643);
#5641 = CARTESIAN_POINT('',(-0.8,-0.4,0.));
#5642 = DIRECTION('',(1.,0.,0.));
#5643 = DIRECTION('',(0.,0.,1.));
#5644 = ADVANCED_FACE('',(#5645),#5722,.F.);
#5645 = FACE_BOUND('',#5646,.F.);
#5646 = EDGE_LOOP('',(#5647,#5657,#5664,#5665,#5674,#5682,#5691,#5699,
    #5707,#5715));
#5647 = ORIENTED_EDGE('',*,*,#5648,.F.);
#5648 = EDGE_CURVE('',#5649,#5651,#5653,.T.);
#5649 = VERTEX_POINT('',#5650);
#5650 = CARTESIAN_POINT('',(-0.755,-0.4,-2.775557561563E-17));
#5651 = VERTEX_POINT('',#5652);
#5652 = CARTESIAN_POINT('',(-0.545,-0.4,-2.775557561563E-17));
#5653 = LINE('',#5654,#5655);
#5654 = CARTESIAN_POINT('',(-0.8,-0.4,0.));
#5655 = VECTOR('',#5656,1.);
#5656 = DIRECTION('',(1.,0.,0.));
#5657 = ORIENTED_EDGE('',*,*,#5658,.F.);
#5658 = EDGE_CURVE('',#5609,#5649,#5659,.T.);
#5659 = CIRCLE('',#5660,4.5E-02);
#5660 = AXIS2_PLACEMENT_3D('',#5661,#5662,#5663);
#5661 = CARTESIAN_POINT('',(-0.755,-0.4,4.5E-02));
#5662 = DIRECTION('',(0.,-1.,0.));
#5663 = DIRECTION('',(0.,0.,1.));
#5664 = ORIENTED_EDGE('',*,*,#5608,.T.);
#5665 = ORIENTED_EDGE('',*,*,#5666,.T.);
#5666 = EDGE_CURVE('',#5611,#5667,#5669,.T.);
#5667 = VERTEX_POINT('',#5668);
#5668 = CARTESIAN_POINT('',(-0.755,-0.4,0.45));
#5669 = CIRCLE('',#5670,4.5E-02);
#5670 = AXIS2_PLACEMENT_3D('',#5671,#5672,#5673);
#5671 = CARTESIAN_POINT('',(-0.755,-0.4,0.405));
#5672 = DIRECTION('',(0.,1.,0.));
#5673 = DIRECTION('',(0.,-0.,1.));
#5674 = ORIENTED_EDGE('',*,*,#5675,.T.);
#5675 = EDGE_CURVE('',#5667,#5676,#5678,.T.);
#5676 = VERTEX_POINT('',#5677);
#5677 = CARTESIAN_POINT('',(-0.545,-0.4,0.45));
#5678 = LINE('',#5679,#5680);
#5679 = CARTESIAN_POINT('',(-0.8,-0.4,0.45));
#5680 = VECTOR('',#5681,1.);
#5681 = DIRECTION('',(1.,0.,0.));
#5682 = ORIENTED_EDGE('',*,*,#5683,.F.);
#5683 = EDGE_CURVE('',#5684,#5676,#5686,.T.);
#5684 = VERTEX_POINT('',#5685);
#5685 = CARTESIAN_POINT('',(-0.5,-0.4,0.405));
#5686 = CIRCLE('',#5687,4.5E-02);
#5687 = AXIS2_PLACEMENT_3D('',#5688,#5689,#5690);
#5688 = CARTESIAN_POINT('',(-0.545,-0.4,0.405));
#5689 = DIRECTION('',(0.,-1.,0.));
#5690 = DIRECTION('',(0.,0.,1.));
#5691 = ORIENTED_EDGE('',*,*,#5692,.F.);
#5692 = EDGE_CURVE('',#5693,#5684,#5695,.T.);
#5693 = VERTEX_POINT('',#5694);
#5694 = CARTESIAN_POINT('',(-0.755,-0.4,0.405));
#5695 = LINE('',#5696,#5697);
#5696 = CARTESIAN_POINT('',(-0.755,-0.4,0.405));
#5697 = VECTOR('',#5698,1.);
#5698 = DIRECTION('',(1.,0.,0.));
#5699 = ORIENTED_EDGE('',*,*,#5700,.F.);
#5700 = EDGE_CURVE('',#5701,#5693,#5703,.T.);
#5701 = VERTEX_POINT('',#5702);
#5702 = CARTESIAN_POINT('',(-0.755,-0.4,4.5E-02));
#5703 = LINE('',#5704,#5705);
#5704 = CARTESIAN_POINT('',(-0.755,-0.4,4.5E-02));
#5705 = VECTOR('',#5706,1.);
#5706 = DIRECTION('',(0.,0.,1.));
#5707 = ORIENTED_EDGE('',*,*,#5708,.T.);
#5708 = EDGE_CURVE('',#5701,#5709,#5711,.T.);
#5709 = VERTEX_POINT('',#5710);
#5710 = CARTESIAN_POINT('',(-0.5,-0.4,4.5E-02));
#5711 = LINE('',#5712,#5713);
#5712 = CARTESIAN_POINT('',(-0.755,-0.4,4.5E-02));
#5713 = VECTOR('',#5714,1.);
#5714 = DIRECTION('',(1.,0.,0.));
#5715 = ORIENTED_EDGE('',*,*,#5716,.T.);
#5716 = EDGE_CURVE('',#5709,#5651,#5717,.T.);
#5717 = CIRCLE('',#5718,4.5E-02);
#5718 = AXIS2_PLACEMENT_3D('',#5719,#5720,#5721);
#5719 = CARTESIAN_POINT('',(-0.545,-0.4,4.5E-02));
#5720 = DIRECTION('',(0.,1.,0.));
#5721 = DIRECTION('',(0.,-0.,1.));
#5722 = PLANE('',#5723);
#5723 = AXIS2_PLACEMENT_3D('',#5724,#5725,#5726);
#5724 = CARTESIAN_POINT('',(-0.8,-0.4,0.));
#5725 = DIRECTION('',(0.,1.,0.));
#5726 = DIRECTION('',(0.,-0.,1.));
#5727 = ADVANCED_FACE('',(#5728),#5747,.T.);
#5728 = FACE_BOUND('',#5729,.T.);
#5729 = EDGE_LOOP('',(#5730,#5731,#5740,#5746));
#5730 = ORIENTED_EDGE('',*,*,#5618,.T.);
#5731 = ORIENTED_EDGE('',*,*,#5732,.T.);
#5732 = EDGE_CURVE('',#5619,#5733,#5735,.T.);
#5733 = VERTEX_POINT('',#5734);
#5734 = CARTESIAN_POINT('',(-0.755,0.4,-2.775557561563E-17));
#5735 = CIRCLE('',#5736,4.5E-02);
#5736 = AXIS2_PLACEMENT_3D('',#5737,#5738,#5739);
#5737 = CARTESIAN_POINT('',(-0.755,0.4,4.5E-02));
#5738 = DIRECTION('',(0.,-1.,0.));
#5739 = DIRECTION('',(0.,0.,1.));
#5740 = ORIENTED_EDGE('',*,*,#5741,.F.);
#5741 = EDGE_CURVE('',#5649,#5733,#5742,.T.);
#5742 = LINE('',#5743,#5744);
#5743 = CARTESIAN_POINT('',(-0.755,-0.4,-2.775557561563E-17));
#5744 = VECTOR('',#5745,1.);
#5745 = DIRECTION('',(0.,1.,0.));
#5746 = ORIENTED_EDGE('',*,*,#5658,.F.);
#5747 = CYLINDRICAL_SURFACE('',#5748,4.5E-02);
#5748 = AXIS2_PLACEMENT_3D('',#5749,#5750,#5751);
#5749 = CARTESIAN_POINT('',(-0.755,-0.4,4.5E-02));
#5750 = DIRECTION('',(0.,1.,0.));
#5751 = DIRECTION('',(-1.,0.,0.));
#5752 = ADVANCED_FACE('',(#5753),#5772,.T.);
#5753 = FACE_BOUND('',#5754,.T.);
#5754 = EDGE_LOOP('',(#5755,#5756,#5764,#5771));
#5755 = ORIENTED_EDGE('',*,*,#5666,.T.);
#5756 = ORIENTED_EDGE('',*,*,#5757,.T.);
#5757 = EDGE_CURVE('',#5667,#5758,#5760,.T.);
#5758 = VERTEX_POINT('',#5759);
#5759 = CARTESIAN_POINT('',(-0.755,0.4,0.45));
#5760 = LINE('',#5761,#5762);
#5761 = CARTESIAN_POINT('',(-0.755,-0.4,0.45));
#5762 = VECTOR('',#5763,1.);
#5763 = DIRECTION('',(0.,1.,0.));
#5764 = ORIENTED_EDGE('',*,*,#5765,.F.);
#5765 = EDGE_CURVE('',#5627,#5758,#5766,.T.);
#5766 = CIRCLE('',#5767,4.5E-02);
#5767 = AXIS2_PLACEMENT_3D('',#5768,#5769,#5770);
#5768 = CARTESIAN_POINT('',(-0.755,0.4,0.405));
#5769 = DIRECTION('',(0.,1.,0.));
#5770 = DIRECTION('',(0.,-0.,1.));
#5771 = ORIENTED_EDGE('',*,*,#5634,.F.);
#5772 = CYLINDRICAL_SURFACE('',#5773,4.5E-02);
#5773 = AXIS2_PLACEMENT_3D('',#5774,#5775,#5776);
#5774 = CARTESIAN_POINT('',(-0.755,-0.4,0.405));
#5775 = DIRECTION('',(0.,1.,0.));
#5776 = DIRECTION('',(-1.,0.,0.));
#5777 = ADVANCED_FACE('',(#5778),#5839,.T.);
#5778 = FACE_BOUND('',#5779,.T.);
#5779 = EDGE_LOOP('',(#5780,#5788,#5789,#5790,#5791,#5799,#5808,#5816,
    #5824,#5832));
#5780 = ORIENTED_EDGE('',*,*,#5781,.F.);
#5781 = EDGE_CURVE('',#5733,#5782,#5784,.T.);
#5782 = VERTEX_POINT('',#5783);
#5783 = CARTESIAN_POINT('',(-0.545,0.4,-2.775557561563E-17));
#5784 = LINE('',#5785,#5786);
#5785 = CARTESIAN_POINT('',(-0.8,0.4,0.));
#5786 = VECTOR('',#5787,1.);
#5787 = DIRECTION('',(1.,0.,0.));
#5788 = ORIENTED_EDGE('',*,*,#5732,.F.);
#5789 = ORIENTED_EDGE('',*,*,#5626,.T.);
#5790 = ORIENTED_EDGE('',*,*,#5765,.T.);
#5791 = ORIENTED_EDGE('',*,*,#5792,.T.);
#5792 = EDGE_CURVE('',#5758,#5793,#5795,.T.);
#5793 = VERTEX_POINT('',#5794);
#5794 = CARTESIAN_POINT('',(-0.545,0.4,0.45));
#5795 = LINE('',#5796,#5797);
#5796 = CARTESIAN_POINT('',(-0.8,0.4,0.45));
#5797 = VECTOR('',#5798,1.);
#5798 = DIRECTION('',(1.,0.,0.));
#5799 = ORIENTED_EDGE('',*,*,#5800,.F.);
#5800 = EDGE_CURVE('',#5801,#5793,#5803,.T.);
#5801 = VERTEX_POINT('',#5802);
#5802 = CARTESIAN_POINT('',(-0.5,0.4,0.405));
#5803 = CIRCLE('',#5804,4.5E-02);
#5804 = AXIS2_PLACEMENT_3D('',#5805,#5806,#5807);
#5805 = CARTESIAN_POINT('',(-0.545,0.4,0.405));
#5806 = DIRECTION('',(0.,-1.,0.));
#5807 = DIRECTION('',(0.,0.,1.));
#5808 = ORIENTED_EDGE('',*,*,#5809,.F.);
#5809 = EDGE_CURVE('',#5810,#5801,#5812,.T.);
#5810 = VERTEX_POINT('',#5811);
#5811 = CARTESIAN_POINT('',(-0.755,0.4,0.405));
#5812 = LINE('',#5813,#5814);
#5813 = CARTESIAN_POINT('',(-0.755,0.4,0.405));
#5814 = VECTOR('',#5815,1.);
#5815 = DIRECTION('',(1.,0.,0.));
#5816 = ORIENTED_EDGE('',*,*,#5817,.F.);
#5817 = EDGE_CURVE('',#5818,#5810,#5820,.T.);
#5818 = VERTEX_POINT('',#5819);
#5819 = CARTESIAN_POINT('',(-0.755,0.4,4.5E-02));
#5820 = LINE('',#5821,#5822);
#5821 = CARTESIAN_POINT('',(-0.755,0.4,4.5E-02));
#5822 = VECTOR('',#5823,1.);
#5823 = DIRECTION('',(0.,0.,1.));
#5824 = ORIENTED_EDGE('',*,*,#5825,.T.);
#5825 = EDGE_CURVE('',#5818,#5826,#5828,.T.);
#5826 = VERTEX_POINT('',#5827);
#5827 = CARTESIAN_POINT('',(-0.5,0.4,4.5E-02));
#5828 = LINE('',#5829,#5830);
#5829 = CARTESIAN_POINT('',(-0.755,0.4,4.5E-02));
#5830 = VECTOR('',#5831,1.);
#5831 = DIRECTION('',(1.,0.,0.));
#5832 = ORIENTED_EDGE('',*,*,#5833,.T.);
#5833 = EDGE_CURVE('',#5826,#5782,#5834,.T.);
#5834 = CIRCLE('',#5835,4.5E-02);
#5835 = AXIS2_PLACEMENT_3D('',#5836,#5837,#5838);
#5836 = CARTESIAN_POINT('',(-0.545,0.4,4.5E-02));
#5837 = DIRECTION('',(0.,1.,0.));
#5838 = DIRECTION('',(0.,-0.,1.));
#5839 = PLANE('',#5840);
#5840 = AXIS2_PLACEMENT_3D('',#5841,#5842,#5843);
#5841 = CARTESIAN_POINT('',(-0.8,0.4,0.));
#5842 = DIRECTION('',(0.,1.,0.));
#5843 = DIRECTION('',(0.,-0.,1.));
#5844 = ADVANCED_FACE('',(#5845),#5856,.F.);
#5845 = FACE_BOUND('',#5846,.F.);
#5846 = EDGE_LOOP('',(#5847,#5848,#5849,#5850));
#5847 = ORIENTED_EDGE('',*,*,#5781,.F.);
#5848 = ORIENTED_EDGE('',*,*,#5741,.F.);
#5849 = ORIENTED_EDGE('',*,*,#5648,.T.);
#5850 = ORIENTED_EDGE('',*,*,#5851,.T.);
#5851 = EDGE_CURVE('',#5651,#5782,#5852,.T.);
#5852 = LINE('',#5853,#5854);
#5853 = CARTESIAN_POINT('',(-0.545,-0.4,-2.775557561563E-17));
#5854 = VECTOR('',#5855,1.);
#5855 = DIRECTION('',(0.,1.,0.));
#5856 = PLANE('',#5857);
#5857 = AXIS2_PLACEMENT_3D('',#5858,#5859,#5860);
#5858 = CARTESIAN_POINT('',(-0.8,-0.4,0.));
#5859 = DIRECTION('',(0.,0.,1.));
#5860 = DIRECTION('',(1.,0.,-0.));
#5861 = ADVANCED_FACE('',(#5862),#5873,.T.);
#5862 = FACE_BOUND('',#5863,.T.);
#5863 = EDGE_LOOP('',(#5864,#5865,#5866,#5867));
#5864 = ORIENTED_EDGE('',*,*,#5716,.T.);
#5865 = ORIENTED_EDGE('',*,*,#5851,.T.);
#5866 = ORIENTED_EDGE('',*,*,#5833,.F.);
#5867 = ORIENTED_EDGE('',*,*,#5868,.F.);
#5868 = EDGE_CURVE('',#5709,#5826,#5869,.T.);
#5869 = LINE('',#5870,#5871);
#5870 = CARTESIAN_POINT('',(-0.5,-0.4,4.5E-02));
#5871 = VECTOR('',#5872,1.);
#5872 = DIRECTION('',(0.,1.,0.));
#5873 = CYLINDRICAL_SURFACE('',#5874,4.5E-02);
#5874 = AXIS2_PLACEMENT_3D('',#5875,#5876,#5877);
#5875 = CARTESIAN_POINT('',(-0.545,-0.4,4.5E-02));
#5876 = DIRECTION('',(0.,1.,0.));
#5877 = DIRECTION('',(1.,0.,0.));
#5878 = ADVANCED_FACE('',(#5879),#5922,.F.);
#5879 = FACE_BOUND('',#5880,.F.);
#5880 = EDGE_LOOP('',(#5881,#5882,#5883,#5884,#5892,#5900,#5908,#5916));
#5881 = ORIENTED_EDGE('',*,*,#5708,.F.);
#5882 = ORIENTED_EDGE('',*,*,#5700,.T.);
#5883 = ORIENTED_EDGE('',*,*,#5692,.T.);
#5884 = ORIENTED_EDGE('',*,*,#5885,.T.);
#5885 = EDGE_CURVE('',#5684,#5886,#5888,.T.);
#5886 = VERTEX_POINT('',#5887);
#5887 = CARTESIAN_POINT('',(0.5,-0.4,0.405));
#5888 = LINE('',#5889,#5890);
#5889 = CARTESIAN_POINT('',(-0.5,-0.4,0.405));
#5890 = VECTOR('',#5891,1.);
#5891 = DIRECTION('',(1.,0.,0.));
#5892 = ORIENTED_EDGE('',*,*,#5893,.T.);
#5893 = EDGE_CURVE('',#5886,#5894,#5896,.T.);
#5894 = VERTEX_POINT('',#5895);
#5895 = CARTESIAN_POINT('',(0.755,-0.4,0.405));
#5896 = LINE('',#5897,#5898);
#5897 = CARTESIAN_POINT('',(-0.755,-0.4,0.405));
#5898 = VECTOR('',#5899,1.);
#5899 = DIRECTION('',(1.,0.,0.));
#5900 = ORIENTED_EDGE('',*,*,#5901,.F.);
#5901 = EDGE_CURVE('',#5902,#5894,#5904,.T.);
#5902 = VERTEX_POINT('',#5903);
#5903 = CARTESIAN_POINT('',(0.755,-0.4,4.5E-02));
#5904 = LINE('',#5905,#5906);
#5905 = CARTESIAN_POINT('',(0.755,-0.4,4.5E-02));
#5906 = VECTOR('',#5907,1.);
#5907 = DIRECTION('',(0.,0.,1.));
#5908 = ORIENTED_EDGE('',*,*,#5909,.F.);
#5909 = EDGE_CURVE('',#5910,#5902,#5912,.T.);
#5910 = VERTEX_POINT('',#5911);
#5911 = CARTESIAN_POINT('',(0.5,-0.4,4.5E-02));
#5912 = LINE('',#5913,#5914);
#5913 = CARTESIAN_POINT('',(-0.755,-0.4,4.5E-02));
#5914 = VECTOR('',#5915,1.);
#5915 = DIRECTION('',(1.,0.,0.));
#5916 = ORIENTED_EDGE('',*,*,#5917,.F.);
#5917 = EDGE_CURVE('',#5709,#5910,#5918,.T.);
#5918 = LINE('',#5919,#5920);
#5919 = CARTESIAN_POINT('',(-0.755,-0.4,4.5E-02));
#5920 = VECTOR('',#5921,1.);
#5921 = DIRECTION('',(1.,0.,0.));
#5922 = PLANE('',#5923);
#5923 = AXIS2_PLACEMENT_3D('',#5924,#5925,#5926);
#5924 = CARTESIAN_POINT('',(-0.755,-0.4,4.5E-02));
#5925 = DIRECTION('',(0.,1.,0.));
#5926 = DIRECTION('',(0.,-0.,1.));
#5927 = ADVANCED_FACE('',(#5928),#5939,.T.);
#5928 = FACE_BOUND('',#5929,.T.);
#5929 = EDGE_LOOP('',(#5930,#5931,#5932,#5933));
#5930 = ORIENTED_EDGE('',*,*,#5792,.F.);
#5931 = ORIENTED_EDGE('',*,*,#5757,.F.);
#5932 = ORIENTED_EDGE('',*,*,#5675,.T.);
#5933 = ORIENTED_EDGE('',*,*,#5934,.T.);
#5934 = EDGE_CURVE('',#5676,#5793,#5935,.T.);
#5935 = LINE('',#5936,#5937);
#5936 = CARTESIAN_POINT('',(-0.545,-0.4,0.45));
#5937 = VECTOR('',#5938,1.);
#5938 = DIRECTION('',(0.,1.,0.));
#5939 = PLANE('',#5940);
#5940 = AXIS2_PLACEMENT_3D('',#5941,#5942,#5943);
#5941 = CARTESIAN_POINT('',(-0.8,-0.4,0.45));
#5942 = DIRECTION('',(0.,0.,1.));
#5943 = DIRECTION('',(1.,0.,-0.));
#5944 = ADVANCED_FACE('',(#5945),#5956,.T.);
#5945 = FACE_BOUND('',#5946,.T.);
#5946 = EDGE_LOOP('',(#5947,#5953,#5954,#5955));
#5947 = ORIENTED_EDGE('',*,*,#5948,.T.);
#5948 = EDGE_CURVE('',#5684,#5801,#5949,.T.);
#5949 = LINE('',#5950,#5951);
#5950 = CARTESIAN_POINT('',(-0.5,-0.4,0.405));
#5951 = VECTOR('',#5952,1.);
#5952 = DIRECTION('',(0.,1.,0.));
#5953 = ORIENTED_EDGE('',*,*,#5800,.T.);
#5954 = ORIENTED_EDGE('',*,*,#5934,.F.);
#5955 = ORIENTED_EDGE('',*,*,#5683,.F.);
#5956 = CYLINDRICAL_SURFACE('',#5957,4.5E-02);
#5957 = AXIS2_PLACEMENT_3D('',#5958,#5959,#5960);
#5958 = CARTESIAN_POINT('',(-0.545,-0.4,0.405));
#5959 = DIRECTION('',(0.,1.,0.));
#5960 = DIRECTION('',(1.,0.,0.));
#5961 = ADVANCED_FACE('',(#5962),#6005,.T.);
#5962 = FACE_BOUND('',#5963,.T.);
#5963 = EDGE_LOOP('',(#5964,#5965,#5966,#5967,#5975,#5983,#5991,#5999));
#5964 = ORIENTED_EDGE('',*,*,#5825,.F.);
#5965 = ORIENTED_EDGE('',*,*,#5817,.T.);
#5966 = ORIENTED_EDGE('',*,*,#5809,.T.);
#5967 = ORIENTED_EDGE('',*,*,#5968,.T.);
#5968 = EDGE_CURVE('',#5801,#5969,#5971,.T.);
#5969 = VERTEX_POINT('',#5970);
#5970 = CARTESIAN_POINT('',(0.5,0.4,0.405));
#5971 = LINE('',#5972,#5973);
#5972 = CARTESIAN_POINT('',(-0.5,0.4,0.405));
#5973 = VECTOR('',#5974,1.);
#5974 = DIRECTION('',(1.,0.,0.));
#5975 = ORIENTED_EDGE('',*,*,#5976,.T.);
#5976 = EDGE_CURVE('',#5969,#5977,#5979,.T.);
#5977 = VERTEX_POINT('',#5978);
#5978 = CARTESIAN_POINT('',(0.755,0.4,0.405));
#5979 = LINE('',#5980,#5981);
#5980 = CARTESIAN_POINT('',(-0.755,0.4,0.405));
#5981 = VECTOR('',#5982,1.);
#5982 = DIRECTION('',(1.,0.,0.));
#5983 = ORIENTED_EDGE('',*,*,#5984,.F.);
#5984 = EDGE_CURVE('',#5985,#5977,#5987,.T.);
#5985 = VERTEX_POINT('',#5986);
#5986 = CARTESIAN_POINT('',(0.755,0.4,4.5E-02));
#5987 = LINE('',#5988,#5989);
#5988 = CARTESIAN_POINT('',(0.755,0.4,4.5E-02));
#5989 = VECTOR('',#5990,1.);
#5990 = DIRECTION('',(0.,0.,1.));
#5991 = ORIENTED_EDGE('',*,*,#5992,.F.);
#5992 = EDGE_CURVE('',#5993,#5985,#5995,.T.);
#5993 = VERTEX_POINT('',#5994);
#5994 = CARTESIAN_POINT('',(0.5,0.4,4.5E-02));
#5995 = LINE('',#5996,#5997);
#5996 = CARTESIAN_POINT('',(-0.755,0.4,4.5E-02));
#5997 = VECTOR('',#5998,1.);
#5998 = DIRECTION('',(1.,0.,0.));
#5999 = ORIENTED_EDGE('',*,*,#6000,.F.);
#6000 = EDGE_CURVE('',#5826,#5993,#6001,.T.);
#6001 = LINE('',#6002,#6003);
#6002 = CARTESIAN_POINT('',(-0.755,0.4,4.5E-02));
#6003 = VECTOR('',#6004,1.);
#6004 = DIRECTION('',(1.,0.,0.));
#6005 = PLANE('',#6006);
#6006 = AXIS2_PLACEMENT_3D('',#6007,#6008,#6009);
#6007 = CARTESIAN_POINT('',(-0.755,0.4,4.5E-02));
#6008 = DIRECTION('',(0.,1.,0.));
#6009 = DIRECTION('',(0.,-0.,1.));
#6010 = ADVANCED_FACE('',(#6011),#6022,.F.);
#6011 = FACE_BOUND('',#6012,.F.);
#6012 = EDGE_LOOP('',(#6013,#6014,#6015,#6021));
#6013 = ORIENTED_EDGE('',*,*,#5868,.F.);
#6014 = ORIENTED_EDGE('',*,*,#5917,.T.);
#6015 = ORIENTED_EDGE('',*,*,#6016,.T.);
#6016 = EDGE_CURVE('',#5910,#5993,#6017,.T.);
#6017 = LINE('',#6018,#6019);
#6018 = CARTESIAN_POINT('',(0.5,-0.4,4.5E-02));
#6019 = VECTOR('',#6020,1.);
#6020 = DIRECTION('',(0.,1.,0.));
#6021 = ORIENTED_EDGE('',*,*,#6000,.F.);
#6022 = PLANE('',#6023);
#6023 = AXIS2_PLACEMENT_3D('',#6024,#6025,#6026);
#6024 = CARTESIAN_POINT('',(-0.755,-0.4,4.5E-02));
#6025 = DIRECTION('',(0.,0.,1.));
#6026 = DIRECTION('',(1.,0.,-0.));
#6027 = ADVANCED_FACE('',(#6028),#6091,.F.);
#6028 = FACE_BOUND('',#6029,.F.);
#6029 = EDGE_LOOP('',(#6030,#6040,#6047,#6048,#6049,#6050,#6059,#6067,
    #6076,#6084));
#6030 = ORIENTED_EDGE('',*,*,#6031,.F.);
#6031 = EDGE_CURVE('',#6032,#6034,#6036,.T.);
#6032 = VERTEX_POINT('',#6033);
#6033 = CARTESIAN_POINT('',(0.545,-0.4,-2.775557561563E-17));
#6034 = VERTEX_POINT('',#6035);
#6035 = CARTESIAN_POINT('',(0.755,-0.4,-2.775557561563E-17));
#6036 = LINE('',#6037,#6038);
#6037 = CARTESIAN_POINT('',(0.5,-0.4,0.));
#6038 = VECTOR('',#6039,1.);
#6039 = DIRECTION('',(1.,0.,0.));
#6040 = ORIENTED_EDGE('',*,*,#6041,.F.);
#6041 = EDGE_CURVE('',#5910,#6032,#6042,.T.);
#6042 = CIRCLE('',#6043,4.5E-02);
#6043 = AXIS2_PLACEMENT_3D('',#6044,#6045,#6046);
#6044 = CARTESIAN_POINT('',(0.545,-0.4,4.5E-02));
#6045 = DIRECTION('',(0.,-1.,0.));
#6046 = DIRECTION('',(0.,0.,1.));
#6047 = ORIENTED_EDGE('',*,*,#5909,.T.);
#6048 = ORIENTED_EDGE('',*,*,#5901,.T.);
#6049 = ORIENTED_EDGE('',*,*,#5893,.F.);
#6050 = ORIENTED_EDGE('',*,*,#6051,.T.);
#6051 = EDGE_CURVE('',#5886,#6052,#6054,.T.);
#6052 = VERTEX_POINT('',#6053);
#6053 = CARTESIAN_POINT('',(0.545,-0.4,0.45));
#6054 = CIRCLE('',#6055,4.5E-02);
#6055 = AXIS2_PLACEMENT_3D('',#6056,#6057,#6058);
#6056 = CARTESIAN_POINT('',(0.545,-0.4,0.405));
#6057 = DIRECTION('',(0.,1.,0.));
#6058 = DIRECTION('',(0.,-0.,1.));
#6059 = ORIENTED_EDGE('',*,*,#6060,.T.);
#6060 = EDGE_CURVE('',#6052,#6061,#6063,.T.);
#6061 = VERTEX_POINT('',#6062);
#6062 = CARTESIAN_POINT('',(0.755,-0.4,0.45));
#6063 = LINE('',#6064,#6065);
#6064 = CARTESIAN_POINT('',(0.5,-0.4,0.45));
#6065 = VECTOR('',#6066,1.);
#6066 = DIRECTION('',(1.,0.,0.));
#6067 = ORIENTED_EDGE('',*,*,#6068,.F.);
#6068 = EDGE_CURVE('',#6069,#6061,#6071,.T.);
#6069 = VERTEX_POINT('',#6070);
#6070 = CARTESIAN_POINT('',(0.8,-0.4,0.405));
#6071 = CIRCLE('',#6072,4.5E-02);
#6072 = AXIS2_PLACEMENT_3D('',#6073,#6074,#6075);
#6073 = CARTESIAN_POINT('',(0.755,-0.4,0.405));
#6074 = DIRECTION('',(0.,-1.,0.));
#6075 = DIRECTION('',(0.,0.,1.));
#6076 = ORIENTED_EDGE('',*,*,#6077,.F.);
#6077 = EDGE_CURVE('',#6078,#6069,#6080,.T.);
#6078 = VERTEX_POINT('',#6079);
#6079 = CARTESIAN_POINT('',(0.8,-0.4,4.5E-02));
#6080 = LINE('',#6081,#6082);
#6081 = CARTESIAN_POINT('',(0.8,-0.4,0.));
#6082 = VECTOR('',#6083,1.);
#6083 = DIRECTION('',(0.,0.,1.));
#6084 = ORIENTED_EDGE('',*,*,#6085,.T.);
#6085 = EDGE_CURVE('',#6078,#6034,#6086,.T.);
#6086 = CIRCLE('',#6087,4.5E-02);
#6087 = AXIS2_PLACEMENT_3D('',#6088,#6089,#6090);
#6088 = CARTESIAN_POINT('',(0.755,-0.4,4.5E-02));
#6089 = DIRECTION('',(0.,1.,0.));
#6090 = DIRECTION('',(0.,-0.,1.));
#6091 = PLANE('',#6092);
#6092 = AXIS2_PLACEMENT_3D('',#6093,#6094,#6095);
#6093 = CARTESIAN_POINT('',(0.5,-0.4,0.));
#6094 = DIRECTION('',(0.,1.,0.));
#6095 = DIRECTION('',(0.,-0.,1.));
#6096 = ADVANCED_FACE('',(#6097),#6122,.F.);
#6097 = FACE_BOUND('',#6098,.F.);
#6098 = EDGE_LOOP('',(#6099,#6100,#6108,#6116));
#6099 = ORIENTED_EDGE('',*,*,#5885,.F.);
#6100 = ORIENTED_EDGE('',*,*,#6101,.T.);
#6101 = EDGE_CURVE('',#5684,#6102,#6104,.T.);
#6102 = VERTEX_POINT('',#6103);
#6103 = CARTESIAN_POINT('',(-0.5,-0.4,0.45));
#6104 = LINE('',#6105,#6106);
#6105 = CARTESIAN_POINT('',(-0.5,-0.4,0.405));
#6106 = VECTOR('',#6107,1.);
#6107 = DIRECTION('',(0.,0.,1.));
#6108 = ORIENTED_EDGE('',*,*,#6109,.T.);
#6109 = EDGE_CURVE('',#6102,#6110,#6112,.T.);
#6110 = VERTEX_POINT('',#6111);
#6111 = CARTESIAN_POINT('',(0.5,-0.4,0.45));
#6112 = LINE('',#6113,#6114);
#6113 = CARTESIAN_POINT('',(-0.5,-0.4,0.45));
#6114 = VECTOR('',#6115,1.);
#6115 = DIRECTION('',(1.,0.,0.));
#6116 = ORIENTED_EDGE('',*,*,#6117,.F.);
#6117 = EDGE_CURVE('',#5886,#6110,#6118,.T.);
#6118 = LINE('',#6119,#6120);
#6119 = CARTESIAN_POINT('',(0.5,-0.4,0.405));
#6120 = VECTOR('',#6121,1.);
#6121 = DIRECTION('',(0.,0.,1.));
#6122 = PLANE('',#6123);
#6123 = AXIS2_PLACEMENT_3D('',#6124,#6125,#6126);
#6124 = CARTESIAN_POINT('',(-0.5,-0.4,0.405));
#6125 = DIRECTION('',(0.,1.,0.));
#6126 = DIRECTION('',(0.,-0.,1.));
#6127 = ADVANCED_FACE('',(#6128),#6146,.F.);
#6128 = FACE_BOUND('',#6129,.F.);
#6129 = EDGE_LOOP('',(#6130,#6131,#6132,#6140));
#6130 = ORIENTED_EDGE('',*,*,#6101,.F.);
#6131 = ORIENTED_EDGE('',*,*,#5948,.T.);
#6132 = ORIENTED_EDGE('',*,*,#6133,.T.);
#6133 = EDGE_CURVE('',#5801,#6134,#6136,.T.);
#6134 = VERTEX_POINT('',#6135);
#6135 = CARTESIAN_POINT('',(-0.5,0.4,0.45));
#6136 = LINE('',#6137,#6138);
#6137 = CARTESIAN_POINT('',(-0.5,0.4,0.405));
#6138 = VECTOR('',#6139,1.);
#6139 = DIRECTION('',(0.,0.,1.));
#6140 = ORIENTED_EDGE('',*,*,#6141,.F.);
#6141 = EDGE_CURVE('',#6102,#6134,#6142,.T.);
#6142 = LINE('',#6143,#6144);
#6143 = CARTESIAN_POINT('',(-0.5,-0.4,0.45));
#6144 = VECTOR('',#6145,1.);
#6145 = DIRECTION('',(0.,1.,0.));
#6146 = PLANE('',#6147);
#6147 = AXIS2_PLACEMENT_3D('',#6148,#6149,#6150);
#6148 = CARTESIAN_POINT('',(-0.5,-0.4,0.405));
#6149 = DIRECTION('',(1.,0.,0.));
#6150 = DIRECTION('',(0.,0.,1.));
#6151 = ADVANCED_FACE('',(#6152),#6215,.T.);
#6152 = FACE_BOUND('',#6153,.T.);
#6153 = EDGE_LOOP('',(#6154,#6164,#6171,#6172,#6173,#6174,#6183,#6191,
    #6200,#6208));
#6154 = ORIENTED_EDGE('',*,*,#6155,.F.);
#6155 = EDGE_CURVE('',#6156,#6158,#6160,.T.);
#6156 = VERTEX_POINT('',#6157);
#6157 = CARTESIAN_POINT('',(0.545,0.4,-2.775557561563E-17));
#6158 = VERTEX_POINT('',#6159);
#6159 = CARTESIAN_POINT('',(0.755,0.4,-2.775557561563E-17));
#6160 = LINE('',#6161,#6162);
#6161 = CARTESIAN_POINT('',(0.5,0.4,0.));
#6162 = VECTOR('',#6163,1.);
#6163 = DIRECTION('',(1.,0.,0.));
#6164 = ORIENTED_EDGE('',*,*,#6165,.F.);
#6165 = EDGE_CURVE('',#5993,#6156,#6166,.T.);
#6166 = CIRCLE('',#6167,4.5E-02);
#6167 = AXIS2_PLACEMENT_3D('',#6168,#6169,#6170);
#6168 = CARTESIAN_POINT('',(0.545,0.4,4.5E-02));
#6169 = DIRECTION('',(0.,-1.,0.));
#6170 = DIRECTION('',(0.,0.,1.));
#6171 = ORIENTED_EDGE('',*,*,#5992,.T.);
#6172 = ORIENTED_EDGE('',*,*,#5984,.T.);
#6173 = ORIENTED_EDGE('',*,*,#5976,.F.);
#6174 = ORIENTED_EDGE('',*,*,#6175,.T.);
#6175 = EDGE_CURVE('',#5969,#6176,#6178,.T.);
#6176 = VERTEX_POINT('',#6177);
#6177 = CARTESIAN_POINT('',(0.545,0.4,0.45));
#6178 = CIRCLE('',#6179,4.5E-02);
#6179 = AXIS2_PLACEMENT_3D('',#6180,#6181,#6182);
#6180 = CARTESIAN_POINT('',(0.545,0.4,0.405));
#6181 = DIRECTION('',(0.,1.,0.));
#6182 = DIRECTION('',(0.,-0.,1.));
#6183 = ORIENTED_EDGE('',*,*,#6184,.T.);
#6184 = EDGE_CURVE('',#6176,#6185,#6187,.T.);
#6185 = VERTEX_POINT('',#6186);
#6186 = CARTESIAN_POINT('',(0.755,0.4,0.45));
#6187 = LINE('',#6188,#6189);
#6188 = CARTESIAN_POINT('',(0.5,0.4,0.45));
#6189 = VECTOR('',#6190,1.);
#6190 = DIRECTION('',(1.,0.,0.));
#6191 = ORIENTED_EDGE('',*,*,#6192,.F.);
#6192 = EDGE_CURVE('',#6193,#6185,#6195,.T.);
#6193 = VERTEX_POINT('',#6194);
#6194 = CARTESIAN_POINT('',(0.8,0.4,0.405));
#6195 = CIRCLE('',#6196,4.5E-02);
#6196 = AXIS2_PLACEMENT_3D('',#6197,#6198,#6199);
#6197 = CARTESIAN_POINT('',(0.755,0.4,0.405));
#6198 = DIRECTION('',(0.,-1.,0.));
#6199 = DIRECTION('',(0.,0.,1.));
#6200 = ORIENTED_EDGE('',*,*,#6201,.F.);
#6201 = EDGE_CURVE('',#6202,#6193,#6204,.T.);
#6202 = VERTEX_POINT('',#6203);
#6203 = CARTESIAN_POINT('',(0.8,0.4,4.5E-02));
#6204 = LINE('',#6205,#6206);
#6205 = CARTESIAN_POINT('',(0.8,0.4,0.));
#6206 = VECTOR('',#6207,1.);
#6207 = DIRECTION('',(0.,0.,1.));
#6208 = ORIENTED_EDGE('',*,*,#6209,.T.);
#6209 = EDGE_CURVE('',#6202,#6158,#6210,.T.);
#6210 = CIRCLE('',#6211,4.5E-02);
#6211 = AXIS2_PLACEMENT_3D('',#6212,#6213,#6214);
#6212 = CARTESIAN_POINT('',(0.755,0.4,4.5E-02));
#6213 = DIRECTION('',(0.,1.,0.));
#6214 = DIRECTION('',(0.,-0.,1.));
#6215 = PLANE('',#6216);
#6216 = AXIS2_PLACEMENT_3D('',#6217,#6218,#6219);
#6217 = CARTESIAN_POINT('',(0.5,0.4,0.));
#6218 = DIRECTION('',(0.,1.,0.));
#6219 = DIRECTION('',(0.,-0.,1.));
#6220 = ADVANCED_FACE('',(#6221),#6239,.T.);
#6221 = FACE_BOUND('',#6222,.T.);
#6222 = EDGE_LOOP('',(#6223,#6224,#6225,#6233));
#6223 = ORIENTED_EDGE('',*,*,#5968,.F.);
#6224 = ORIENTED_EDGE('',*,*,#6133,.T.);
#6225 = ORIENTED_EDGE('',*,*,#6226,.T.);
#6226 = EDGE_CURVE('',#6134,#6227,#6229,.T.);
#6227 = VERTEX_POINT('',#6228);
#6228 = CARTESIAN_POINT('',(0.5,0.4,0.45));
#6229 = LINE('',#6230,#6231);
#6230 = CARTESIAN_POINT('',(-0.5,0.4,0.45));
#6231 = VECTOR('',#6232,1.);
#6232 = DIRECTION('',(1.,0.,0.));
#6233 = ORIENTED_EDGE('',*,*,#6234,.F.);
#6234 = EDGE_CURVE('',#5969,#6227,#6235,.T.);
#6235 = LINE('',#6236,#6237);
#6236 = CARTESIAN_POINT('',(0.5,0.4,0.405));
#6237 = VECTOR('',#6238,1.);
#6238 = DIRECTION('',(0.,0.,1.));
#6239 = PLANE('',#6240);
#6240 = AXIS2_PLACEMENT_3D('',#6241,#6242,#6243);
#6241 = CARTESIAN_POINT('',(-0.5,0.4,0.405));
#6242 = DIRECTION('',(0.,1.,0.));
#6243 = DIRECTION('',(0.,-0.,1.));
#6244 = ADVANCED_FACE('',(#6245),#6256,.T.);
#6245 = FACE_BOUND('',#6246,.T.);
#6246 = EDGE_LOOP('',(#6247,#6248,#6249,#6255));
#6247 = ORIENTED_EDGE('',*,*,#6016,.T.);
#6248 = ORIENTED_EDGE('',*,*,#6165,.T.);
#6249 = ORIENTED_EDGE('',*,*,#6250,.F.);
#6250 = EDGE_CURVE('',#6032,#6156,#6251,.T.);
#6251 = LINE('',#6252,#6253);
#6252 = CARTESIAN_POINT('',(0.545,-0.4,-2.775557561563E-17));
#6253 = VECTOR('',#6254,1.);
#6254 = DIRECTION('',(0.,1.,0.));
#6255 = ORIENTED_EDGE('',*,*,#6041,.F.);
#6256 = CYLINDRICAL_SURFACE('',#6257,4.5E-02);
#6257 = AXIS2_PLACEMENT_3D('',#6258,#6259,#6260);
#6258 = CARTESIAN_POINT('',(0.545,-0.4,4.5E-02));
#6259 = DIRECTION('',(0.,1.,0.));
#6260 = DIRECTION('',(-1.,0.,0.));
#6261 = ADVANCED_FACE('',(#6262),#6273,.F.);
#6262 = FACE_BOUND('',#6263,.F.);
#6263 = EDGE_LOOP('',(#6264,#6265,#6266,#6267));
#6264 = ORIENTED_EDGE('',*,*,#6155,.F.);
#6265 = ORIENTED_EDGE('',*,*,#6250,.F.);
#6266 = ORIENTED_EDGE('',*,*,#6031,.T.);
#6267 = ORIENTED_EDGE('',*,*,#6268,.T.);
#6268 = EDGE_CURVE('',#6034,#6158,#6269,.T.);
#6269 = LINE('',#6270,#6271);
#6270 = CARTESIAN_POINT('',(0.755,-0.4,-2.775557561563E-17));
#6271 = VECTOR('',#6272,1.);
#6272 = DIRECTION('',(0.,1.,0.));
#6273 = PLANE('',#6274);
#6274 = AXIS2_PLACEMENT_3D('',#6275,#6276,#6277);
#6275 = CARTESIAN_POINT('',(0.5,-0.4,0.));
#6276 = DIRECTION('',(0.,0.,1.));
#6277 = DIRECTION('',(1.,0.,-0.));
#6278 = ADVANCED_FACE('',(#6279),#6290,.T.);
#6279 = FACE_BOUND('',#6280,.T.);
#6280 = EDGE_LOOP('',(#6281,#6282,#6283,#6284));
#6281 = ORIENTED_EDGE('',*,*,#6085,.T.);
#6282 = ORIENTED_EDGE('',*,*,#6268,.T.);
#6283 = ORIENTED_EDGE('',*,*,#6209,.F.);
#6284 = ORIENTED_EDGE('',*,*,#6285,.F.);
#6285 = EDGE_CURVE('',#6078,#6202,#6286,.T.);
#6286 = LINE('',#6287,#6288);
#6287 = CARTESIAN_POINT('',(0.8,-0.4,4.5E-02));
#6288 = VECTOR('',#6289,1.);
#6289 = DIRECTION('',(0.,1.,0.));
#6290 = CYLINDRICAL_SURFACE('',#6291,4.5E-02);
#6291 = AXIS2_PLACEMENT_3D('',#6292,#6293,#6294);
#6292 = CARTESIAN_POINT('',(0.755,-0.4,4.5E-02));
#6293 = DIRECTION('',(0.,1.,0.));
#6294 = DIRECTION('',(1.,0.,0.));
#6295 = ADVANCED_FACE('',(#6296),#6307,.T.);
#6296 = FACE_BOUND('',#6297,.T.);
#6297 = EDGE_LOOP('',(#6298,#6299,#6300,#6301));
#6298 = ORIENTED_EDGE('',*,*,#6077,.F.);
#6299 = ORIENTED_EDGE('',*,*,#6285,.T.);
#6300 = ORIENTED_EDGE('',*,*,#6201,.T.);
#6301 = ORIENTED_EDGE('',*,*,#6302,.F.);
#6302 = EDGE_CURVE('',#6069,#6193,#6303,.T.);
#6303 = LINE('',#6304,#6305);
#6304 = CARTESIAN_POINT('',(0.8,-0.4,0.405));
#6305 = VECTOR('',#6306,1.);
#6306 = DIRECTION('',(0.,1.,0.));
#6307 = PLANE('',#6308);
#6308 = AXIS2_PLACEMENT_3D('',#6309,#6310,#6311);
#6309 = CARTESIAN_POINT('',(0.8,-0.4,0.));
#6310 = DIRECTION('',(1.,0.,0.));
#6311 = DIRECTION('',(0.,0.,1.));
#6312 = ADVANCED_FACE('',(#6313),#6324,.T.);
#6313 = FACE_BOUND('',#6314,.T.);
#6314 = EDGE_LOOP('',(#6315,#6316,#6317,#6323));
#6315 = ORIENTED_EDGE('',*,*,#6302,.T.);
#6316 = ORIENTED_EDGE('',*,*,#6192,.T.);
#6317 = ORIENTED_EDGE('',*,*,#6318,.F.);
#6318 = EDGE_CURVE('',#6061,#6185,#6319,.T.);
#6319 = LINE('',#6320,#6321);
#6320 = CARTESIAN_POINT('',(0.755,-0.4,0.45));
#6321 = VECTOR('',#6322,1.);
#6322 = DIRECTION('',(0.,1.,0.));
#6323 = ORIENTED_EDGE('',*,*,#6068,.F.);
#6324 = CYLINDRICAL_SURFACE('',#6325,4.5E-02);
#6325 = AXIS2_PLACEMENT_3D('',#6326,#6327,#6328);
#6326 = CARTESIAN_POINT('',(0.755,-0.4,0.405));
#6327 = DIRECTION('',(0.,1.,0.));
#6328 = DIRECTION('',(1.,0.,0.));
#6329 = ADVANCED_FACE('',(#6330),#6341,.T.);
#6330 = FACE_BOUND('',#6331,.T.);
#6331 = EDGE_LOOP('',(#6332,#6333,#6339,#6340));
#6332 = ORIENTED_EDGE('',*,*,#6184,.F.);
#6333 = ORIENTED_EDGE('',*,*,#6334,.F.);
#6334 = EDGE_CURVE('',#6052,#6176,#6335,.T.);
#6335 = LINE('',#6336,#6337);
#6336 = CARTESIAN_POINT('',(0.545,-0.4,0.45));
#6337 = VECTOR('',#6338,1.);
#6338 = DIRECTION('',(0.,1.,0.));
#6339 = ORIENTED_EDGE('',*,*,#6060,.T.);
#6340 = ORIENTED_EDGE('',*,*,#6318,.T.);
#6341 = PLANE('',#6342);
#6342 = AXIS2_PLACEMENT_3D('',#6343,#6344,#6345);
#6343 = CARTESIAN_POINT('',(0.5,-0.4,0.45));
#6344 = DIRECTION('',(0.,0.,1.));
#6345 = DIRECTION('',(1.,0.,-0.));
#6346 = ADVANCED_FACE('',(#6347),#6358,.T.);
#6347 = FACE_BOUND('',#6348,.T.);
#6348 = EDGE_LOOP('',(#6349,#6350,#6351,#6352));
#6349 = ORIENTED_EDGE('',*,*,#6051,.T.);
#6350 = ORIENTED_EDGE('',*,*,#6334,.T.);
#6351 = ORIENTED_EDGE('',*,*,#6175,.F.);
#6352 = ORIENTED_EDGE('',*,*,#6353,.F.);
#6353 = EDGE_CURVE('',#5886,#5969,#6354,.T.);
#6354 = LINE('',#6355,#6356);
#6355 = CARTESIAN_POINT('',(0.5,-0.4,0.405));
#6356 = VECTOR('',#6357,1.);
#6357 = DIRECTION('',(0.,1.,0.));
#6358 = CYLINDRICAL_SURFACE('',#6359,4.5E-02);
#6359 = AXIS2_PLACEMENT_3D('',#6360,#6361,#6362);
#6360 = CARTESIAN_POINT('',(0.545,-0.4,0.405));
#6361 = DIRECTION('',(0.,1.,0.));
#6362 = DIRECTION('',(-1.,0.,0.));
#6363 = ADVANCED_FACE('',(#6364),#6375,.T.);
#6364 = FACE_BOUND('',#6365,.T.);
#6365 = EDGE_LOOP('',(#6366,#6367,#6368,#6369));
#6366 = ORIENTED_EDGE('',*,*,#6117,.F.);
#6367 = ORIENTED_EDGE('',*,*,#6353,.T.);
#6368 = ORIENTED_EDGE('',*,*,#6234,.T.);
#6369 = ORIENTED_EDGE('',*,*,#6370,.F.);
#6370 = EDGE_CURVE('',#6110,#6227,#6371,.T.);
#6371 = LINE('',#6372,#6373);
#6372 = CARTESIAN_POINT('',(0.5,-0.4,0.45));
#6373 = VECTOR('',#6374,1.);
#6374 = DIRECTION('',(0.,1.,0.));
#6375 = PLANE('',#6376);
#6376 = AXIS2_PLACEMENT_3D('',#6377,#6378,#6379);
#6377 = CARTESIAN_POINT('',(0.5,-0.4,0.405));
#6378 = DIRECTION('',(1.,0.,0.));
#6379 = DIRECTION('',(0.,0.,1.));
#6380 = ADVANCED_FACE('',(#6381),#6387,.T.);
#6381 = FACE_BOUND('',#6382,.T.);
#6382 = EDGE_LOOP('',(#6383,#6384,#6385,#6386));
#6383 = ORIENTED_EDGE('',*,*,#6141,.F.);
#6384 = ORIENTED_EDGE('',*,*,#6109,.T.);
#6385 = ORIENTED_EDGE('',*,*,#6370,.T.);
#6386 = ORIENTED_EDGE('',*,*,#6226,.F.);
#6387 = PLANE('',#6388);
#6388 = AXIS2_PLACEMENT_3D('',#6389,#6390,#6391);
#6389 = CARTESIAN_POINT('',(-0.5,-0.4,0.45));
#6390 = DIRECTION('',(0.,0.,1.));
#6391 = DIRECTION('',(1.,0.,-0.));
#6392 = ( GEOMETRIC_REPRESENTATION_CONTEXT(3) 
GLOBAL_UNCERTAINTY_ASSIGNED_CONTEXT((#6396)) 
GLOBAL_UNIT_ASSIGNED_CONTEXT((#6393,#6394,#6395)) REPRESENTATION_CONTEXT
('Context #1','3D Context with UNIT and UNCERTAINTY') );
#6393 = ( LENGTH_UNIT() NAMED_UNIT(*) SI_UNIT(.MILLI.,.METRE.) );
#6394 = ( NAMED_UNIT(*) PLANE_ANGLE_UNIT() SI_UNIT($,.RADIAN.) );
#6395 = ( NAMED_UNIT(*) SI_UNIT($,.STERADIAN.) SOLID_ANGLE_UNIT() );
#6396 = UNCERTAINTY_MEASURE_WITH_UNIT(LENGTH_MEASURE(1.E-07),#6393,
  'distance_accuracy_value','confusion accuracy');
#6397 = CONTEXT_DEPENDENT_SHAPE_REPRESENTATION(#6398,#6400);
#6398 = ( REPRESENTATION_RELATIONSHIP('','',#5601,#5578) 
REPRESENTATION_RELATIONSHIP_WITH_TRANSFORMATION(#6399) 
SHAPE_REPRESENTATION_RELATIONSHIP() );
#6399 = ITEM_DEFINED_TRANSFORMATION('','',#11,#5579);
#6400 = PRODUCT_DEFINITION_SHAPE('Placement','Placement of an item',
  #6401);
#6401 = NEXT_ASSEMBLY_USAGE_OCCURRENCE('3','=>[0:1:1:5]','',#5573,#5596,
  $);
#6402 = PRODUCT_RELATED_PRODUCT_CATEGORY('part',$,(#5598));
#6403 = SHAPE_DEFINITION_REPRESENTATION(#6404,#6410);
#6404 = PRODUCT_DEFINITION_SHAPE('','',#6405);
#6405 = PRODUCT_DEFINITION('design','',#6406,#6409);
#6406 = PRODUCT_DEFINITION_FORMATION('','',#6407);
#6407 = PRODUCT('SO-8_5.3x6.2mm_P1.27mm','SO-8_5.3x6.2mm_P1.27mm','',(
    #6408));
#6408 = PRODUCT_CONTEXT('',#2,'mechanical');
#6409 = PRODUCT_DEFINITION_CONTEXT('part definition',#2,'design');
#6410 = SHAPE_REPRESENTATION('',(#11,#6411),#6415);
#6411 = AXIS2_PLACEMENT_3D('',#6412,#6413,#6414);
#6412 = CARTESIAN_POINT('',(0.,0.,0.));
#6413 = DIRECTION('',(0.,0.,1.));
#6414 = DIRECTION('',(1.,0.,-0.));
#6415 = ( GEOMETRIC_REPRESENTATION_CONTEXT(3) 
GLOBAL_UNCERTAINTY_ASSIGNED_CONTEXT((#6419)) 
GLOBAL_UNIT_ASSIGNED_CONTEXT((#6416,#6417,#6418)) REPRESENTATION_CONTEXT
('Context #1','3D Context with UNIT and UNCERTAINTY') );
#6416 = ( LENGTH_UNIT() NAMED_UNIT(*) SI_UNIT(.MILLI.,.METRE.) );
#6417 = ( NAMED_UNIT(*) PLANE_ANGLE_UNIT() SI_UNIT($,.RADIAN.) );
#6418 = ( NAMED_UNIT(*) SI_UNIT($,.STERADIAN.) SOLID_ANGLE_UNIT() );
#6419 = UNCERTAINTY_MEASURE_WITH_UNIT(LENGTH_MEASURE(5.E-06),#6416,
  'distance_accuracy_value','confusion accuracy');
#6420 = CONTEXT_DEPENDENT_SHAPE_REPRESENTATION(#6421,#6423);
#6421 = ( REPRESENTATION_RELATIONSHIP('','',#6410,#10) 
REPRESENTATION_RELATIONSHIP_WITH_TRANSFORMATION(#6422) 
SHAPE_REPRESENTATION_RELATIONSHIP() );
#6422 = ITEM_DEFINED_TRANSFORMATION('','',#11,#23);
#6423 = PRODUCT_DEFINITION_SHAPE('Placement','Placement of an item',
  #6424);
#6424 = NEXT_ASSEMBLY_USAGE_OCCURRENCE('6','U201','',#5,#6405,$);
#6425 = PRODUCT_RELATED_PRODUCT_CATEGORY('part',$,(#6407));
#6426 = SHAPE_DEFINITION_REPRESENTATION(#6427,#6433);
#6427 = PRODUCT_DEFINITION_SHAPE('','',#6428);
#6428 = PRODUCT_DEFINITION('design','',#6429,#6432);
#6429 = PRODUCT_DEFINITION_FORMATION('','',#6430);
#6430 = PRODUCT('SO_8_53x62mm_P127mm','SO_8_53x62mm_P127mm','',(#6431));
#6431 = PRODUCT_CONTEXT('',#2,'mechanical');
#6432 = PRODUCT_DEFINITION_CONTEXT('part definition',#2,'design');
#6433 = ADVANCED_BREP_SHAPE_REPRESENTATION('',(#11,#6434),#11041);
#6434 = MANIFOLD_SOLID_BREP('',#6435);
#6435 = CLOSED_SHELL('',(#6436,#6478,#6509,#6540,#6624,#6708,#6801,#6818
    ,#6841,#6879,#6896,#6913,#6930,#6947,#6964,#6976,#7000,#7063,#7086,
    #7109,#7139,#7170,#7201,#7232,#7263,#7294,#7317,#7340,#7426,#7443,
    #7535,#7558,#7581,#7604,#7691,#7708,#7731,#7823,#7844,#7936,#7953,
    #8045,#8067,#8092,#8176,#8268,#8285,#8307,#8330,#8353,#8376,#8443,
    #8466,#8485,#8504,#8523,#8540,#8557,#8574,#8591,#8608,#8625,#8642,
    #8654,#8677,#8700,#8724,#8754,#8785,#8816,#8847,#8878,#8909,#8940,
    #8971,#8988,#9004,#9021,#9038,#9055,#9072,#9089,#9106,#9123,#9135,
    #9152,#9169,#9186,#9203,#9220,#9237,#9254,#9266,#9289,#9305,#9328,
    #9415,#9438,#9455,#9480,#9496,#9512,#9529,#9621,#9713,#9734,#9759,
    #9843,#9935,#9952,#9974,#10066,#10158,#10180,#10205,#10289,#10381,
    #10398,#10420,#10432,#10451,#10470,#10489,#10508,#10517,#10534,
    #10551,#10568,#10585,#10602,#10619,#10636,#10648,#10665,#10682,
    #10699,#10716,#10733,#10750,#10767,#10779,#10796,#10813,#10830,
    #10847,#10864,#10881,#10898,#10910,#10927,#10944,#10961,#10978,
    #10995,#11012,#11029));
#6436 = ADVANCED_FACE('',(#6437),#6473,.F.);
#6437 = FACE_BOUND('',#6438,.F.);
#6438 = EDGE_LOOP('',(#6439,#6449,#6458,#6466));
#6439 = ORIENTED_EDGE('',*,*,#6440,.T.);
#6440 = EDGE_CURVE('',#6441,#6443,#6445,.T.);
#6441 = VERTEX_POINT('',#6442);
#6442 = CARTESIAN_POINT('',(2.75,2.1,0.8));
#6443 = VERTEX_POINT('',#6444);
#6444 = CARTESIAN_POINT('',(2.75,1.71,0.8));
#6445 = LINE('',#6446,#6447);
#6446 = CARTESIAN_POINT('',(2.75,2.1,0.8));
#6447 = VECTOR('',#6448,1.);
#6448 = DIRECTION('',(-2.22044604925E-16,-1.,0.));
#6449 = ORIENTED_EDGE('',*,*,#6450,.T.);
#6450 = EDGE_CURVE('',#6443,#6451,#6453,.T.);
#6451 = VERTEX_POINT('',#6452);
#6452 = CARTESIAN_POINT('',(2.85,1.71,0.7));
#6453 = CIRCLE('',#6454,0.1);
#6454 = AXIS2_PLACEMENT_3D('',#6455,#6456,#6457);
#6455 = CARTESIAN_POINT('',(2.75,1.71,0.7));
#6456 = DIRECTION('',(2.22044604925E-16,1.,0.));
#6457 = DIRECTION('',(4.440892098501E-15,-9.860761315262E-31,1.));
#6458 = ORIENTED_EDGE('',*,*,#6459,.F.);
#6459 = EDGE_CURVE('',#6460,#6451,#6462,.T.);
#6460 = VERTEX_POINT('',#6461);
#6461 = CARTESIAN_POINT('',(2.85,2.1,0.7));
#6462 = LINE('',#6463,#6464);
#6463 = CARTESIAN_POINT('',(2.85,2.1,0.7));
#6464 = VECTOR('',#6465,1.);
#6465 = DIRECTION('',(-2.22044604925E-16,-1.,0.));
#6466 = ORIENTED_EDGE('',*,*,#6467,.F.);
#6467 = EDGE_CURVE('',#6441,#6460,#6468,.T.);
#6468 = CIRCLE('',#6469,0.1);
#6469 = AXIS2_PLACEMENT_3D('',#6470,#6471,#6472);
#6470 = CARTESIAN_POINT('',(2.75,2.1,0.7));
#6471 = DIRECTION('',(2.22044604925E-16,1.,0.));
#6472 = DIRECTION('',(4.440892098501E-15,-9.860761315262E-31,1.));
#6473 = CYLINDRICAL_SURFACE('',#6474,0.1);
#6474 = AXIS2_PLACEMENT_3D('',#6475,#6476,#6477);
#6475 = CARTESIAN_POINT('',(2.75,2.1,0.7));
#6476 = DIRECTION('',(2.22044604925E-16,1.,0.));
#6477 = DIRECTION('',(4.440892098501E-15,-9.860761315262E-31,1.));
#6478 = ADVANCED_FACE('',(#6479),#6504,.F.);
#6479 = FACE_BOUND('',#6480,.F.);
#6480 = EDGE_LOOP('',(#6481,#6489,#6497,#6503));
#6481 = ORIENTED_EDGE('',*,*,#6482,.F.);
#6482 = EDGE_CURVE('',#6483,#6441,#6485,.T.);
#6483 = VERTEX_POINT('',#6484);
#6484 = CARTESIAN_POINT('',(2.65,2.1,0.8));
#6485 = LINE('',#6486,#6487);
#6486 = CARTESIAN_POINT('',(2.5,2.1,0.8));
#6487 = VECTOR('',#6488,1.);
#6488 = DIRECTION('',(1.,-2.22044604925E-16,0.));
#6489 = ORIENTED_EDGE('',*,*,#6490,.T.);
#6490 = EDGE_CURVE('',#6483,#6491,#6493,.T.);
#6491 = VERTEX_POINT('',#6492);
#6492 = CARTESIAN_POINT('',(2.65,1.71,0.8));
#6493 = LINE('',#6494,#6495);
#6494 = CARTESIAN_POINT('',(2.65,2.925,0.8));
#6495 = VECTOR('',#6496,1.);
#6496 = DIRECTION('',(-2.22044604925E-16,-1.,0.));
#6497 = ORIENTED_EDGE('',*,*,#6498,.T.);
#6498 = EDGE_CURVE('',#6491,#6443,#6499,.T.);
#6499 = LINE('',#6500,#6501);
#6500 = CARTESIAN_POINT('',(2.5,1.71,0.8));
#6501 = VECTOR('',#6502,1.);
#6502 = DIRECTION('',(1.,-2.22044604925E-16,0.));
#6503 = ORIENTED_EDGE('',*,*,#6440,.F.);
#6504 = PLANE('',#6505);
#6505 = AXIS2_PLACEMENT_3D('',#6506,#6507,#6508);
#6506 = CARTESIAN_POINT('',(2.5,2.1,0.8));
#6507 = DIRECTION('',(0.,0.,1.));
#6508 = DIRECTION('',(1.,-2.22044604925E-16,0.));
#6509 = ADVANCED_FACE('',(#6510),#6535,.F.);
#6510 = FACE_BOUND('',#6511,.F.);
#6511 = EDGE_LOOP('',(#6512,#6513,#6521,#6529));
#6512 = ORIENTED_EDGE('',*,*,#6459,.T.);
#6513 = ORIENTED_EDGE('',*,*,#6514,.T.);
#6514 = EDGE_CURVE('',#6451,#6515,#6517,.T.);
#6515 = VERTEX_POINT('',#6516);
#6516 = CARTESIAN_POINT('',(2.85,1.71,0.2));
#6517 = LINE('',#6518,#6519);
#6518 = CARTESIAN_POINT('',(2.85,1.71,0.7));
#6519 = VECTOR('',#6520,1.);
#6520 = DIRECTION('',(0.,-0.,-1.));
#6521 = ORIENTED_EDGE('',*,*,#6522,.F.);
#6522 = EDGE_CURVE('',#6523,#6515,#6525,.T.);
#6523 = VERTEX_POINT('',#6524);
#6524 = CARTESIAN_POINT('',(2.85,2.1,0.2));
#6525 = LINE('',#6526,#6527);
#6526 = CARTESIAN_POINT('',(2.85,2.1,0.2));
#6527 = VECTOR('',#6528,1.);
#6528 = DIRECTION('',(-2.22044604925E-16,-1.,0.));
#6529 = ORIENTED_EDGE('',*,*,#6530,.F.);
#6530 = EDGE_CURVE('',#6460,#6523,#6531,.T.);
#6531 = LINE('',#6532,#6533);
#6532 = CARTESIAN_POINT('',(2.85,2.1,0.7));
#6533 = VECTOR('',#6534,1.);
#6534 = DIRECTION('',(0.,-0.,-1.));
#6535 = PLANE('',#6536);
#6536 = AXIS2_PLACEMENT_3D('',#6537,#6538,#6539);
#6537 = CARTESIAN_POINT('',(2.85,2.1,0.7));
#6538 = DIRECTION('',(1.,-2.22044604925E-16,0.));
#6539 = DIRECTION('',(0.,-0.,-1.));
#6540 = ADVANCED_FACE('',(#6541),#6619,.F.);
#6541 = FACE_BOUND('',#6542,.F.);
#6542 = EDGE_LOOP('',(#6543,#6551,#6552,#6553,#6554,#6563,#6571,#6579,
    #6587,#6596,#6604,#6613));
#6543 = ORIENTED_EDGE('',*,*,#6544,.F.);
#6544 = EDGE_CURVE('',#6483,#6545,#6547,.T.);
#6545 = VERTEX_POINT('',#6546);
#6546 = CARTESIAN_POINT('',(2.65,2.1,0.9));
#6547 = LINE('',#6548,#6549);
#6548 = CARTESIAN_POINT('',(2.65,2.1,0.602003577849));
#6549 = VECTOR('',#6550,1.);
#6550 = DIRECTION('',(0.,0.,1.));
#6551 = ORIENTED_EDGE('',*,*,#6482,.T.);
#6552 = ORIENTED_EDGE('',*,*,#6467,.T.);
#6553 = ORIENTED_EDGE('',*,*,#6530,.T.);
#6554 = ORIENTED_EDGE('',*,*,#6555,.T.);
#6555 = EDGE_CURVE('',#6523,#6556,#6558,.T.);
#6556 = VERTEX_POINT('',#6557);
#6557 = CARTESIAN_POINT('',(3.05,2.1,-8.326672684689E-17));
#6558 = CIRCLE('',#6559,0.2);
#6559 = AXIS2_PLACEMENT_3D('',#6560,#6561,#6562);
#6560 = CARTESIAN_POINT('',(3.05,2.1,0.2));
#6561 = DIRECTION('',(-2.22044604925E-16,-1.,0.));
#6562 = DIRECTION('',(-1.,2.22044604925E-16,1.387778780781E-16));
#6563 = ORIENTED_EDGE('',*,*,#6564,.T.);
#6564 = EDGE_CURVE('',#6556,#6565,#6567,.T.);
#6565 = VERTEX_POINT('',#6566);
#6566 = CARTESIAN_POINT('',(4.2,2.1,-8.326672684689E-17));
#6567 = LINE('',#6568,#6569);
#6568 = CARTESIAN_POINT('',(3.05,2.1,-8.326672684689E-17));
#6569 = VECTOR('',#6570,1.);
#6570 = DIRECTION('',(1.,-2.22044604925E-16,0.));
#6571 = ORIENTED_EDGE('',*,*,#6572,.T.);
#6572 = EDGE_CURVE('',#6565,#6573,#6575,.T.);
#6573 = VERTEX_POINT('',#6574);
#6574 = CARTESIAN_POINT('',(4.2,2.1,0.1));
#6575 = LINE('',#6576,#6577);
#6576 = CARTESIAN_POINT('',(4.2,2.1,-8.326672684689E-17));
#6577 = VECTOR('',#6578,1.);
#6578 = DIRECTION('',(0.,0.,1.));
#6579 = ORIENTED_EDGE('',*,*,#6580,.T.);
#6580 = EDGE_CURVE('',#6573,#6581,#6583,.T.);
#6581 = VERTEX_POINT('',#6582);
#6582 = CARTESIAN_POINT('',(3.05,2.1,0.1));
#6583 = LINE('',#6584,#6585);
#6584 = CARTESIAN_POINT('',(4.2,2.1,0.1));
#6585 = VECTOR('',#6586,1.);
#6586 = DIRECTION('',(-1.,2.22044604925E-16,0.));
#6587 = ORIENTED_EDGE('',*,*,#6588,.T.);
#6588 = EDGE_CURVE('',#6581,#6589,#6591,.T.);
#6589 = VERTEX_POINT('',#6590);
#6590 = CARTESIAN_POINT('',(2.95,2.1,0.2));
#6591 = CIRCLE('',#6592,0.1);
#6592 = AXIS2_PLACEMENT_3D('',#6593,#6594,#6595);
#6593 = CARTESIAN_POINT('',(3.05,2.1,0.2));
#6594 = DIRECTION('',(2.22044604925E-16,1.,0.));
#6595 = DIRECTION('',(0.,0.,-1.));
#6596 = ORIENTED_EDGE('',*,*,#6597,.T.);
#6597 = EDGE_CURVE('',#6589,#6598,#6600,.T.);
#6598 = VERTEX_POINT('',#6599);
#6599 = CARTESIAN_POINT('',(2.95,2.1,0.7));
#6600 = LINE('',#6601,#6602);
#6601 = CARTESIAN_POINT('',(2.95,2.1,0.2));
#6602 = VECTOR('',#6603,1.);
#6603 = DIRECTION('',(0.,0.,1.));
#6604 = ORIENTED_EDGE('',*,*,#6605,.T.);
#6605 = EDGE_CURVE('',#6598,#6606,#6608,.T.);
#6606 = VERTEX_POINT('',#6607);
#6607 = CARTESIAN_POINT('',(2.75,2.1,0.9));
#6608 = CIRCLE('',#6609,0.2);
#6609 = AXIS2_PLACEMENT_3D('',#6610,#6611,#6612);
#6610 = CARTESIAN_POINT('',(2.75,2.1,0.7));
#6611 = DIRECTION('',(-2.22044604925E-16,-1.,0.));
#6612 = DIRECTION('',(1.,-2.22044604925E-16,4.440892098501E-15));
#6613 = ORIENTED_EDGE('',*,*,#6614,.T.);
#6614 = EDGE_CURVE('',#6606,#6545,#6615,.T.);
#6615 = LINE('',#6616,#6617);
#6616 = CARTESIAN_POINT('',(2.75,2.1,0.9));
#6617 = VECTOR('',#6618,1.);
#6618 = DIRECTION('',(-1.,2.22044604925E-16,0.));
#6619 = PLANE('',#6620);
#6620 = AXIS2_PLACEMENT_3D('',#6621,#6622,#6623);
#6621 = CARTESIAN_POINT('',(3.228483899678,2.1,0.304007155699));
#6622 = DIRECTION('',(-2.22044604925E-16,-1.,0.));
#6623 = DIRECTION('',(0.,0.,1.));
#6624 = ADVANCED_FACE('',(#6625),#6703,.T.);
#6625 = FACE_BOUND('',#6626,.T.);
#6626 = EDGE_LOOP('',(#6627,#6635,#6636,#6637,#6638,#6647,#6655,#6663,
    #6671,#6680,#6688,#6697));
#6627 = ORIENTED_EDGE('',*,*,#6628,.F.);
#6628 = EDGE_CURVE('',#6491,#6629,#6631,.T.);
#6629 = VERTEX_POINT('',#6630);
#6630 = CARTESIAN_POINT('',(2.65,1.71,0.9));
#6631 = LINE('',#6632,#6633);
#6632 = CARTESIAN_POINT('',(2.65,1.71,0.602003577849));
#6633 = VECTOR('',#6634,1.);
#6634 = DIRECTION('',(0.,0.,1.));
#6635 = ORIENTED_EDGE('',*,*,#6498,.T.);
#6636 = ORIENTED_EDGE('',*,*,#6450,.T.);
#6637 = ORIENTED_EDGE('',*,*,#6514,.T.);
#6638 = ORIENTED_EDGE('',*,*,#6639,.T.);
#6639 = EDGE_CURVE('',#6515,#6640,#6642,.T.);
#6640 = VERTEX_POINT('',#6641);
#6641 = CARTESIAN_POINT('',(3.05,1.71,-8.326672684689E-17));
#6642 = CIRCLE('',#6643,0.2);
#6643 = AXIS2_PLACEMENT_3D('',#6644,#6645,#6646);
#6644 = CARTESIAN_POINT('',(3.05,1.71,0.2));
#6645 = DIRECTION('',(-2.22044604925E-16,-1.,0.));
#6646 = DIRECTION('',(-1.,2.22044604925E-16,1.387778780781E-16));
#6647 = ORIENTED_EDGE('',*,*,#6648,.T.);
#6648 = EDGE_CURVE('',#6640,#6649,#6651,.T.);
#6649 = VERTEX_POINT('',#6650);
#6650 = CARTESIAN_POINT('',(4.2,1.71,-8.326672684689E-17));
#6651 = LINE('',#6652,#6653);
#6652 = CARTESIAN_POINT('',(3.05,1.71,-8.326672684689E-17));
#6653 = VECTOR('',#6654,1.);
#6654 = DIRECTION('',(1.,-2.22044604925E-16,0.));
#6655 = ORIENTED_EDGE('',*,*,#6656,.T.);
#6656 = EDGE_CURVE('',#6649,#6657,#6659,.T.);
#6657 = VERTEX_POINT('',#6658);
#6658 = CARTESIAN_POINT('',(4.2,1.71,0.1));
#6659 = LINE('',#6660,#6661);
#6660 = CARTESIAN_POINT('',(4.2,1.71,-8.326672684689E-17));
#6661 = VECTOR('',#6662,1.);
#6662 = DIRECTION('',(0.,0.,1.));
#6663 = ORIENTED_EDGE('',*,*,#6664,.T.);
#6664 = EDGE_CURVE('',#6657,#6665,#6667,.T.);
#6665 = VERTEX_POINT('',#6666);
#6666 = CARTESIAN_POINT('',(3.05,1.71,0.1));
#6667 = LINE('',#6668,#6669);
#6668 = CARTESIAN_POINT('',(4.2,1.71,0.1));
#6669 = VECTOR('',#6670,1.);
#6670 = DIRECTION('',(-1.,2.22044604925E-16,0.));
#6671 = ORIENTED_EDGE('',*,*,#6672,.T.);
#6672 = EDGE_CURVE('',#6665,#6673,#6675,.T.);
#6673 = VERTEX_POINT('',#6674);
#6674 = CARTESIAN_POINT('',(2.95,1.71,0.2));
#6675 = CIRCLE('',#6676,0.1);
#6676 = AXIS2_PLACEMENT_3D('',#6677,#6678,#6679);
#6677 = CARTESIAN_POINT('',(3.05,1.71,0.2));
#6678 = DIRECTION('',(2.22044604925E-16,1.,0.));
#6679 = DIRECTION('',(0.,0.,-1.));
#6680 = ORIENTED_EDGE('',*,*,#6681,.T.);
#6681 = EDGE_CURVE('',#6673,#6682,#6684,.T.);
#6682 = VERTEX_POINT('',#6683);
#6683 = CARTESIAN_POINT('',(2.95,1.71,0.7));
#6684 = LINE('',#6685,#6686);
#6685 = CARTESIAN_POINT('',(2.95,1.71,0.2));
#6686 = VECTOR('',#6687,1.);
#6687 = DIRECTION('',(0.,0.,1.));
#6688 = ORIENTED_EDGE('',*,*,#6689,.T.);
#6689 = EDGE_CURVE('',#6682,#6690,#6692,.T.);
#6690 = VERTEX_POINT('',#6691);
#6691 = CARTESIAN_POINT('',(2.75,1.71,0.9));
#6692 = CIRCLE('',#6693,0.2);
#6693 = AXIS2_PLACEMENT_3D('',#6694,#6695,#6696);
#6694 = CARTESIAN_POINT('',(2.75,1.71,0.7));
#6695 = DIRECTION('',(-2.22044604925E-16,-1.,0.));
#6696 = DIRECTION('',(1.,-2.22044604925E-16,4.440892098501E-15));
#6697 = ORIENTED_EDGE('',*,*,#6698,.T.);
#6698 = EDGE_CURVE('',#6690,#6629,#6699,.T.);
#6699 = LINE('',#6700,#6701);
#6700 = CARTESIAN_POINT('',(2.75,1.71,0.9));
#6701 = VECTOR('',#6702,1.);
#6702 = DIRECTION('',(-1.,2.22044604925E-16,0.));
#6703 = PLANE('',#6704);
#6704 = AXIS2_PLACEMENT_3D('',#6705,#6706,#6707);
#6705 = CARTESIAN_POINT('',(3.228483899678,1.71,0.304007155699));
#6706 = DIRECTION('',(-2.22044604925E-16,-1.,0.));
#6707 = DIRECTION('',(0.,0.,1.));
#6708 = ADVANCED_FACE('',(#6709),#6796,.F.);
#6709 = FACE_BOUND('',#6710,.F.);
#6710 = EDGE_LOOP('',(#6711,#6721,#6728,#6736,#6744,#6752,#6760,#6768,
    #6776,#6782,#6783,#6791));
#6711 = ORIENTED_EDGE('',*,*,#6712,.T.);
#6712 = EDGE_CURVE('',#6713,#6715,#6717,.T.);
#6713 = VERTEX_POINT('',#6714);
#6714 = CARTESIAN_POINT('',(2.539130891773,2.869565445886,0.1));
#6715 = VERTEX_POINT('',#6716);
#6716 = CARTESIAN_POINT('',(2.539130891773,-2.869565445886,0.1));
#6717 = LINE('',#6718,#6719);
#6718 = CARTESIAN_POINT('',(2.539130891773,2.869565445886,0.1));
#6719 = VECTOR('',#6720,1.);
#6720 = DIRECTION('',(-2.22044604925E-16,-1.,0.));
#6721 = ORIENTED_EDGE('',*,*,#6722,.T.);
#6722 = EDGE_CURVE('',#6715,#6723,#6725,.T.);
#6723 = VERTEX_POINT('',#6724);
#6724 = CARTESIAN_POINT('',(2.65,-2.925,0.8));
#6725 = B_SPLINE_CURVE_WITH_KNOTS('',1,(#6726,#6727),.UNSPECIFIED.,.F.,
  .F.,(2,2),(0.,1.),.PIECEWISE_BEZIER_KNOTS.);
#6726 = CARTESIAN_POINT('',(2.539130891773,-2.869565445886,0.1));
#6727 = CARTESIAN_POINT('',(2.65,-2.925,0.8));
#6728 = ORIENTED_EDGE('',*,*,#6729,.F.);
#6729 = EDGE_CURVE('',#6730,#6723,#6732,.T.);
#6730 = VERTEX_POINT('',#6731);
#6731 = CARTESIAN_POINT('',(2.65,-2.1,0.8));
#6732 = LINE('',#6733,#6734);
#6733 = CARTESIAN_POINT('',(2.65,2.925,0.8));
#6734 = VECTOR('',#6735,1.);
#6735 = DIRECTION('',(-2.22044604925E-16,-1.,0.));
#6736 = ORIENTED_EDGE('',*,*,#6737,.F.);
#6737 = EDGE_CURVE('',#6738,#6730,#6740,.T.);
#6738 = VERTEX_POINT('',#6739);
#6739 = CARTESIAN_POINT('',(2.65,-1.71,0.8));
#6740 = LINE('',#6741,#6742);
#6741 = CARTESIAN_POINT('',(2.65,2.925,0.8));
#6742 = VECTOR('',#6743,1.);
#6743 = DIRECTION('',(-2.22044604925E-16,-1.,0.));
#6744 = ORIENTED_EDGE('',*,*,#6745,.F.);
#6745 = EDGE_CURVE('',#6746,#6738,#6748,.T.);
#6746 = VERTEX_POINT('',#6747);
#6747 = CARTESIAN_POINT('',(2.65,-0.83,0.8));
#6748 = LINE('',#6749,#6750);
#6749 = CARTESIAN_POINT('',(2.65,2.925,0.8));
#6750 = VECTOR('',#6751,1.);
#6751 = DIRECTION('',(-2.22044604925E-16,-1.,0.));
#6752 = ORIENTED_EDGE('',*,*,#6753,.F.);
#6753 = EDGE_CURVE('',#6754,#6746,#6756,.T.);
#6754 = VERTEX_POINT('',#6755);
#6755 = CARTESIAN_POINT('',(2.65,-0.44,0.8));
#6756 = LINE('',#6757,#6758);
#6757 = CARTESIAN_POINT('',(2.65,2.925,0.8));
#6758 = VECTOR('',#6759,1.);
#6759 = DIRECTION('',(-2.22044604925E-16,-1.,0.));
#6760 = ORIENTED_EDGE('',*,*,#6761,.F.);
#6761 = EDGE_CURVE('',#6762,#6754,#6764,.T.);
#6762 = VERTEX_POINT('',#6763);
#6763 = CARTESIAN_POINT('',(2.65,0.44,0.8));
#6764 = LINE('',#6765,#6766);
#6765 = CARTESIAN_POINT('',(2.65,2.925,0.8));
#6766 = VECTOR('',#6767,1.);
#6767 = DIRECTION('',(-2.22044604925E-16,-1.,0.));
#6768 = ORIENTED_EDGE('',*,*,#6769,.F.);
#6769 = EDGE_CURVE('',#6770,#6762,#6772,.T.);
#6770 = VERTEX_POINT('',#6771);
#6771 = CARTESIAN_POINT('',(2.65,0.83,0.8));
#6772 = LINE('',#6773,#6774);
#6773 = CARTESIAN_POINT('',(2.65,2.925,0.8));
#6774 = VECTOR('',#6775,1.);
#6775 = DIRECTION('',(-2.22044604925E-16,-1.,0.));
#6776 = ORIENTED_EDGE('',*,*,#6777,.F.);
#6777 = EDGE_CURVE('',#6491,#6770,#6778,.T.);
#6778 = LINE('',#6779,#6780);
#6779 = CARTESIAN_POINT('',(2.65,2.925,0.8));
#6780 = VECTOR('',#6781,1.);
#6781 = DIRECTION('',(-2.22044604925E-16,-1.,0.));
#6782 = ORIENTED_EDGE('',*,*,#6490,.F.);
#6783 = ORIENTED_EDGE('',*,*,#6784,.F.);
#6784 = EDGE_CURVE('',#6785,#6483,#6787,.T.);
#6785 = VERTEX_POINT('',#6786);
#6786 = CARTESIAN_POINT('',(2.65,2.925,0.8));
#6787 = LINE('',#6788,#6789);
#6788 = CARTESIAN_POINT('',(2.65,2.925,0.8));
#6789 = VECTOR('',#6790,1.);
#6790 = DIRECTION('',(-2.22044604925E-16,-1.,0.));
#6791 = ORIENTED_EDGE('',*,*,#6792,.F.);
#6792 = EDGE_CURVE('',#6713,#6785,#6793,.T.);
#6793 = B_SPLINE_CURVE_WITH_KNOTS('',1,(#6794,#6795),.UNSPECIFIED.,.F.,
  .F.,(2,2),(0.,1.),.PIECEWISE_BEZIER_KNOTS.);
#6794 = CARTESIAN_POINT('',(2.539130891773,2.869565445886,0.1));
#6795 = CARTESIAN_POINT('',(2.65,2.925,0.8));
#6796 = B_SPLINE_SURFACE_WITH_KNOTS('',1,1,(
    (#6797,#6798)
    ,(#6799,#6800
    )),.UNSPECIFIED.,.F.,.F.,.F.,(2,2),(2,2),(0.,5.85),(0.,1.),
  .PIECEWISE_BEZIER_KNOTS.);
#6797 = CARTESIAN_POINT('',(2.539130891773,2.869565445886,0.1));
#6798 = CARTESIAN_POINT('',(2.65,2.925,0.8));
#6799 = CARTESIAN_POINT('',(2.539130891773,-2.869565445886,0.1));
#6800 = CARTESIAN_POINT('',(2.65,-2.925,0.8));
#6801 = ADVANCED_FACE('',(#6802),#6813,.T.);
#6802 = FACE_BOUND('',#6803,.T.);
#6803 = EDGE_LOOP('',(#6804,#6805,#6811,#6812));
#6804 = ORIENTED_EDGE('',*,*,#6555,.T.);
#6805 = ORIENTED_EDGE('',*,*,#6806,.T.);
#6806 = EDGE_CURVE('',#6556,#6640,#6807,.T.);
#6807 = LINE('',#6808,#6809);
#6808 = CARTESIAN_POINT('',(3.05,2.1,-8.326672684689E-17));
#6809 = VECTOR('',#6810,1.);
#6810 = DIRECTION('',(-2.22044604925E-16,-1.,0.));
#6811 = ORIENTED_EDGE('',*,*,#6639,.F.);
#6812 = ORIENTED_EDGE('',*,*,#6522,.F.);
#6813 = CYLINDRICAL_SURFACE('',#6814,0.2);
#6814 = AXIS2_PLACEMENT_3D('',#6815,#6816,#6817);
#6815 = CARTESIAN_POINT('',(3.05,2.1,0.2));
#6816 = DIRECTION('',(2.22044604925E-16,1.,-0.));
#6817 = DIRECTION('',(-1.,2.22044604925E-16,1.387778780781E-16));
#6818 = ADVANCED_FACE('',(#6819),#6836,.F.);
#6819 = FACE_BOUND('',#6820,.F.);
#6820 = EDGE_LOOP('',(#6821,#6828,#6829,#6830));
#6821 = ORIENTED_EDGE('',*,*,#6822,.F.);
#6822 = EDGE_CURVE('',#6785,#6823,#6825,.T.);
#6823 = VERTEX_POINT('',#6824);
#6824 = CARTESIAN_POINT('',(2.65,2.925,0.9));
#6825 = B_SPLINE_CURVE_WITH_KNOTS('',1,(#6826,#6827),.UNSPECIFIED.,.F.,
  .F.,(2,2),(0.,1.),.PIECEWISE_BEZIER_KNOTS.);
#6826 = CARTESIAN_POINT('',(2.65,2.925,0.8));
#6827 = CARTESIAN_POINT('',(2.65,2.925,0.9));
#6828 = ORIENTED_EDGE('',*,*,#6784,.T.);
#6829 = ORIENTED_EDGE('',*,*,#6544,.T.);
#6830 = ORIENTED_EDGE('',*,*,#6831,.F.);
#6831 = EDGE_CURVE('',#6823,#6545,#6832,.T.);
#6832 = LINE('',#6833,#6834);
#6833 = CARTESIAN_POINT('',(2.65,2.925,0.9));
#6834 = VECTOR('',#6835,1.);
#6835 = DIRECTION('',(-2.22044604925E-16,-1.,0.));
#6836 = PLANE('',#6837);
#6837 = AXIS2_PLACEMENT_3D('',#6838,#6839,#6840);
#6838 = CARTESIAN_POINT('',(2.65,2.925,0.9));
#6839 = DIRECTION('',(-1.,2.22044604925E-16,0.));
#6840 = DIRECTION('',(-2.22044604925E-16,-1.,0.));
#6841 = ADVANCED_FACE('',(#6842),#6874,.F.);
#6842 = FACE_BOUND('',#6843,.F.);
#6843 = EDGE_LOOP('',(#6844,#6845,#6851,#6852,#6860,#6868));
#6844 = ORIENTED_EDGE('',*,*,#6614,.F.);
#6845 = ORIENTED_EDGE('',*,*,#6846,.T.);
#6846 = EDGE_CURVE('',#6606,#6690,#6847,.T.);
#6847 = LINE('',#6848,#6849);
#6848 = CARTESIAN_POINT('',(2.75,2.1,0.9));
#6849 = VECTOR('',#6850,1.);
#6850 = DIRECTION('',(-2.22044604925E-16,-1.,0.));
#6851 = ORIENTED_EDGE('',*,*,#6698,.T.);
#6852 = ORIENTED_EDGE('',*,*,#6853,.T.);
#6853 = EDGE_CURVE('',#6629,#6854,#6856,.T.);
#6854 = VERTEX_POINT('',#6855);
#6855 = CARTESIAN_POINT('',(2.575,1.71,0.9));
#6856 = LINE('',#6857,#6858);
#6857 = CARTESIAN_POINT('',(2.75,1.71,0.9));
#6858 = VECTOR('',#6859,1.);
#6859 = DIRECTION('',(-1.,2.22044604925E-16,0.));
#6860 = ORIENTED_EDGE('',*,*,#6861,.F.);
#6861 = EDGE_CURVE('',#6862,#6854,#6864,.T.);
#6862 = VERTEX_POINT('',#6863);
#6863 = CARTESIAN_POINT('',(2.575,2.1,0.9));
#6864 = LINE('',#6865,#6866);
#6865 = CARTESIAN_POINT('',(2.575,2.8875,0.9));
#6866 = VECTOR('',#6867,1.);
#6867 = DIRECTION('',(-2.22044604925E-16,-1.,0.));
#6868 = ORIENTED_EDGE('',*,*,#6869,.F.);
#6869 = EDGE_CURVE('',#6545,#6862,#6870,.T.);
#6870 = LINE('',#6871,#6872);
#6871 = CARTESIAN_POINT('',(2.75,2.1,0.9));
#6872 = VECTOR('',#6873,1.);
#6873 = DIRECTION('',(-1.,2.22044604925E-16,0.));
#6874 = PLANE('',#6875);
#6875 = AXIS2_PLACEMENT_3D('',#6876,#6877,#6878);
#6876 = CARTESIAN_POINT('',(2.75,2.1,0.9));
#6877 = DIRECTION('',(0.,-0.,-1.));
#6878 = DIRECTION('',(-1.,2.22044604925E-16,-0.));
#6879 = ADVANCED_FACE('',(#6880),#6891,.T.);
#6880 = FACE_BOUND('',#6881,.T.);
#6881 = EDGE_LOOP('',(#6882,#6883,#6884,#6885));
#6882 = ORIENTED_EDGE('',*,*,#6605,.T.);
#6883 = ORIENTED_EDGE('',*,*,#6846,.T.);
#6884 = ORIENTED_EDGE('',*,*,#6689,.F.);
#6885 = ORIENTED_EDGE('',*,*,#6886,.F.);
#6886 = EDGE_CURVE('',#6598,#6682,#6887,.T.);
#6887 = LINE('',#6888,#6889);
#6888 = CARTESIAN_POINT('',(2.95,2.1,0.7));
#6889 = VECTOR('',#6890,1.);
#6890 = DIRECTION('',(-2.22044604925E-16,-1.,0.));
#6891 = CYLINDRICAL_SURFACE('',#6892,0.2);
#6892 = AXIS2_PLACEMENT_3D('',#6893,#6894,#6895);
#6893 = CARTESIAN_POINT('',(2.75,2.1,0.7));
#6894 = DIRECTION('',(2.22044604925E-16,1.,-0.));
#6895 = DIRECTION('',(1.,-2.22044604925E-16,4.440892098501E-15));
#6896 = ADVANCED_FACE('',(#6897),#6908,.F.);
#6897 = FACE_BOUND('',#6898,.F.);
#6898 = EDGE_LOOP('',(#6899,#6905,#6906,#6907));
#6899 = ORIENTED_EDGE('',*,*,#6900,.T.);
#6900 = EDGE_CURVE('',#6589,#6673,#6901,.T.);
#6901 = LINE('',#6902,#6903);
#6902 = CARTESIAN_POINT('',(2.95,2.1,0.2));
#6903 = VECTOR('',#6904,1.);
#6904 = DIRECTION('',(-2.22044604925E-16,-1.,0.));
#6905 = ORIENTED_EDGE('',*,*,#6681,.T.);
#6906 = ORIENTED_EDGE('',*,*,#6886,.F.);
#6907 = ORIENTED_EDGE('',*,*,#6597,.F.);
#6908 = PLANE('',#6909);
#6909 = AXIS2_PLACEMENT_3D('',#6910,#6911,#6912);
#6910 = CARTESIAN_POINT('',(2.95,2.1,0.2));
#6911 = DIRECTION('',(-1.,2.22044604925E-16,0.));
#6912 = DIRECTION('',(0.,0.,1.));
#6913 = ADVANCED_FACE('',(#6914),#6925,.F.);
#6914 = FACE_BOUND('',#6915,.F.);
#6915 = EDGE_LOOP('',(#6916,#6922,#6923,#6924));
#6916 = ORIENTED_EDGE('',*,*,#6917,.T.);
#6917 = EDGE_CURVE('',#6581,#6665,#6918,.T.);
#6918 = LINE('',#6919,#6920);
#6919 = CARTESIAN_POINT('',(3.05,2.1,0.1));
#6920 = VECTOR('',#6921,1.);
#6921 = DIRECTION('',(-2.22044604925E-16,-1.,0.));
#6922 = ORIENTED_EDGE('',*,*,#6672,.T.);
#6923 = ORIENTED_EDGE('',*,*,#6900,.F.);
#6924 = ORIENTED_EDGE('',*,*,#6588,.F.);
#6925 = CYLINDRICAL_SURFACE('',#6926,0.1);
#6926 = AXIS2_PLACEMENT_3D('',#6927,#6928,#6929);
#6927 = CARTESIAN_POINT('',(3.05,2.1,0.2));
#6928 = DIRECTION('',(2.22044604925E-16,1.,0.));
#6929 = DIRECTION('',(0.,0.,-1.));
#6930 = ADVANCED_FACE('',(#6931),#6942,.F.);
#6931 = FACE_BOUND('',#6932,.F.);
#6932 = EDGE_LOOP('',(#6933,#6939,#6940,#6941));
#6933 = ORIENTED_EDGE('',*,*,#6934,.T.);
#6934 = EDGE_CURVE('',#6573,#6657,#6935,.T.);
#6935 = LINE('',#6936,#6937);
#6936 = CARTESIAN_POINT('',(4.2,2.1,0.1));
#6937 = VECTOR('',#6938,1.);
#6938 = DIRECTION('',(-2.22044604925E-16,-1.,0.));
#6939 = ORIENTED_EDGE('',*,*,#6664,.T.);
#6940 = ORIENTED_EDGE('',*,*,#6917,.F.);
#6941 = ORIENTED_EDGE('',*,*,#6580,.F.);
#6942 = PLANE('',#6943);
#6943 = AXIS2_PLACEMENT_3D('',#6944,#6945,#6946);
#6944 = CARTESIAN_POINT('',(4.2,2.1,0.1));
#6945 = DIRECTION('',(0.,-0.,-1.));
#6946 = DIRECTION('',(-1.,2.22044604925E-16,-0.));
#6947 = ADVANCED_FACE('',(#6948),#6959,.F.);
#6948 = FACE_BOUND('',#6949,.F.);
#6949 = EDGE_LOOP('',(#6950,#6956,#6957,#6958));
#6950 = ORIENTED_EDGE('',*,*,#6951,.T.);
#6951 = EDGE_CURVE('',#6565,#6649,#6952,.T.);
#6952 = LINE('',#6953,#6954);
#6953 = CARTESIAN_POINT('',(4.2,2.1,-8.326672684689E-17));
#6954 = VECTOR('',#6955,1.);
#6955 = DIRECTION('',(-2.22044604925E-16,-1.,0.));
#6956 = ORIENTED_EDGE('',*,*,#6656,.T.);
#6957 = ORIENTED_EDGE('',*,*,#6934,.F.);
#6958 = ORIENTED_EDGE('',*,*,#6572,.F.);
#6959 = PLANE('',#6960);
#6960 = AXIS2_PLACEMENT_3D('',#6961,#6962,#6963);
#6961 = CARTESIAN_POINT('',(4.2,2.1,-8.326672684689E-17));
#6962 = DIRECTION('',(-1.,2.22044604925E-16,0.));
#6963 = DIRECTION('',(0.,0.,1.));
#6964 = ADVANCED_FACE('',(#6965),#6971,.F.);
#6965 = FACE_BOUND('',#6966,.F.);
#6966 = EDGE_LOOP('',(#6967,#6968,#6969,#6970));
#6967 = ORIENTED_EDGE('',*,*,#6806,.T.);
#6968 = ORIENTED_EDGE('',*,*,#6648,.T.);
#6969 = ORIENTED_EDGE('',*,*,#6951,.F.);
#6970 = ORIENTED_EDGE('',*,*,#6564,.F.);
#6971 = PLANE('',#6972);
#6972 = AXIS2_PLACEMENT_3D('',#6973,#6974,#6975);
#6973 = CARTESIAN_POINT('',(3.05,2.1,-8.326672684689E-17));
#6974 = DIRECTION('',(0.,0.,1.));
#6975 = DIRECTION('',(1.,-2.22044604925E-16,0.));
#6976 = ADVANCED_FACE('',(#6977),#6995,.F.);
#6977 = FACE_BOUND('',#6978,.F.);
#6978 = EDGE_LOOP('',(#6979,#6980,#6981,#6989));
#6979 = ORIENTED_EDGE('',*,*,#6628,.F.);
#6980 = ORIENTED_EDGE('',*,*,#6777,.T.);
#6981 = ORIENTED_EDGE('',*,*,#6982,.T.);
#6982 = EDGE_CURVE('',#6770,#6983,#6985,.T.);
#6983 = VERTEX_POINT('',#6984);
#6984 = CARTESIAN_POINT('',(2.65,0.83,0.9));
#6985 = LINE('',#6986,#6987);
#6986 = CARTESIAN_POINT('',(2.65,0.83,0.602003577849));
#6987 = VECTOR('',#6988,1.);
#6988 = DIRECTION('',(0.,0.,1.));
#6989 = ORIENTED_EDGE('',*,*,#6990,.F.);
#6990 = EDGE_CURVE('',#6629,#6983,#6991,.T.);
#6991 = LINE('',#6992,#6993);
#6992 = CARTESIAN_POINT('',(2.65,2.925,0.9));
#6993 = VECTOR('',#6994,1.);
#6994 = DIRECTION('',(-2.22044604925E-16,-1.,0.));
#6995 = PLANE('',#6996);
#6996 = AXIS2_PLACEMENT_3D('',#6997,#6998,#6999);
#6997 = CARTESIAN_POINT('',(2.65,2.925,0.9));
#6998 = DIRECTION('',(-1.,2.22044604925E-16,0.));
#6999 = DIRECTION('',(-2.22044604925E-16,-1.,0.));
#7000 = ADVANCED_FACE('',(#7001),#7058,.T.);
#7001 = FACE_BOUND('',#7002,.T.);
#7002 = EDGE_LOOP('',(#7003,#7013,#7019,#7020,#7028,#7036,#7044,#7052));
#7003 = ORIENTED_EDGE('',*,*,#7004,.T.);
#7004 = EDGE_CURVE('',#7005,#7007,#7009,.T.);
#7005 = VERTEX_POINT('',#7006);
#7006 = CARTESIAN_POINT('',(-2.419565445886,2.989130891773,0.1));
#7007 = VERTEX_POINT('',#7008);
#7008 = CARTESIAN_POINT('',(2.419565445886,2.989130891773,0.1));
#7009 = LINE('',#7010,#7011);
#7010 = CARTESIAN_POINT('',(-2.419565445886,2.989130891773,0.1));
#7011 = VECTOR('',#7012,1.);
#7012 = DIRECTION('',(1.,-2.22044604925E-16,0.));
#7013 = ORIENTED_EDGE('',*,*,#7014,.T.);
#7014 = EDGE_CURVE('',#7007,#6713,#7015,.T.);
#7015 = LINE('',#7016,#7017);
#7016 = CARTESIAN_POINT('',(2.419565445886,2.989130891773,0.1));
#7017 = VECTOR('',#7018,1.);
#7018 = DIRECTION('',(0.707106781187,-0.707106781187,0.));
#7019 = ORIENTED_EDGE('',*,*,#6712,.T.);
#7020 = ORIENTED_EDGE('',*,*,#7021,.T.);
#7021 = EDGE_CURVE('',#6715,#7022,#7024,.T.);
#7022 = VERTEX_POINT('',#7023);
#7023 = CARTESIAN_POINT('',(2.419565445886,-2.989130891773,0.1));
#7024 = LINE('',#7025,#7026);
#7025 = CARTESIAN_POINT('',(2.539130891773,-2.869565445886,0.1));
#7026 = VECTOR('',#7027,1.);
#7027 = DIRECTION('',(-0.707106781187,-0.707106781187,0.));
#7028 = ORIENTED_EDGE('',*,*,#7029,.T.);
#7029 = EDGE_CURVE('',#7022,#7030,#7032,.T.);
#7030 = VERTEX_POINT('',#7031);
#7031 = CARTESIAN_POINT('',(-2.419565445886,-2.989130891773,0.1));
#7032 = LINE('',#7033,#7034);
#7033 = CARTESIAN_POINT('',(2.419565445886,-2.989130891773,0.1));
#7034 = VECTOR('',#7035,1.);
#7035 = DIRECTION('',(-1.,2.22044604925E-16,0.));
#7036 = ORIENTED_EDGE('',*,*,#7037,.T.);
#7037 = EDGE_CURVE('',#7030,#7038,#7040,.T.);
#7038 = VERTEX_POINT('',#7039);
#7039 = CARTESIAN_POINT('',(-2.539130891773,-2.869565445886,0.1));
#7040 = LINE('',#7041,#7042);
#7041 = CARTESIAN_POINT('',(-2.419565445886,-2.989130891773,0.1));
#7042 = VECTOR('',#7043,1.);
#7043 = DIRECTION('',(-0.707106781187,0.707106781187,0.));
#7044 = ORIENTED_EDGE('',*,*,#7045,.T.);
#7045 = EDGE_CURVE('',#7038,#7046,#7048,.T.);
#7046 = VERTEX_POINT('',#7047);
#7047 = CARTESIAN_POINT('',(-2.539130891773,2.869565445886,0.1));
#7048 = LINE('',#7049,#7050);
#7049 = CARTESIAN_POINT('',(-2.539130891773,-2.869565445886,0.1));
#7050 = VECTOR('',#7051,1.);
#7051 = DIRECTION('',(2.22044604925E-16,1.,0.));
#7052 = ORIENTED_EDGE('',*,*,#7053,.T.);
#7053 = EDGE_CURVE('',#7046,#7005,#7054,.T.);
#7054 = LINE('',#7055,#7056);
#7055 = CARTESIAN_POINT('',(-2.539130891773,2.869565445886,0.1));
#7056 = VECTOR('',#7057,1.);
#7057 = DIRECTION('',(0.707106781187,0.707106781187,0.));
#7058 = PLANE('',#7059);
#7059 = AXIS2_PLACEMENT_3D('',#7060,#7061,#7062);
#7060 = CARTESIAN_POINT('',(-2.419565445886,2.989130891773,0.1));
#7061 = DIRECTION('',(0.,-0.,-1.));
#7062 = DIRECTION('',(0.629165682473,-0.777271216499,0.));
#7063 = ADVANCED_FACE('',(#7064),#7081,.F.);
#7064 = FACE_BOUND('',#7065,.F.);
#7065 = EDGE_LOOP('',(#7066,#7067,#7068,#7076));
#7066 = ORIENTED_EDGE('',*,*,#7014,.T.);
#7067 = ORIENTED_EDGE('',*,*,#6792,.T.);
#7068 = ORIENTED_EDGE('',*,*,#7069,.F.);
#7069 = EDGE_CURVE('',#7070,#6785,#7072,.T.);
#7070 = VERTEX_POINT('',#7071);
#7071 = CARTESIAN_POINT('',(2.475,3.1,0.8));
#7072 = LINE('',#7073,#7074);
#7073 = CARTESIAN_POINT('',(2.475,3.1,0.8));
#7074 = VECTOR('',#7075,1.);
#7075 = DIRECTION('',(0.707106781187,-0.707106781187,0.));
#7076 = ORIENTED_EDGE('',*,*,#7077,.F.);
#7077 = EDGE_CURVE('',#7007,#7070,#7078,.T.);
#7078 = B_SPLINE_CURVE_WITH_KNOTS('',1,(#7079,#7080),.UNSPECIFIED.,.F.,
  .F.,(2,2),(0.,1.),.PIECEWISE_BEZIER_KNOTS.);
#7079 = CARTESIAN_POINT('',(2.419565445886,2.989130891773,0.1));
#7080 = CARTESIAN_POINT('',(2.475,3.1,0.8));
#7081 = B_SPLINE_SURFACE_WITH_KNOTS('',1,1,(
    (#7082,#7083)
    ,(#7084,#7085
    )),.UNSPECIFIED.,.F.,.F.,.F.,(2,2),(2,2),(0.,0.247487373415),(0.,1.)
  ,.PIECEWISE_BEZIER_KNOTS.);
#7082 = CARTESIAN_POINT('',(2.419565445886,2.989130891773,0.1));
#7083 = CARTESIAN_POINT('',(2.475,3.1,0.8));
#7084 = CARTESIAN_POINT('',(2.539130891773,2.869565445886,0.1));
#7085 = CARTESIAN_POINT('',(2.65,2.925,0.8));
#7086 = ADVANCED_FACE('',(#7087),#7104,.F.);
#7087 = FACE_BOUND('',#7088,.F.);
#7088 = EDGE_LOOP('',(#7089,#7090,#7097,#7103));
#7089 = ORIENTED_EDGE('',*,*,#7021,.T.);
#7090 = ORIENTED_EDGE('',*,*,#7091,.T.);
#7091 = EDGE_CURVE('',#7022,#7092,#7094,.T.);
#7092 = VERTEX_POINT('',#7093);
#7093 = CARTESIAN_POINT('',(2.475,-3.1,0.8));
#7094 = B_SPLINE_CURVE_WITH_KNOTS('',1,(#7095,#7096),.UNSPECIFIED.,.F.,
  .F.,(2,2),(0.,1.),.PIECEWISE_BEZIER_KNOTS.);
#7095 = CARTESIAN_POINT('',(2.419565445886,-2.989130891773,0.1));
#7096 = CARTESIAN_POINT('',(2.475,-3.1,0.8));
#7097 = ORIENTED_EDGE('',*,*,#7098,.F.);
#7098 = EDGE_CURVE('',#6723,#7092,#7099,.T.);
#7099 = LINE('',#7100,#7101);
#7100 = CARTESIAN_POINT('',(2.65,-2.925,0.8));
#7101 = VECTOR('',#7102,1.);
#7102 = DIRECTION('',(-0.707106781187,-0.707106781187,0.));
#7103 = ORIENTED_EDGE('',*,*,#6722,.F.);
#7104 = B_SPLINE_SURFACE_WITH_KNOTS('',1,1,(
    (#7105,#7106)
    ,(#7107,#7108
    )),.UNSPECIFIED.,.F.,.F.,.F.,(2,2),(2,2),(0.,0.247487373415),(0.,1.)
  ,.PIECEWISE_BEZIER_KNOTS.);
#7105 = CARTESIAN_POINT('',(2.539130891773,-2.869565445886,0.1));
#7106 = CARTESIAN_POINT('',(2.65,-2.925,0.8));
#7107 = CARTESIAN_POINT('',(2.419565445886,-2.989130891773,0.1));
#7108 = CARTESIAN_POINT('',(2.475,-3.1,0.8));
#7109 = ADVANCED_FACE('',(#7110),#7134,.F.);
#7110 = FACE_BOUND('',#7111,.F.);
#7111 = EDGE_LOOP('',(#7112,#7120,#7121,#7128));
#7112 = ORIENTED_EDGE('',*,*,#7113,.F.);
#7113 = EDGE_CURVE('',#6730,#7114,#7116,.T.);
#7114 = VERTEX_POINT('',#7115);
#7115 = CARTESIAN_POINT('',(2.65,-2.1,0.9));
#7116 = LINE('',#7117,#7118);
#7117 = CARTESIAN_POINT('',(2.65,-2.1,0.602003577849));
#7118 = VECTOR('',#7119,1.);
#7119 = DIRECTION('',(0.,0.,1.));
#7120 = ORIENTED_EDGE('',*,*,#6729,.T.);
#7121 = ORIENTED_EDGE('',*,*,#7122,.T.);
#7122 = EDGE_CURVE('',#6723,#7123,#7125,.T.);
#7123 = VERTEX_POINT('',#7124);
#7124 = CARTESIAN_POINT('',(2.65,-2.925,0.9));
#7125 = B_SPLINE_CURVE_WITH_KNOTS('',1,(#7126,#7127),.UNSPECIFIED.,.F.,
  .F.,(2,2),(0.,1.),.PIECEWISE_BEZIER_KNOTS.);
#7126 = CARTESIAN_POINT('',(2.65,-2.925,0.8));
#7127 = CARTESIAN_POINT('',(2.65,-2.925,0.9));
#7128 = ORIENTED_EDGE('',*,*,#7129,.F.);
#7129 = EDGE_CURVE('',#7114,#7123,#7130,.T.);
#7130 = LINE('',#7131,#7132);
#7131 = CARTESIAN_POINT('',(2.65,2.925,0.9));
#7132 = VECTOR('',#7133,1.);
#7133 = DIRECTION('',(-2.22044604925E-16,-1.,0.));
#7134 = PLANE('',#7135);
#7135 = AXIS2_PLACEMENT_3D('',#7136,#7137,#7138);
#7136 = CARTESIAN_POINT('',(2.65,2.925,0.9));
#7137 = DIRECTION('',(-1.,2.22044604925E-16,0.));
#7138 = DIRECTION('',(-2.22044604925E-16,-1.,0.));
#7139 = ADVANCED_FACE('',(#7140),#7165,.F.);
#7140 = FACE_BOUND('',#7141,.F.);
#7141 = EDGE_LOOP('',(#7142,#7150,#7151,#7159));
#7142 = ORIENTED_EDGE('',*,*,#7143,.F.);
#7143 = EDGE_CURVE('',#6738,#7144,#7146,.T.);
#7144 = VERTEX_POINT('',#7145);
#7145 = CARTESIAN_POINT('',(2.75,-1.71,0.8));
#7146 = LINE('',#7147,#7148);
#7147 = CARTESIAN_POINT('',(2.5,-1.71,0.8));
#7148 = VECTOR('',#7149,1.);
#7149 = DIRECTION('',(1.,-2.22044604925E-16,0.));
#7150 = ORIENTED_EDGE('',*,*,#6737,.T.);
#7151 = ORIENTED_EDGE('',*,*,#7152,.T.);
#7152 = EDGE_CURVE('',#6730,#7153,#7155,.T.);
#7153 = VERTEX_POINT('',#7154);
#7154 = CARTESIAN_POINT('',(2.75,-2.1,0.8));
#7155 = LINE('',#7156,#7157);
#7156 = CARTESIAN_POINT('',(2.5,-2.1,0.8));
#7157 = VECTOR('',#7158,1.);
#7158 = DIRECTION('',(1.,-2.22044604925E-16,0.));
#7159 = ORIENTED_EDGE('',*,*,#7160,.F.);
#7160 = EDGE_CURVE('',#7144,#7153,#7161,.T.);
#7161 = LINE('',#7162,#7163);
#7162 = CARTESIAN_POINT('',(2.75,-1.71,0.8));
#7163 = VECTOR('',#7164,1.);
#7164 = DIRECTION('',(-2.22044604925E-16,-1.,0.));
#7165 = PLANE('',#7166);
#7166 = AXIS2_PLACEMENT_3D('',#7167,#7168,#7169);
#7167 = CARTESIAN_POINT('',(2.5,-1.71,0.8));
#7168 = DIRECTION('',(0.,0.,1.));
#7169 = DIRECTION('',(1.,-2.22044604925E-16,0.));
#7170 = ADVANCED_FACE('',(#7171),#7196,.F.);
#7171 = FACE_BOUND('',#7172,.F.);
#7172 = EDGE_LOOP('',(#7173,#7181,#7182,#7190));
#7173 = ORIENTED_EDGE('',*,*,#7174,.F.);
#7174 = EDGE_CURVE('',#6746,#7175,#7177,.T.);
#7175 = VERTEX_POINT('',#7176);
#7176 = CARTESIAN_POINT('',(2.65,-0.83,0.9));
#7177 = LINE('',#7178,#7179);
#7178 = CARTESIAN_POINT('',(2.65,-0.83,0.602003577849));
#7179 = VECTOR('',#7180,1.);
#7180 = DIRECTION('',(0.,0.,1.));
#7181 = ORIENTED_EDGE('',*,*,#6745,.T.);
#7182 = ORIENTED_EDGE('',*,*,#7183,.T.);
#7183 = EDGE_CURVE('',#6738,#7184,#7186,.T.);
#7184 = VERTEX_POINT('',#7185);
#7185 = CARTESIAN_POINT('',(2.65,-1.71,0.9));
#7186 = LINE('',#7187,#7188);
#7187 = CARTESIAN_POINT('',(2.65,-1.71,0.602003577849));
#7188 = VECTOR('',#7189,1.);
#7189 = DIRECTION('',(0.,0.,1.));
#7190 = ORIENTED_EDGE('',*,*,#7191,.F.);
#7191 = EDGE_CURVE('',#7175,#7184,#7192,.T.);
#7192 = LINE('',#7193,#7194);
#7193 = CARTESIAN_POINT('',(2.65,2.925,0.9));
#7194 = VECTOR('',#7195,1.);
#7195 = DIRECTION('',(-2.22044604925E-16,-1.,0.));
#7196 = PLANE('',#7197);
#7197 = AXIS2_PLACEMENT_3D('',#7198,#7199,#7200);
#7198 = CARTESIAN_POINT('',(2.65,2.925,0.9));
#7199 = DIRECTION('',(-1.,2.22044604925E-16,0.));
#7200 = DIRECTION('',(-2.22044604925E-16,-1.,0.));
#7201 = ADVANCED_FACE('',(#7202),#7227,.F.);
#7202 = FACE_BOUND('',#7203,.F.);
#7203 = EDGE_LOOP('',(#7204,#7212,#7213,#7221));
#7204 = ORIENTED_EDGE('',*,*,#7205,.F.);
#7205 = EDGE_CURVE('',#6770,#7206,#7208,.T.);
#7206 = VERTEX_POINT('',#7207);
#7207 = CARTESIAN_POINT('',(2.75,0.83,0.8));
#7208 = LINE('',#7209,#7210);
#7209 = CARTESIAN_POINT('',(2.5,0.83,0.8));
#7210 = VECTOR('',#7211,1.);
#7211 = DIRECTION('',(1.,-2.22044604925E-16,0.));
#7212 = ORIENTED_EDGE('',*,*,#6769,.T.);
#7213 = ORIENTED_EDGE('',*,*,#7214,.T.);
#7214 = EDGE_CURVE('',#6762,#7215,#7217,.T.);
#7215 = VERTEX_POINT('',#7216);
#7216 = CARTESIAN_POINT('',(2.75,0.44,0.8));
#7217 = LINE('',#7218,#7219);
#7218 = CARTESIAN_POINT('',(2.5,0.44,0.8));
#7219 = VECTOR('',#7220,1.);
#7220 = DIRECTION('',(1.,-2.22044604925E-16,0.));
#7221 = ORIENTED_EDGE('',*,*,#7222,.F.);
#7222 = EDGE_CURVE('',#7206,#7215,#7223,.T.);
#7223 = LINE('',#7224,#7225);
#7224 = CARTESIAN_POINT('',(2.75,0.83,0.8));
#7225 = VECTOR('',#7226,1.);
#7226 = DIRECTION('',(-2.22044604925E-16,-1.,0.));
#7227 = PLANE('',#7228);
#7228 = AXIS2_PLACEMENT_3D('',#7229,#7230,#7231);
#7229 = CARTESIAN_POINT('',(2.5,0.83,0.8));
#7230 = DIRECTION('',(0.,0.,1.));
#7231 = DIRECTION('',(1.,-2.22044604925E-16,0.));
#7232 = ADVANCED_FACE('',(#7233),#7258,.F.);
#7233 = FACE_BOUND('',#7234,.F.);
#7234 = EDGE_LOOP('',(#7235,#7243,#7244,#7252));
#7235 = ORIENTED_EDGE('',*,*,#7236,.F.);
#7236 = EDGE_CURVE('',#6754,#7237,#7239,.T.);
#7237 = VERTEX_POINT('',#7238);
#7238 = CARTESIAN_POINT('',(2.75,-0.44,0.8));
#7239 = LINE('',#7240,#7241);
#7240 = CARTESIAN_POINT('',(2.5,-0.44,0.8));
#7241 = VECTOR('',#7242,1.);
#7242 = DIRECTION('',(1.,-2.22044604925E-16,0.));
#7243 = ORIENTED_EDGE('',*,*,#6753,.T.);
#7244 = ORIENTED_EDGE('',*,*,#7245,.T.);
#7245 = EDGE_CURVE('',#6746,#7246,#7248,.T.);
#7246 = VERTEX_POINT('',#7247);
#7247 = CARTESIAN_POINT('',(2.75,-0.83,0.8));
#7248 = LINE('',#7249,#7250);
#7249 = CARTESIAN_POINT('',(2.5,-0.83,0.8));
#7250 = VECTOR('',#7251,1.);
#7251 = DIRECTION('',(1.,-2.22044604925E-16,0.));
#7252 = ORIENTED_EDGE('',*,*,#7253,.F.);
#7253 = EDGE_CURVE('',#7237,#7246,#7254,.T.);
#7254 = LINE('',#7255,#7256);
#7255 = CARTESIAN_POINT('',(2.75,-0.44,0.8));
#7256 = VECTOR('',#7257,1.);
#7257 = DIRECTION('',(-2.22044604925E-16,-1.,0.));
#7258 = PLANE('',#7259);
#7259 = AXIS2_PLACEMENT_3D('',#7260,#7261,#7262);
#7260 = CARTESIAN_POINT('',(2.5,-0.44,0.8));
#7261 = DIRECTION('',(0.,0.,1.));
#7262 = DIRECTION('',(1.,-2.22044604925E-16,0.));
#7263 = ADVANCED_FACE('',(#7264),#7289,.F.);
#7264 = FACE_BOUND('',#7265,.F.);
#7265 = EDGE_LOOP('',(#7266,#7274,#7275,#7283));
#7266 = ORIENTED_EDGE('',*,*,#7267,.F.);
#7267 = EDGE_CURVE('',#6762,#7268,#7270,.T.);
#7268 = VERTEX_POINT('',#7269);
#7269 = CARTESIAN_POINT('',(2.65,0.44,0.9));
#7270 = LINE('',#7271,#7272);
#7271 = CARTESIAN_POINT('',(2.65,0.44,0.602003577849));
#7272 = VECTOR('',#7273,1.);
#7273 = DIRECTION('',(0.,0.,1.));
#7274 = ORIENTED_EDGE('',*,*,#6761,.T.);
#7275 = ORIENTED_EDGE('',*,*,#7276,.T.);
#7276 = EDGE_CURVE('',#6754,#7277,#7279,.T.);
#7277 = VERTEX_POINT('',#7278);
#7278 = CARTESIAN_POINT('',(2.65,-0.44,0.9));
#7279 = LINE('',#7280,#7281);
#7280 = CARTESIAN_POINT('',(2.65,-0.44,0.602003577849));
#7281 = VECTOR('',#7282,1.);
#7282 = DIRECTION('',(0.,0.,1.));
#7283 = ORIENTED_EDGE('',*,*,#7284,.F.);
#7284 = EDGE_CURVE('',#7268,#7277,#7285,.T.);
#7285 = LINE('',#7286,#7287);
#7286 = CARTESIAN_POINT('',(2.65,2.925,0.9));
#7287 = VECTOR('',#7288,1.);
#7288 = DIRECTION('',(-2.22044604925E-16,-1.,0.));
#7289 = PLANE('',#7290);
#7290 = AXIS2_PLACEMENT_3D('',#7291,#7292,#7293);
#7291 = CARTESIAN_POINT('',(2.65,2.925,0.9));
#7292 = DIRECTION('',(-1.,2.22044604925E-16,0.));
#7293 = DIRECTION('',(-2.22044604925E-16,-1.,0.));
#7294 = ADVANCED_FACE('',(#7295),#7312,.F.);
#7295 = FACE_BOUND('',#7296,.F.);
#7296 = EDGE_LOOP('',(#7297,#7298,#7299,#7307));
#7297 = ORIENTED_EDGE('',*,*,#7069,.T.);
#7298 = ORIENTED_EDGE('',*,*,#6822,.T.);
#7299 = ORIENTED_EDGE('',*,*,#7300,.F.);
#7300 = EDGE_CURVE('',#7301,#6823,#7303,.T.);
#7301 = VERTEX_POINT('',#7302);
#7302 = CARTESIAN_POINT('',(2.475,3.1,0.9));
#7303 = LINE('',#7304,#7305);
#7304 = CARTESIAN_POINT('',(2.475,3.1,0.9));
#7305 = VECTOR('',#7306,1.);
#7306 = DIRECTION('',(0.707106781187,-0.707106781187,0.));
#7307 = ORIENTED_EDGE('',*,*,#7308,.F.);
#7308 = EDGE_CURVE('',#7070,#7301,#7309,.T.);
#7309 = B_SPLINE_CURVE_WITH_KNOTS('',1,(#7310,#7311),.UNSPECIFIED.,.F.,
  .F.,(2,2),(0.,1.),.PIECEWISE_BEZIER_KNOTS.);
#7310 = CARTESIAN_POINT('',(2.475,3.1,0.8));
#7311 = CARTESIAN_POINT('',(2.475,3.1,0.9));
#7312 = PLANE('',#7313);
#7313 = AXIS2_PLACEMENT_3D('',#7314,#7315,#7316);
#7314 = CARTESIAN_POINT('',(2.475,3.1,0.9));
#7315 = DIRECTION('',(-0.707106781187,-0.707106781187,0.));
#7316 = DIRECTION('',(0.707106781187,-0.707106781187,0.));
#7317 = ADVANCED_FACE('',(#7318),#7335,.F.);
#7318 = FACE_BOUND('',#7319,.F.);
#7319 = EDGE_LOOP('',(#7320,#7327,#7328,#7329));
#7320 = ORIENTED_EDGE('',*,*,#7321,.F.);
#7321 = EDGE_CURVE('',#6823,#7322,#7324,.T.);
#7322 = VERTEX_POINT('',#7323);
#7323 = CARTESIAN_POINT('',(2.575,2.8875,0.9));
#7324 = B_SPLINE_CURVE_WITH_KNOTS('',1,(#7325,#7326),.UNSPECIFIED.,.F.,
  .F.,(2,2),(0.,1.),.PIECEWISE_BEZIER_KNOTS.);
#7325 = CARTESIAN_POINT('',(2.65,2.925,0.9));
#7326 = CARTESIAN_POINT('',(2.575,2.8875,0.9));
#7327 = ORIENTED_EDGE('',*,*,#6831,.T.);
#7328 = ORIENTED_EDGE('',*,*,#6869,.T.);
#7329 = ORIENTED_EDGE('',*,*,#7330,.F.);
#7330 = EDGE_CURVE('',#7322,#6862,#7331,.T.);
#7331 = LINE('',#7332,#7333);
#7332 = CARTESIAN_POINT('',(2.575,2.8875,0.9));
#7333 = VECTOR('',#7334,1.);
#7334 = DIRECTION('',(-2.22044604925E-16,-1.,0.));
#7335 = B_SPLINE_SURFACE_WITH_KNOTS('',1,1,(
    (#7336,#7337)
    ,(#7338,#7339
    )),.UNSPECIFIED.,.F.,.F.,.F.,(2,2),(2,2),(0.,5.85),(0.,1.),
  .PIECEWISE_BEZIER_KNOTS.);
#7336 = CARTESIAN_POINT('',(2.65,2.925,0.9));
#7337 = CARTESIAN_POINT('',(2.575,2.8875,0.9));
#7338 = CARTESIAN_POINT('',(2.65,-2.925,0.9));
#7339 = CARTESIAN_POINT('',(2.575,-2.8875,0.9));
#7340 = ADVANCED_FACE('',(#7341),#7421,.F.);
#7341 = FACE_BOUND('',#7342,.F.);
#7342 = EDGE_LOOP('',(#7343,#7344,#7345,#7353,#7361,#7369,#7377,#7385,
    #7393,#7401,#7408,#7416));
#7343 = ORIENTED_EDGE('',*,*,#7330,.T.);
#7344 = ORIENTED_EDGE('',*,*,#6861,.T.);
#7345 = ORIENTED_EDGE('',*,*,#7346,.T.);
#7346 = EDGE_CURVE('',#6854,#7347,#7349,.T.);
#7347 = VERTEX_POINT('',#7348);
#7348 = CARTESIAN_POINT('',(2.575,0.83,0.9));
#7349 = LINE('',#7350,#7351);
#7350 = CARTESIAN_POINT('',(2.575,2.8875,0.9));
#7351 = VECTOR('',#7352,1.);
#7352 = DIRECTION('',(-2.22044604925E-16,-1.,0.));
#7353 = ORIENTED_EDGE('',*,*,#7354,.T.);
#7354 = EDGE_CURVE('',#7347,#7355,#7357,.T.);
#7355 = VERTEX_POINT('',#7356);
#7356 = CARTESIAN_POINT('',(2.575,0.44,0.9));
#7357 = LINE('',#7358,#7359);
#7358 = CARTESIAN_POINT('',(2.575,2.8875,0.9));
#7359 = VECTOR('',#7360,1.);
#7360 = DIRECTION('',(-2.22044604925E-16,-1.,0.));
#7361 = ORIENTED_EDGE('',*,*,#7362,.T.);
#7362 = EDGE_CURVE('',#7355,#7363,#7365,.T.);
#7363 = VERTEX_POINT('',#7364);
#7364 = CARTESIAN_POINT('',(2.575,-0.44,0.9));
#7365 = LINE('',#7366,#7367);
#7366 = CARTESIAN_POINT('',(2.575,2.8875,0.9));
#7367 = VECTOR('',#7368,1.);
#7368 = DIRECTION('',(-2.22044604925E-16,-1.,0.));
#7369 = ORIENTED_EDGE('',*,*,#7370,.T.);
#7370 = EDGE_CURVE('',#7363,#7371,#7373,.T.);
#7371 = VERTEX_POINT('',#7372);
#7372 = CARTESIAN_POINT('',(2.575,-0.83,0.9));
#7373 = LINE('',#7374,#7375);
#7374 = CARTESIAN_POINT('',(2.575,2.8875,0.9));
#7375 = VECTOR('',#7376,1.);
#7376 = DIRECTION('',(-2.22044604925E-16,-1.,0.));
#7377 = ORIENTED_EDGE('',*,*,#7378,.T.);
#7378 = EDGE_CURVE('',#7371,#7379,#7381,.T.);
#7379 = VERTEX_POINT('',#7380);
#7380 = CARTESIAN_POINT('',(2.575,-1.71,0.9));
#7381 = LINE('',#7382,#7383);
#7382 = CARTESIAN_POINT('',(2.575,2.8875,0.9));
#7383 = VECTOR('',#7384,1.);
#7384 = DIRECTION('',(-2.22044604925E-16,-1.,0.));
#7385 = ORIENTED_EDGE('',*,*,#7386,.T.);
#7386 = EDGE_CURVE('',#7379,#7387,#7389,.T.);
#7387 = VERTEX_POINT('',#7388);
#7388 = CARTESIAN_POINT('',(2.575,-2.1,0.9));
#7389 = LINE('',#7390,#7391);
#7390 = CARTESIAN_POINT('',(2.575,2.8875,0.9));
#7391 = VECTOR('',#7392,1.);
#7392 = DIRECTION('',(-2.22044604925E-16,-1.,0.));
#7393 = ORIENTED_EDGE('',*,*,#7394,.T.);
#7394 = EDGE_CURVE('',#7387,#7395,#7397,.T.);
#7395 = VERTEX_POINT('',#7396);
#7396 = CARTESIAN_POINT('',(2.575,-2.8875,0.9));
#7397 = LINE('',#7398,#7399);
#7398 = CARTESIAN_POINT('',(2.575,2.8875,0.9));
#7399 = VECTOR('',#7400,1.);
#7400 = DIRECTION('',(-2.22044604925E-16,-1.,0.));
#7401 = ORIENTED_EDGE('',*,*,#7402,.T.);
#7402 = EDGE_CURVE('',#7395,#7403,#7405,.T.);
#7403 = VERTEX_POINT('',#7404);
#7404 = CARTESIAN_POINT('',(2.464130891773,-2.832065445886,1.6));
#7405 = B_SPLINE_CURVE_WITH_KNOTS('',1,(#7406,#7407),.UNSPECIFIED.,.F.,
  .F.,(2,2),(0.,1.),.PIECEWISE_BEZIER_KNOTS.);
#7406 = CARTESIAN_POINT('',(2.575,-2.8875,0.9));
#7407 = CARTESIAN_POINT('',(2.464130891773,-2.832065445886,1.6));
#7408 = ORIENTED_EDGE('',*,*,#7409,.F.);
#7409 = EDGE_CURVE('',#7410,#7403,#7412,.T.);
#7410 = VERTEX_POINT('',#7411);
#7411 = CARTESIAN_POINT('',(2.464130891773,2.832065445886,1.6));
#7412 = LINE('',#7413,#7414);
#7413 = CARTESIAN_POINT('',(2.464130891773,2.832065445886,1.6));
#7414 = VECTOR('',#7415,1.);
#7415 = DIRECTION('',(-2.22044604925E-16,-1.,0.));
#7416 = ORIENTED_EDGE('',*,*,#7417,.F.);
#7417 = EDGE_CURVE('',#7322,#7410,#7418,.T.);
#7418 = B_SPLINE_CURVE_WITH_KNOTS('',1,(#7419,#7420),.UNSPECIFIED.,.F.,
  .F.,(2,2),(0.,1.),.PIECEWISE_BEZIER_KNOTS.);
#7419 = CARTESIAN_POINT('',(2.575,2.8875,0.9));
#7420 = CARTESIAN_POINT('',(2.464130891773,2.832065445886,1.6));
#7421 = B_SPLINE_SURFACE_WITH_KNOTS('',1,1,(
    (#7422,#7423)
    ,(#7424,#7425
    )),.UNSPECIFIED.,.F.,.F.,.F.,(2,2),(2,2),(0.,5.775),(0.,1.),
  .PIECEWISE_BEZIER_KNOTS.);
#7422 = CARTESIAN_POINT('',(2.575,2.8875,0.9));
#7423 = CARTESIAN_POINT('',(2.464130891773,2.832065445886,1.6));
#7424 = CARTESIAN_POINT('',(2.575,-2.8875,0.9));
#7425 = CARTESIAN_POINT('',(2.464130891773,-2.832065445886,1.6));
#7426 = ADVANCED_FACE('',(#7427),#7438,.F.);
#7427 = FACE_BOUND('',#7428,.F.);
#7428 = EDGE_LOOP('',(#7429,#7430,#7431,#7437));
#7429 = ORIENTED_EDGE('',*,*,#6853,.F.);
#7430 = ORIENTED_EDGE('',*,*,#6990,.T.);
#7431 = ORIENTED_EDGE('',*,*,#7432,.T.);
#7432 = EDGE_CURVE('',#6983,#7347,#7433,.T.);
#7433 = LINE('',#7434,#7435);
#7434 = CARTESIAN_POINT('',(2.75,0.83,0.9));
#7435 = VECTOR('',#7436,1.);
#7436 = DIRECTION('',(-1.,2.22044604925E-16,0.));
#7437 = ORIENTED_EDGE('',*,*,#7346,.F.);
#7438 = B_SPLINE_SURFACE_WITH_KNOTS('',1,1,(
    (#7439,#7440)
    ,(#7441,#7442
    )),.UNSPECIFIED.,.F.,.F.,.F.,(2,2),(2,2),(0.,5.85),(0.,1.),
  .PIECEWISE_BEZIER_KNOTS.);
#7439 = CARTESIAN_POINT('',(2.65,2.925,0.9));
#7440 = CARTESIAN_POINT('',(2.575,2.8875,0.9));
#7441 = CARTESIAN_POINT('',(2.65,-2.925,0.9));
#7442 = CARTESIAN_POINT('',(2.575,-2.8875,0.9));
#7443 = ADVANCED_FACE('',(#7444),#7530,.F.);
#7444 = FACE_BOUND('',#7445,.F.);
#7445 = EDGE_LOOP('',(#7446,#7447,#7448,#7457,#7465,#7474,#7482,#7490,
    #7498,#7507,#7515,#7524));
#7446 = ORIENTED_EDGE('',*,*,#6982,.F.);
#7447 = ORIENTED_EDGE('',*,*,#7205,.T.);
#7448 = ORIENTED_EDGE('',*,*,#7449,.T.);
#7449 = EDGE_CURVE('',#7206,#7450,#7452,.T.);
#7450 = VERTEX_POINT('',#7451);
#7451 = CARTESIAN_POINT('',(2.85,0.83,0.7));
#7452 = CIRCLE('',#7453,0.1);
#7453 = AXIS2_PLACEMENT_3D('',#7454,#7455,#7456);
#7454 = CARTESIAN_POINT('',(2.75,0.83,0.7));
#7455 = DIRECTION('',(2.22044604925E-16,1.,0.));
#7456 = DIRECTION('',(4.440892098501E-15,-9.860761315262E-31,1.));
#7457 = ORIENTED_EDGE('',*,*,#7458,.T.);
#7458 = EDGE_CURVE('',#7450,#7459,#7461,.T.);
#7459 = VERTEX_POINT('',#7460);
#7460 = CARTESIAN_POINT('',(2.85,0.83,0.2));
#7461 = LINE('',#7462,#7463);
#7462 = CARTESIAN_POINT('',(2.85,0.83,0.7));
#7463 = VECTOR('',#7464,1.);
#7464 = DIRECTION('',(0.,-0.,-1.));
#7465 = ORIENTED_EDGE('',*,*,#7466,.T.);
#7466 = EDGE_CURVE('',#7459,#7467,#7469,.T.);
#7467 = VERTEX_POINT('',#7468);
#7468 = CARTESIAN_POINT('',(3.05,0.83,-8.326672684689E-17));
#7469 = CIRCLE('',#7470,0.2);
#7470 = AXIS2_PLACEMENT_3D('',#7471,#7472,#7473);
#7471 = CARTESIAN_POINT('',(3.05,0.83,0.2));
#7472 = DIRECTION('',(-2.22044604925E-16,-1.,0.));
#7473 = DIRECTION('',(-1.,2.22044604925E-16,1.387778780781E-16));
#7474 = ORIENTED_EDGE('',*,*,#7475,.T.);
#7475 = EDGE_CURVE('',#7467,#7476,#7478,.T.);
#7476 = VERTEX_POINT('',#7477);
#7477 = CARTESIAN_POINT('',(4.2,0.83,-8.326672684689E-17));
#7478 = LINE('',#7479,#7480);
#7479 = CARTESIAN_POINT('',(3.05,0.83,-8.326672684689E-17));
#7480 = VECTOR('',#7481,1.);
#7481 = DIRECTION('',(1.,-2.22044604925E-16,0.));
#7482 = ORIENTED_EDGE('',*,*,#7483,.T.);
#7483 = EDGE_CURVE('',#7476,#7484,#7486,.T.);
#7484 = VERTEX_POINT('',#7485);
#7485 = CARTESIAN_POINT('',(4.2,0.83,0.1));
#7486 = LINE('',#7487,#7488);
#7487 = CARTESIAN_POINT('',(4.2,0.83,-8.326672684689E-17));
#7488 = VECTOR('',#7489,1.);
#7489 = DIRECTION('',(0.,0.,1.));
#7490 = ORIENTED_EDGE('',*,*,#7491,.T.);
#7491 = EDGE_CURVE('',#7484,#7492,#7494,.T.);
#7492 = VERTEX_POINT('',#7493);
#7493 = CARTESIAN_POINT('',(3.05,0.83,0.1));
#7494 = LINE('',#7495,#7496);
#7495 = CARTESIAN_POINT('',(4.2,0.83,0.1));
#7496 = VECTOR('',#7497,1.);
#7497 = DIRECTION('',(-1.,2.22044604925E-16,0.));
#7498 = ORIENTED_EDGE('',*,*,#7499,.T.);
#7499 = EDGE_CURVE('',#7492,#7500,#7502,.T.);
#7500 = VERTEX_POINT('',#7501);
#7501 = CARTESIAN_POINT('',(2.95,0.83,0.2));
#7502 = CIRCLE('',#7503,0.1);
#7503 = AXIS2_PLACEMENT_3D('',#7504,#7505,#7506);
#7504 = CARTESIAN_POINT('',(3.05,0.83,0.2));
#7505 = DIRECTION('',(2.22044604925E-16,1.,0.));
#7506 = DIRECTION('',(0.,0.,-1.));
#7507 = ORIENTED_EDGE('',*,*,#7508,.T.);
#7508 = EDGE_CURVE('',#7500,#7509,#7511,.T.);
#7509 = VERTEX_POINT('',#7510);
#7510 = CARTESIAN_POINT('',(2.95,0.83,0.7));
#7511 = LINE('',#7512,#7513);
#7512 = CARTESIAN_POINT('',(2.95,0.83,0.2));
#7513 = VECTOR('',#7514,1.);
#7514 = DIRECTION('',(0.,0.,1.));
#7515 = ORIENTED_EDGE('',*,*,#7516,.T.);
#7516 = EDGE_CURVE('',#7509,#7517,#7519,.T.);
#7517 = VERTEX_POINT('',#7518);
#7518 = CARTESIAN_POINT('',(2.75,0.83,0.9));
#7519 = CIRCLE('',#7520,0.2);
#7520 = AXIS2_PLACEMENT_3D('',#7521,#7522,#7523);
#7521 = CARTESIAN_POINT('',(2.75,0.83,0.7));
#7522 = DIRECTION('',(-2.22044604925E-16,-1.,0.));
#7523 = DIRECTION('',(1.,-2.22044604925E-16,4.440892098501E-15));
#7524 = ORIENTED_EDGE('',*,*,#7525,.T.);
#7525 = EDGE_CURVE('',#7517,#6983,#7526,.T.);
#7526 = LINE('',#7527,#7528);
#7527 = CARTESIAN_POINT('',(2.75,0.83,0.9));
#7528 = VECTOR('',#7529,1.);
#7529 = DIRECTION('',(-1.,2.22044604925E-16,0.));
#7530 = PLANE('',#7531);
#7531 = AXIS2_PLACEMENT_3D('',#7532,#7533,#7534);
#7532 = CARTESIAN_POINT('',(3.228483899678,0.83,0.304007155699));
#7533 = DIRECTION('',(-2.22044604925E-16,-1.,0.));
#7534 = DIRECTION('',(0.,0.,1.));
#7535 = ADVANCED_FACE('',(#7536),#7553,.F.);
#7536 = FACE_BOUND('',#7537,.F.);
#7537 = EDGE_LOOP('',(#7538,#7539,#7540,#7548));
#7538 = ORIENTED_EDGE('',*,*,#7004,.T.);
#7539 = ORIENTED_EDGE('',*,*,#7077,.T.);
#7540 = ORIENTED_EDGE('',*,*,#7541,.F.);
#7541 = EDGE_CURVE('',#7542,#7070,#7544,.T.);
#7542 = VERTEX_POINT('',#7543);
#7543 = CARTESIAN_POINT('',(-2.475,3.1,0.8));
#7544 = LINE('',#7545,#7546);
#7545 = CARTESIAN_POINT('',(-2.475,3.1,0.8));
#7546 = VECTOR('',#7547,1.);
#7547 = DIRECTION('',(1.,-2.22044604925E-16,0.));
#7548 = ORIENTED_EDGE('',*,*,#7549,.F.);
#7549 = EDGE_CURVE('',#7005,#7542,#7550,.T.);
#7550 = B_SPLINE_CURVE_WITH_KNOTS('',1,(#7551,#7552),.UNSPECIFIED.,.F.,
  .F.,(2,2),(0.,1.),.PIECEWISE_BEZIER_KNOTS.);
#7551 = CARTESIAN_POINT('',(-2.419565445886,2.989130891773,0.1));
#7552 = CARTESIAN_POINT('',(-2.475,3.1,0.8));
#7553 = B_SPLINE_SURFACE_WITH_KNOTS('',1,1,(
    (#7554,#7555)
    ,(#7556,#7557
    )),.UNSPECIFIED.,.F.,.F.,.F.,(2,2),(2,2),(0.,4.95),(0.,1.),
  .PIECEWISE_BEZIER_KNOTS.);
#7554 = CARTESIAN_POINT('',(-2.419565445886,2.989130891773,0.1));
#7555 = CARTESIAN_POINT('',(-2.475,3.1,0.8));
#7556 = CARTESIAN_POINT('',(2.419565445886,2.989130891773,0.1));
#7557 = CARTESIAN_POINT('',(2.475,3.1,0.8));
#7558 = ADVANCED_FACE('',(#7559),#7576,.F.);
#7559 = FACE_BOUND('',#7560,.F.);
#7560 = EDGE_LOOP('',(#7561,#7562,#7569,#7575));
#7561 = ORIENTED_EDGE('',*,*,#7029,.T.);
#7562 = ORIENTED_EDGE('',*,*,#7563,.T.);
#7563 = EDGE_CURVE('',#7030,#7564,#7566,.T.);
#7564 = VERTEX_POINT('',#7565);
#7565 = CARTESIAN_POINT('',(-2.475,-3.1,0.8));
#7566 = B_SPLINE_CURVE_WITH_KNOTS('',1,(#7567,#7568),.UNSPECIFIED.,.F.,
  .F.,(2,2),(0.,1.),.PIECEWISE_BEZIER_KNOTS.);
#7567 = CARTESIAN_POINT('',(-2.419565445886,-2.989130891773,0.1));
#7568 = CARTESIAN_POINT('',(-2.475,-3.1,0.8));
#7569 = ORIENTED_EDGE('',*,*,#7570,.F.);
#7570 = EDGE_CURVE('',#7092,#7564,#7571,.T.);
#7571 = LINE('',#7572,#7573);
#7572 = CARTESIAN_POINT('',(2.475,-3.1,0.8));
#7573 = VECTOR('',#7574,1.);
#7574 = DIRECTION('',(-1.,2.22044604925E-16,0.));
#7575 = ORIENTED_EDGE('',*,*,#7091,.F.);
#7576 = B_SPLINE_SURFACE_WITH_KNOTS('',1,1,(
    (#7577,#7578)
    ,(#7579,#7580
    )),.UNSPECIFIED.,.F.,.F.,.F.,(2,2),(2,2),(0.,4.95),(0.,1.),
  .PIECEWISE_BEZIER_KNOTS.);
#7577 = CARTESIAN_POINT('',(2.419565445886,-2.989130891773,0.1));
#7578 = CARTESIAN_POINT('',(2.475,-3.1,0.8));
#7579 = CARTESIAN_POINT('',(-2.419565445886,-2.989130891773,0.1));
#7580 = CARTESIAN_POINT('',(-2.475,-3.1,0.8));
#7581 = ADVANCED_FACE('',(#7582),#7599,.F.);
#7582 = FACE_BOUND('',#7583,.F.);
#7583 = EDGE_LOOP('',(#7584,#7585,#7592,#7598));
#7584 = ORIENTED_EDGE('',*,*,#7037,.T.);
#7585 = ORIENTED_EDGE('',*,*,#7586,.T.);
#7586 = EDGE_CURVE('',#7038,#7587,#7589,.T.);
#7587 = VERTEX_POINT('',#7588);
#7588 = CARTESIAN_POINT('',(-2.65,-2.925,0.8));
#7589 = B_SPLINE_CURVE_WITH_KNOTS('',1,(#7590,#7591),.UNSPECIFIED.,.F.,
  .F.,(2,2),(0.,1.),.PIECEWISE_BEZIER_KNOTS.);
#7590 = CARTESIAN_POINT('',(-2.539130891773,-2.869565445886,0.1));
#7591 = CARTESIAN_POINT('',(-2.65,-2.925,0.8));
#7592 = ORIENTED_EDGE('',*,*,#7593,.F.);
#7593 = EDGE_CURVE('',#7564,#7587,#7594,.T.);
#7594 = LINE('',#7595,#7596);
#7595 = CARTESIAN_POINT('',(-2.475,-3.1,0.8));
#7596 = VECTOR('',#7597,1.);
#7597 = DIRECTION('',(-0.707106781187,0.707106781187,0.));
#7598 = ORIENTED_EDGE('',*,*,#7563,.F.);
#7599 = B_SPLINE_SURFACE_WITH_KNOTS('',1,1,(
    (#7600,#7601)
    ,(#7602,#7603
    )),.UNSPECIFIED.,.F.,.F.,.F.,(2,2),(2,2),(0.,0.247487373415),(0.,1.)
  ,.PIECEWISE_BEZIER_KNOTS.);
#7600 = CARTESIAN_POINT('',(-2.419565445886,-2.989130891773,0.1));
#7601 = CARTESIAN_POINT('',(-2.475,-3.1,0.8));
#7602 = CARTESIAN_POINT('',(-2.539130891773,-2.869565445886,0.1));
#7603 = CARTESIAN_POINT('',(-2.65,-2.925,0.8));
#7604 = ADVANCED_FACE('',(#7605),#7686,.F.);
#7605 = FACE_BOUND('',#7606,.F.);
#7606 = EDGE_LOOP('',(#7607,#7608,#7615,#7623,#7631,#7639,#7647,#7655,
    #7663,#7671,#7679,#7685));
#7607 = ORIENTED_EDGE('',*,*,#7045,.T.);
#7608 = ORIENTED_EDGE('',*,*,#7609,.T.);
#7609 = EDGE_CURVE('',#7046,#7610,#7612,.T.);
#7610 = VERTEX_POINT('',#7611);
#7611 = CARTESIAN_POINT('',(-2.65,2.925,0.8));
#7612 = B_SPLINE_CURVE_WITH_KNOTS('',1,(#7613,#7614),.UNSPECIFIED.,.F.,
  .F.,(2,2),(0.,1.),.PIECEWISE_BEZIER_KNOTS.);
#7613 = CARTESIAN_POINT('',(-2.539130891773,2.869565445886,0.1));
#7614 = CARTESIAN_POINT('',(-2.65,2.925,0.8));
#7615 = ORIENTED_EDGE('',*,*,#7616,.F.);
#7616 = EDGE_CURVE('',#7617,#7610,#7619,.T.);
#7617 = VERTEX_POINT('',#7618);
#7618 = CARTESIAN_POINT('',(-2.65,2.1,0.8));
#7619 = LINE('',#7620,#7621);
#7620 = CARTESIAN_POINT('',(-2.65,-2.925,0.8));
#7621 = VECTOR('',#7622,1.);
#7622 = DIRECTION('',(2.22044604925E-16,1.,0.));
#7623 = ORIENTED_EDGE('',*,*,#7624,.F.);
#7624 = EDGE_CURVE('',#7625,#7617,#7627,.T.);
#7625 = VERTEX_POINT('',#7626);
#7626 = CARTESIAN_POINT('',(-2.65,1.71,0.8));
#7627 = LINE('',#7628,#7629);
#7628 = CARTESIAN_POINT('',(-2.65,-2.925,0.8));
#7629 = VECTOR('',#7630,1.);
#7630 = DIRECTION('',(2.22044604925E-16,1.,0.));
#7631 = ORIENTED_EDGE('',*,*,#7632,.F.);
#7632 = EDGE_CURVE('',#7633,#7625,#7635,.T.);
#7633 = VERTEX_POINT('',#7634);
#7634 = CARTESIAN_POINT('',(-2.65,0.83,0.8));
#7635 = LINE('',#7636,#7637);
#7636 = CARTESIAN_POINT('',(-2.65,-2.925,0.8));
#7637 = VECTOR('',#7638,1.);
#7638 = DIRECTION('',(2.22044604925E-16,1.,0.));
#7639 = ORIENTED_EDGE('',*,*,#7640,.F.);
#7640 = EDGE_CURVE('',#7641,#7633,#7643,.T.);
#7641 = VERTEX_POINT('',#7642);
#7642 = CARTESIAN_POINT('',(-2.65,0.44,0.8));
#7643 = LINE('',#7644,#7645);
#7644 = CARTESIAN_POINT('',(-2.65,-2.925,0.8));
#7645 = VECTOR('',#7646,1.);
#7646 = DIRECTION('',(2.22044604925E-16,1.,0.));
#7647 = ORIENTED_EDGE('',*,*,#7648,.F.);
#7648 = EDGE_CURVE('',#7649,#7641,#7651,.T.);
#7649 = VERTEX_POINT('',#7650);
#7650 = CARTESIAN_POINT('',(-2.65,-0.44,0.8));
#7651 = LINE('',#7652,#7653);
#7652 = CARTESIAN_POINT('',(-2.65,-2.925,0.8));
#7653 = VECTOR('',#7654,1.);
#7654 = DIRECTION('',(2.22044604925E-16,1.,0.));
#7655 = ORIENTED_EDGE('',*,*,#7656,.F.);
#7656 = EDGE_CURVE('',#7657,#7649,#7659,.T.);
#7657 = VERTEX_POINT('',#7658);
#7658 = CARTESIAN_POINT('',(-2.65,-0.83,0.8));
#7659 = LINE('',#7660,#7661);
#7660 = CARTESIAN_POINT('',(-2.65,-2.925,0.8));
#7661 = VECTOR('',#7662,1.);
#7662 = DIRECTION('',(2.22044604925E-16,1.,0.));
#7663 = ORIENTED_EDGE('',*,*,#7664,.F.);
#7664 = EDGE_CURVE('',#7665,#7657,#7667,.T.);
#7665 = VERTEX_POINT('',#7666);
#7666 = CARTESIAN_POINT('',(-2.65,-1.71,0.8));
#7667 = LINE('',#7668,#7669);
#7668 = CARTESIAN_POINT('',(-2.65,-2.925,0.8));
#7669 = VECTOR('',#7670,1.);
#7670 = DIRECTION('',(2.22044604925E-16,1.,0.));
#7671 = ORIENTED_EDGE('',*,*,#7672,.F.);
#7672 = EDGE_CURVE('',#7673,#7665,#7675,.T.);
#7673 = VERTEX_POINT('',#7674);
#7674 = CARTESIAN_POINT('',(-2.65,-2.1,0.8));
#7675 = LINE('',#7676,#7677);
#7676 = CARTESIAN_POINT('',(-2.65,-2.925,0.8));
#7677 = VECTOR('',#7678,1.);
#7678 = DIRECTION('',(2.22044604925E-16,1.,0.));
#7679 = ORIENTED_EDGE('',*,*,#7680,.F.);
#7680 = EDGE_CURVE('',#7587,#7673,#7681,.T.);
#7681 = LINE('',#7682,#7683);
#7682 = CARTESIAN_POINT('',(-2.65,-2.925,0.8));
#7683 = VECTOR('',#7684,1.);
#7684 = DIRECTION('',(2.22044604925E-16,1.,0.));
#7685 = ORIENTED_EDGE('',*,*,#7586,.F.);
#7686 = B_SPLINE_SURFACE_WITH_KNOTS('',1,1,(
    (#7687,#7688)
    ,(#7689,#7690
    )),.UNSPECIFIED.,.F.,.F.,.F.,(2,2),(2,2),(0.,5.85),(0.,1.),
  .PIECEWISE_BEZIER_KNOTS.);
#7687 = CARTESIAN_POINT('',(-2.539130891773,-2.869565445886,0.1));
#7688 = CARTESIAN_POINT('',(-2.65,-2.925,0.8));
#7689 = CARTESIAN_POINT('',(-2.539130891773,2.869565445886,0.1));
#7690 = CARTESIAN_POINT('',(-2.65,2.925,0.8));
#7691 = ADVANCED_FACE('',(#7692),#7703,.F.);
#7692 = FACE_BOUND('',#7693,.F.);
#7693 = EDGE_LOOP('',(#7694,#7695,#7696,#7702));
#7694 = ORIENTED_EDGE('',*,*,#7053,.T.);
#7695 = ORIENTED_EDGE('',*,*,#7549,.T.);
#7696 = ORIENTED_EDGE('',*,*,#7697,.F.);
#7697 = EDGE_CURVE('',#7610,#7542,#7698,.T.);
#7698 = LINE('',#7699,#7700);
#7699 = CARTESIAN_POINT('',(-2.65,2.925,0.8));
#7700 = VECTOR('',#7701,1.);
#7701 = DIRECTION('',(0.707106781187,0.707106781187,0.));
#7702 = ORIENTED_EDGE('',*,*,#7609,.F.);
#7703 = B_SPLINE_SURFACE_WITH_KNOTS('',1,1,(
    (#7704,#7705)
    ,(#7706,#7707
    )),.UNSPECIFIED.,.F.,.F.,.F.,(2,2),(2,2),(0.,0.247487373415),(0.,1.)
  ,.PIECEWISE_BEZIER_KNOTS.);
#7704 = CARTESIAN_POINT('',(-2.539130891773,2.869565445886,0.1));
#7705 = CARTESIAN_POINT('',(-2.65,2.925,0.8));
#7706 = CARTESIAN_POINT('',(-2.419565445886,2.989130891773,0.1));
#7707 = CARTESIAN_POINT('',(-2.475,3.1,0.8));
#7708 = ADVANCED_FACE('',(#7709),#7726,.F.);
#7709 = FACE_BOUND('',#7710,.F.);
#7710 = EDGE_LOOP('',(#7711,#7712,#7719,#7725));
#7711 = ORIENTED_EDGE('',*,*,#7098,.T.);
#7712 = ORIENTED_EDGE('',*,*,#7713,.T.);
#7713 = EDGE_CURVE('',#7092,#7714,#7716,.T.);
#7714 = VERTEX_POINT('',#7715);
#7715 = CARTESIAN_POINT('',(2.475,-3.1,0.9));
#7716 = B_SPLINE_CURVE_WITH_KNOTS('',1,(#7717,#7718),.UNSPECIFIED.,.F.,
  .F.,(2,2),(0.,1.),.PIECEWISE_BEZIER_KNOTS.);
#7717 = CARTESIAN_POINT('',(2.475,-3.1,0.8));
#7718 = CARTESIAN_POINT('',(2.475,-3.1,0.9));
#7719 = ORIENTED_EDGE('',*,*,#7720,.F.);
#7720 = EDGE_CURVE('',#7123,#7714,#7721,.T.);
#7721 = LINE('',#7722,#7723);
#7722 = CARTESIAN_POINT('',(2.65,-2.925,0.9));
#7723 = VECTOR('',#7724,1.);
#7724 = DIRECTION('',(-0.707106781187,-0.707106781187,0.));
#7725 = ORIENTED_EDGE('',*,*,#7122,.F.);
#7726 = PLANE('',#7727);
#7727 = AXIS2_PLACEMENT_3D('',#7728,#7729,#7730);
#7728 = CARTESIAN_POINT('',(2.65,-2.925,0.9));
#7729 = DIRECTION('',(-0.707106781187,0.707106781187,0.));
#7730 = DIRECTION('',(-0.707106781187,-0.707106781187,0.));
#7731 = ADVANCED_FACE('',(#7732),#7818,.T.);
#7732 = FACE_BOUND('',#7733,.T.);
#7733 = EDGE_LOOP('',(#7734,#7735,#7736,#7745,#7753,#7762,#7770,#7778,
    #7786,#7795,#7803,#7812));
#7734 = ORIENTED_EDGE('',*,*,#7113,.F.);
#7735 = ORIENTED_EDGE('',*,*,#7152,.T.);
#7736 = ORIENTED_EDGE('',*,*,#7737,.T.);
#7737 = EDGE_CURVE('',#7153,#7738,#7740,.T.);
#7738 = VERTEX_POINT('',#7739);
#7739 = CARTESIAN_POINT('',(2.85,-2.1,0.7));
#7740 = CIRCLE('',#7741,0.1);
#7741 = AXIS2_PLACEMENT_3D('',#7742,#7743,#7744);
#7742 = CARTESIAN_POINT('',(2.75,-2.1,0.7));
#7743 = DIRECTION('',(2.22044604925E-16,1.,0.));
#7744 = DIRECTION('',(4.440892098501E-15,-9.860761315262E-31,1.));
#7745 = ORIENTED_EDGE('',*,*,#7746,.T.);
#7746 = EDGE_CURVE('',#7738,#7747,#7749,.T.);
#7747 = VERTEX_POINT('',#7748);
#7748 = CARTESIAN_POINT('',(2.85,-2.1,0.2));
#7749 = LINE('',#7750,#7751);
#7750 = CARTESIAN_POINT('',(2.85,-2.1,0.7));
#7751 = VECTOR('',#7752,1.);
#7752 = DIRECTION('',(0.,-0.,-1.));
#7753 = ORIENTED_EDGE('',*,*,#7754,.T.);
#7754 = EDGE_CURVE('',#7747,#7755,#7757,.T.);
#7755 = VERTEX_POINT('',#7756);
#7756 = CARTESIAN_POINT('',(3.05,-2.1,-8.326672684689E-17));
#7757 = CIRCLE('',#7758,0.2);
#7758 = AXIS2_PLACEMENT_3D('',#7759,#7760,#7761);
#7759 = CARTESIAN_POINT('',(3.05,-2.1,0.2));
#7760 = DIRECTION('',(-2.22044604925E-16,-1.,0.));
#7761 = DIRECTION('',(-1.,2.22044604925E-16,1.387778780781E-16));
#7762 = ORIENTED_EDGE('',*,*,#7763,.T.);
#7763 = EDGE_CURVE('',#7755,#7764,#7766,.T.);
#7764 = VERTEX_POINT('',#7765);
#7765 = CARTESIAN_POINT('',(4.2,-2.1,-8.326672684689E-17));
#7766 = LINE('',#7767,#7768);
#7767 = CARTESIAN_POINT('',(3.05,-2.1,-8.326672684689E-17));
#7768 = VECTOR('',#7769,1.);
#7769 = DIRECTION('',(1.,-2.22044604925E-16,0.));
#7770 = ORIENTED_EDGE('',*,*,#7771,.T.);
#7771 = EDGE_CURVE('',#7764,#7772,#7774,.T.);
#7772 = VERTEX_POINT('',#7773);
#7773 = CARTESIAN_POINT('',(4.2,-2.1,0.1));
#7774 = LINE('',#7775,#7776);
#7775 = CARTESIAN_POINT('',(4.2,-2.1,-8.326672684689E-17));
#7776 = VECTOR('',#7777,1.);
#7777 = DIRECTION('',(0.,0.,1.));
#7778 = ORIENTED_EDGE('',*,*,#7779,.T.);
#7779 = EDGE_CURVE('',#7772,#7780,#7782,.T.);
#7780 = VERTEX_POINT('',#7781);
#7781 = CARTESIAN_POINT('',(3.05,-2.1,0.1));
#7782 = LINE('',#7783,#7784);
#7783 = CARTESIAN_POINT('',(4.2,-2.1,0.1));
#7784 = VECTOR('',#7785,1.);
#7785 = DIRECTION('',(-1.,2.22044604925E-16,0.));
#7786 = ORIENTED_EDGE('',*,*,#7787,.T.);
#7787 = EDGE_CURVE('',#7780,#7788,#7790,.T.);
#7788 = VERTEX_POINT('',#7789);
#7789 = CARTESIAN_POINT('',(2.95,-2.1,0.2));
#7790 = CIRCLE('',#7791,0.1);
#7791 = AXIS2_PLACEMENT_3D('',#7792,#7793,#7794);
#7792 = CARTESIAN_POINT('',(3.05,-2.1,0.2));
#7793 = DIRECTION('',(2.22044604925E-16,1.,0.));
#7794 = DIRECTION('',(0.,0.,-1.));
#7795 = ORIENTED_EDGE('',*,*,#7796,.T.);
#7796 = EDGE_CURVE('',#7788,#7797,#7799,.T.);
#7797 = VERTEX_POINT('',#7798);
#7798 = CARTESIAN_POINT('',(2.95,-2.1,0.7));
#7799 = LINE('',#7800,#7801);
#7800 = CARTESIAN_POINT('',(2.95,-2.1,0.2));
#7801 = VECTOR('',#7802,1.);
#7802 = DIRECTION('',(0.,0.,1.));
#7803 = ORIENTED_EDGE('',*,*,#7804,.T.);
#7804 = EDGE_CURVE('',#7797,#7805,#7807,.T.);
#7805 = VERTEX_POINT('',#7806);
#7806 = CARTESIAN_POINT('',(2.75,-2.1,0.9));
#7807 = CIRCLE('',#7808,0.2);
#7808 = AXIS2_PLACEMENT_3D('',#7809,#7810,#7811);
#7809 = CARTESIAN_POINT('',(2.75,-2.1,0.7));
#7810 = DIRECTION('',(-2.22044604925E-16,-1.,0.));
#7811 = DIRECTION('',(1.,-2.22044604925E-16,4.440892098501E-15));
#7812 = ORIENTED_EDGE('',*,*,#7813,.T.);
#7813 = EDGE_CURVE('',#7805,#7114,#7814,.T.);
#7814 = LINE('',#7815,#7816);
#7815 = CARTESIAN_POINT('',(2.75,-2.1,0.9));
#7816 = VECTOR('',#7817,1.);
#7817 = DIRECTION('',(-1.,2.22044604925E-16,0.));
#7818 = PLANE('',#7819);
#7819 = AXIS2_PLACEMENT_3D('',#7820,#7821,#7822);
#7820 = CARTESIAN_POINT('',(3.228483899678,-2.1,0.304007155699));
#7821 = DIRECTION('',(-2.22044604925E-16,-1.,0.));
#7822 = DIRECTION('',(0.,0.,1.));
#7823 = ADVANCED_FACE('',(#7824),#7839,.F.);
#7824 = FACE_BOUND('',#7825,.F.);
#7825 = EDGE_LOOP('',(#7826,#7832,#7833,#7838));
#7826 = ORIENTED_EDGE('',*,*,#7827,.F.);
#7827 = EDGE_CURVE('',#7114,#7387,#7828,.T.);
#7828 = LINE('',#7829,#7830);
#7829 = CARTESIAN_POINT('',(2.75,-2.1,0.9));
#7830 = VECTOR('',#7831,1.);
#7831 = DIRECTION('',(-1.,2.22044604925E-16,0.));
#7832 = ORIENTED_EDGE('',*,*,#7129,.T.);
#7833 = ORIENTED_EDGE('',*,*,#7834,.T.);
#7834 = EDGE_CURVE('',#7123,#7395,#7835,.T.);
#7835 = B_SPLINE_CURVE_WITH_KNOTS('',1,(#7836,#7837),.UNSPECIFIED.,.F.,
  .F.,(2,2),(0.,1.),.PIECEWISE_BEZIER_KNOTS.);
#7836 = CARTESIAN_POINT('',(2.65,-2.925,0.9));
#7837 = CARTESIAN_POINT('',(2.575,-2.8875,0.9));
#7838 = ORIENTED_EDGE('',*,*,#7394,.F.);
#7839 = B_SPLINE_SURFACE_WITH_KNOTS('',1,1,(
    (#7840,#7841)
    ,(#7842,#7843
    )),.UNSPECIFIED.,.F.,.F.,.F.,(2,2),(2,2),(0.,5.85),(0.,1.),
  .PIECEWISE_BEZIER_KNOTS.);
#7840 = CARTESIAN_POINT('',(2.65,2.925,0.9));
#7841 = CARTESIAN_POINT('',(2.575,2.8875,0.9));
#7842 = CARTESIAN_POINT('',(2.65,-2.925,0.9));
#7843 = CARTESIAN_POINT('',(2.575,-2.8875,0.9));
#7844 = ADVANCED_FACE('',(#7845),#7931,.F.);
#7845 = FACE_BOUND('',#7846,.F.);
#7846 = EDGE_LOOP('',(#7847,#7848,#7849,#7858,#7866,#7875,#7883,#7891,
    #7899,#7908,#7916,#7925));
#7847 = ORIENTED_EDGE('',*,*,#7183,.F.);
#7848 = ORIENTED_EDGE('',*,*,#7143,.T.);
#7849 = ORIENTED_EDGE('',*,*,#7850,.T.);
#7850 = EDGE_CURVE('',#7144,#7851,#7853,.T.);
#7851 = VERTEX_POINT('',#7852);
#7852 = CARTESIAN_POINT('',(2.85,-1.71,0.7));
#7853 = CIRCLE('',#7854,0.1);
#7854 = AXIS2_PLACEMENT_3D('',#7855,#7856,#7857);
#7855 = CARTESIAN_POINT('',(2.75,-1.71,0.7));
#7856 = DIRECTION('',(2.22044604925E-16,1.,0.));
#7857 = DIRECTION('',(4.440892098501E-15,-9.860761315262E-31,1.));
#7858 = ORIENTED_EDGE('',*,*,#7859,.T.);
#7859 = EDGE_CURVE('',#7851,#7860,#7862,.T.);
#7860 = VERTEX_POINT('',#7861);
#7861 = CARTESIAN_POINT('',(2.85,-1.71,0.2));
#7862 = LINE('',#7863,#7864);
#7863 = CARTESIAN_POINT('',(2.85,-1.71,0.7));
#7864 = VECTOR('',#7865,1.);
#7865 = DIRECTION('',(0.,-0.,-1.));
#7866 = ORIENTED_EDGE('',*,*,#7867,.T.);
#7867 = EDGE_CURVE('',#7860,#7868,#7870,.T.);
#7868 = VERTEX_POINT('',#7869);
#7869 = CARTESIAN_POINT('',(3.05,-1.71,-8.326672684689E-17));
#7870 = CIRCLE('',#7871,0.2);
#7871 = AXIS2_PLACEMENT_3D('',#7872,#7873,#7874);
#7872 = CARTESIAN_POINT('',(3.05,-1.71,0.2));
#7873 = DIRECTION('',(-2.22044604925E-16,-1.,0.));
#7874 = DIRECTION('',(-1.,2.22044604925E-16,1.387778780781E-16));
#7875 = ORIENTED_EDGE('',*,*,#7876,.T.);
#7876 = EDGE_CURVE('',#7868,#7877,#7879,.T.);
#7877 = VERTEX_POINT('',#7878);
#7878 = CARTESIAN_POINT('',(4.2,-1.71,-8.326672684689E-17));
#7879 = LINE('',#7880,#7881);
#7880 = CARTESIAN_POINT('',(3.05,-1.71,-8.326672684689E-17));
#7881 = VECTOR('',#7882,1.);
#7882 = DIRECTION('',(1.,-2.22044604925E-16,0.));
#7883 = ORIENTED_EDGE('',*,*,#7884,.T.);
#7884 = EDGE_CURVE('',#7877,#7885,#7887,.T.);
#7885 = VERTEX_POINT('',#7886);
#7886 = CARTESIAN_POINT('',(4.2,-1.71,0.1));
#7887 = LINE('',#7888,#7889);
#7888 = CARTESIAN_POINT('',(4.2,-1.71,-8.326672684689E-17));
#7889 = VECTOR('',#7890,1.);
#7890 = DIRECTION('',(0.,0.,1.));
#7891 = ORIENTED_EDGE('',*,*,#7892,.T.);
#7892 = EDGE_CURVE('',#7885,#7893,#7895,.T.);
#7893 = VERTEX_POINT('',#7894);
#7894 = CARTESIAN_POINT('',(3.05,-1.71,0.1));
#7895 = LINE('',#7896,#7897);
#7896 = CARTESIAN_POINT('',(4.2,-1.71,0.1));
#7897 = VECTOR('',#7898,1.);
#7898 = DIRECTION('',(-1.,2.22044604925E-16,0.));
#7899 = ORIENTED_EDGE('',*,*,#7900,.T.);
#7900 = EDGE_CURVE('',#7893,#7901,#7903,.T.);
#7901 = VERTEX_POINT('',#7902);
#7902 = CARTESIAN_POINT('',(2.95,-1.71,0.2));
#7903 = CIRCLE('',#7904,0.1);
#7904 = AXIS2_PLACEMENT_3D('',#7905,#7906,#7907);
#7905 = CARTESIAN_POINT('',(3.05,-1.71,0.2));
#7906 = DIRECTION('',(2.22044604925E-16,1.,0.));
#7907 = DIRECTION('',(0.,0.,-1.));
#7908 = ORIENTED_EDGE('',*,*,#7909,.T.);
#7909 = EDGE_CURVE('',#7901,#7910,#7912,.T.);
#7910 = VERTEX_POINT('',#7911);
#7911 = CARTESIAN_POINT('',(2.95,-1.71,0.7));
#7912 = LINE('',#7913,#7914);
#7913 = CARTESIAN_POINT('',(2.95,-1.71,0.2));
#7914 = VECTOR('',#7915,1.);
#7915 = DIRECTION('',(0.,0.,1.));
#7916 = ORIENTED_EDGE('',*,*,#7917,.T.);
#7917 = EDGE_CURVE('',#7910,#7918,#7920,.T.);
#7918 = VERTEX_POINT('',#7919);
#7919 = CARTESIAN_POINT('',(2.75,-1.71,0.9));
#7920 = CIRCLE('',#7921,0.2);
#7921 = AXIS2_PLACEMENT_3D('',#7922,#7923,#7924);
#7922 = CARTESIAN_POINT('',(2.75,-1.71,0.7));
#7923 = DIRECTION('',(-2.22044604925E-16,-1.,0.));
#7924 = DIRECTION('',(1.,-2.22044604925E-16,4.440892098501E-15));
#7925 = ORIENTED_EDGE('',*,*,#7926,.T.);
#7926 = EDGE_CURVE('',#7918,#7184,#7927,.T.);
#7927 = LINE('',#7928,#7929);
#7928 = CARTESIAN_POINT('',(2.75,-1.71,0.9));
#7929 = VECTOR('',#7930,1.);
#7930 = DIRECTION('',(-1.,2.22044604925E-16,0.));
#7931 = PLANE('',#7932);
#7932 = AXIS2_PLACEMENT_3D('',#7933,#7934,#7935);
#7933 = CARTESIAN_POINT('',(3.228483899678,-1.71,0.304007155699));
#7934 = DIRECTION('',(-2.22044604925E-16,-1.,0.));
#7935 = DIRECTION('',(0.,0.,1.));
#7936 = ADVANCED_FACE('',(#7937),#7948,.F.);
#7937 = FACE_BOUND('',#7938,.F.);
#7938 = EDGE_LOOP('',(#7939,#7940,#7941,#7947));
#7939 = ORIENTED_EDGE('',*,*,#7160,.T.);
#7940 = ORIENTED_EDGE('',*,*,#7737,.T.);
#7941 = ORIENTED_EDGE('',*,*,#7942,.F.);
#7942 = EDGE_CURVE('',#7851,#7738,#7943,.T.);
#7943 = LINE('',#7944,#7945);
#7944 = CARTESIAN_POINT('',(2.85,-1.71,0.7));
#7945 = VECTOR('',#7946,1.);
#7946 = DIRECTION('',(-2.22044604925E-16,-1.,0.));
#7947 = ORIENTED_EDGE('',*,*,#7850,.F.);
#7948 = CYLINDRICAL_SURFACE('',#7949,0.1);
#7949 = AXIS2_PLACEMENT_3D('',#7950,#7951,#7952);
#7950 = CARTESIAN_POINT('',(2.75,-1.71,0.7));
#7951 = DIRECTION('',(2.22044604925E-16,1.,0.));
#7952 = DIRECTION('',(4.440892098501E-15,-9.860761315262E-31,1.));
#7953 = ADVANCED_FACE('',(#7954),#8040,.T.);
#7954 = FACE_BOUND('',#7955,.T.);
#7955 = EDGE_LOOP('',(#7956,#7957,#7958,#7967,#7975,#7984,#7992,#8000,
    #8008,#8017,#8025,#8034));
#7956 = ORIENTED_EDGE('',*,*,#7174,.F.);
#7957 = ORIENTED_EDGE('',*,*,#7245,.T.);
#7958 = ORIENTED_EDGE('',*,*,#7959,.T.);
#7959 = EDGE_CURVE('',#7246,#7960,#7962,.T.);
#7960 = VERTEX_POINT('',#7961);
#7961 = CARTESIAN_POINT('',(2.85,-0.83,0.7));
#7962 = CIRCLE('',#7963,0.1);
#7963 = AXIS2_PLACEMENT_3D('',#7964,#7965,#7966);
#7964 = CARTESIAN_POINT('',(2.75,-0.83,0.7));
#7965 = DIRECTION('',(2.22044604925E-16,1.,0.));
#7966 = DIRECTION('',(4.440892098501E-15,-9.860761315262E-31,1.));
#7967 = ORIENTED_EDGE('',*,*,#7968,.T.);
#7968 = EDGE_CURVE('',#7960,#7969,#7971,.T.);
#7969 = VERTEX_POINT('',#7970);
#7970 = CARTESIAN_POINT('',(2.85,-0.83,0.2));
#7971 = LINE('',#7972,#7973);
#7972 = CARTESIAN_POINT('',(2.85,-0.83,0.7));
#7973 = VECTOR('',#7974,1.);
#7974 = DIRECTION('',(0.,-0.,-1.));
#7975 = ORIENTED_EDGE('',*,*,#7976,.T.);
#7976 = EDGE_CURVE('',#7969,#7977,#7979,.T.);
#7977 = VERTEX_POINT('',#7978);
#7978 = CARTESIAN_POINT('',(3.05,-0.83,-8.326672684689E-17));
#7979 = CIRCLE('',#7980,0.2);
#7980 = AXIS2_PLACEMENT_3D('',#7981,#7982,#7983);
#7981 = CARTESIAN_POINT('',(3.05,-0.83,0.2));
#7982 = DIRECTION('',(-2.22044604925E-16,-1.,0.));
#7983 = DIRECTION('',(-1.,2.22044604925E-16,1.387778780781E-16));
#7984 = ORIENTED_EDGE('',*,*,#7985,.T.);
#7985 = EDGE_CURVE('',#7977,#7986,#7988,.T.);
#7986 = VERTEX_POINT('',#7987);
#7987 = CARTESIAN_POINT('',(4.2,-0.83,-8.326672684689E-17));
#7988 = LINE('',#7989,#7990);
#7989 = CARTESIAN_POINT('',(3.05,-0.83,-8.326672684689E-17));
#7990 = VECTOR('',#7991,1.);
#7991 = DIRECTION('',(1.,-2.22044604925E-16,0.));
#7992 = ORIENTED_EDGE('',*,*,#7993,.T.);
#7993 = EDGE_CURVE('',#7986,#7994,#7996,.T.);
#7994 = VERTEX_POINT('',#7995);
#7995 = CARTESIAN_POINT('',(4.2,-0.83,0.1));
#7996 = LINE('',#7997,#7998);
#7997 = CARTESIAN_POINT('',(4.2,-0.83,-8.326672684689E-17));
#7998 = VECTOR('',#7999,1.);
#7999 = DIRECTION('',(0.,0.,1.));
#8000 = ORIENTED_EDGE('',*,*,#8001,.T.);
#8001 = EDGE_CURVE('',#7994,#8002,#8004,.T.);
#8002 = VERTEX_POINT('',#8003);
#8003 = CARTESIAN_POINT('',(3.05,-0.83,0.1));
#8004 = LINE('',#8005,#8006);
#8005 = CARTESIAN_POINT('',(4.2,-0.83,0.1));
#8006 = VECTOR('',#8007,1.);
#8007 = DIRECTION('',(-1.,2.22044604925E-16,0.));
#8008 = ORIENTED_EDGE('',*,*,#8009,.T.);
#8009 = EDGE_CURVE('',#8002,#8010,#8012,.T.);
#8010 = VERTEX_POINT('',#8011);
#8011 = CARTESIAN_POINT('',(2.95,-0.83,0.2));
#8012 = CIRCLE('',#8013,0.1);
#8013 = AXIS2_PLACEMENT_3D('',#8014,#8015,#8016);
#8014 = CARTESIAN_POINT('',(3.05,-0.83,0.2));
#8015 = DIRECTION('',(2.22044604925E-16,1.,0.));
#8016 = DIRECTION('',(0.,0.,-1.));
#8017 = ORIENTED_EDGE('',*,*,#8018,.T.);
#8018 = EDGE_CURVE('',#8010,#8019,#8021,.T.);
#8019 = VERTEX_POINT('',#8020);
#8020 = CARTESIAN_POINT('',(2.95,-0.83,0.7));
#8021 = LINE('',#8022,#8023);
#8022 = CARTESIAN_POINT('',(2.95,-0.83,0.2));
#8023 = VECTOR('',#8024,1.);
#8024 = DIRECTION('',(0.,0.,1.));
#8025 = ORIENTED_EDGE('',*,*,#8026,.T.);
#8026 = EDGE_CURVE('',#8019,#8027,#8029,.T.);
#8027 = VERTEX_POINT('',#8028);
#8028 = CARTESIAN_POINT('',(2.75,-0.83,0.9));
#8029 = CIRCLE('',#8030,0.2);
#8030 = AXIS2_PLACEMENT_3D('',#8031,#8032,#8033);
#8031 = CARTESIAN_POINT('',(2.75,-0.83,0.7));
#8032 = DIRECTION('',(-2.22044604925E-16,-1.,0.));
#8033 = DIRECTION('',(1.,-2.22044604925E-16,4.440892098501E-15));
#8034 = ORIENTED_EDGE('',*,*,#8035,.T.);
#8035 = EDGE_CURVE('',#8027,#7175,#8036,.T.);
#8036 = LINE('',#8037,#8038);
#8037 = CARTESIAN_POINT('',(2.75,-0.83,0.9));
#8038 = VECTOR('',#8039,1.);
#8039 = DIRECTION('',(-1.,2.22044604925E-16,0.));
#8040 = PLANE('',#8041);
#8041 = AXIS2_PLACEMENT_3D('',#8042,#8043,#8044);
#8042 = CARTESIAN_POINT('',(3.228483899678,-0.83,0.304007155699));
#8043 = DIRECTION('',(-2.22044604925E-16,-1.,0.));
#8044 = DIRECTION('',(0.,0.,1.));
#8045 = ADVANCED_FACE('',(#8046),#8062,.F.);
#8046 = FACE_BOUND('',#8047,.F.);
#8047 = EDGE_LOOP('',(#8048,#8054,#8055,#8061));
#8048 = ORIENTED_EDGE('',*,*,#8049,.F.);
#8049 = EDGE_CURVE('',#7175,#7371,#8050,.T.);
#8050 = LINE('',#8051,#8052);
#8051 = CARTESIAN_POINT('',(2.75,-0.83,0.9));
#8052 = VECTOR('',#8053,1.);
#8053 = DIRECTION('',(-1.,2.22044604925E-16,0.));
#8054 = ORIENTED_EDGE('',*,*,#7191,.T.);
#8055 = ORIENTED_EDGE('',*,*,#8056,.T.);
#8056 = EDGE_CURVE('',#7184,#7379,#8057,.T.);
#8057 = LINE('',#8058,#8059);
#8058 = CARTESIAN_POINT('',(2.75,-1.71,0.9));
#8059 = VECTOR('',#8060,1.);
#8060 = DIRECTION('',(-1.,2.22044604925E-16,0.));
#8061 = ORIENTED_EDGE('',*,*,#7378,.F.);
#8062 = B_SPLINE_SURFACE_WITH_KNOTS('',1,1,(
    (#8063,#8064)
    ,(#8065,#8066
    )),.UNSPECIFIED.,.F.,.F.,.F.,(2,2),(2,2),(0.,5.85),(0.,1.),
  .PIECEWISE_BEZIER_KNOTS.);
#8063 = CARTESIAN_POINT('',(2.65,2.925,0.9));
#8064 = CARTESIAN_POINT('',(2.575,2.8875,0.9));
#8065 = CARTESIAN_POINT('',(2.65,-2.925,0.9));
#8066 = CARTESIAN_POINT('',(2.575,-2.8875,0.9));
#8067 = ADVANCED_FACE('',(#8068),#8087,.F.);
#8068 = FACE_BOUND('',#8069,.F.);
#8069 = EDGE_LOOP('',(#8070,#8071,#8080,#8086));
#8070 = ORIENTED_EDGE('',*,*,#7222,.T.);
#8071 = ORIENTED_EDGE('',*,*,#8072,.T.);
#8072 = EDGE_CURVE('',#7215,#8073,#8075,.T.);
#8073 = VERTEX_POINT('',#8074);
#8074 = CARTESIAN_POINT('',(2.85,0.44,0.7));
#8075 = CIRCLE('',#8076,0.1);
#8076 = AXIS2_PLACEMENT_3D('',#8077,#8078,#8079);
#8077 = CARTESIAN_POINT('',(2.75,0.44,0.7));
#8078 = DIRECTION('',(2.22044604925E-16,1.,0.));
#8079 = DIRECTION('',(4.440892098501E-15,-9.860761315262E-31,1.));
#8080 = ORIENTED_EDGE('',*,*,#8081,.F.);
#8081 = EDGE_CURVE('',#7450,#8073,#8082,.T.);
#8082 = LINE('',#8083,#8084);
#8083 = CARTESIAN_POINT('',(2.85,0.83,0.7));
#8084 = VECTOR('',#8085,1.);
#8085 = DIRECTION('',(-2.22044604925E-16,-1.,0.));
#8086 = ORIENTED_EDGE('',*,*,#7449,.F.);
#8087 = CYLINDRICAL_SURFACE('',#8088,0.1);
#8088 = AXIS2_PLACEMENT_3D('',#8089,#8090,#8091);
#8089 = CARTESIAN_POINT('',(2.75,0.83,0.7));
#8090 = DIRECTION('',(2.22044604925E-16,1.,0.));
#8091 = DIRECTION('',(4.440892098501E-15,-9.860761315262E-31,1.));
#8092 = ADVANCED_FACE('',(#8093),#8171,.T.);
#8093 = FACE_BOUND('',#8094,.T.);
#8094 = EDGE_LOOP('',(#8095,#8096,#8097,#8098,#8106,#8115,#8123,#8131,
    #8139,#8148,#8156,#8165));
#8095 = ORIENTED_EDGE('',*,*,#7267,.F.);
#8096 = ORIENTED_EDGE('',*,*,#7214,.T.);
#8097 = ORIENTED_EDGE('',*,*,#8072,.T.);
#8098 = ORIENTED_EDGE('',*,*,#8099,.T.);
#8099 = EDGE_CURVE('',#8073,#8100,#8102,.T.);
#8100 = VERTEX_POINT('',#8101);
#8101 = CARTESIAN_POINT('',(2.85,0.44,0.2));
#8102 = LINE('',#8103,#8104);
#8103 = CARTESIAN_POINT('',(2.85,0.44,0.7));
#8104 = VECTOR('',#8105,1.);
#8105 = DIRECTION('',(0.,-0.,-1.));
#8106 = ORIENTED_EDGE('',*,*,#8107,.T.);
#8107 = EDGE_CURVE('',#8100,#8108,#8110,.T.);
#8108 = VERTEX_POINT('',#8109);
#8109 = CARTESIAN_POINT('',(3.05,0.44,-8.326672684689E-17));
#8110 = CIRCLE('',#8111,0.2);
#8111 = AXIS2_PLACEMENT_3D('',#8112,#8113,#8114);
#8112 = CARTESIAN_POINT('',(3.05,0.44,0.2));
#8113 = DIRECTION('',(-2.22044604925E-16,-1.,0.));
#8114 = DIRECTION('',(-1.,2.22044604925E-16,1.387778780781E-16));
#8115 = ORIENTED_EDGE('',*,*,#8116,.T.);
#8116 = EDGE_CURVE('',#8108,#8117,#8119,.T.);
#8117 = VERTEX_POINT('',#8118);
#8118 = CARTESIAN_POINT('',(4.2,0.44,-8.326672684689E-17));
#8119 = LINE('',#8120,#8121);
#8120 = CARTESIAN_POINT('',(3.05,0.44,-8.326672684689E-17));
#8121 = VECTOR('',#8122,1.);
#8122 = DIRECTION('',(1.,-2.22044604925E-16,0.));
#8123 = ORIENTED_EDGE('',*,*,#8124,.T.);
#8124 = EDGE_CURVE('',#8117,#8125,#8127,.T.);
#8125 = VERTEX_POINT('',#8126);
#8126 = CARTESIAN_POINT('',(4.2,0.44,0.1));
#8127 = LINE('',#8128,#8129);
#8128 = CARTESIAN_POINT('',(4.2,0.44,-8.326672684689E-17));
#8129 = VECTOR('',#8130,1.);
#8130 = DIRECTION('',(0.,0.,1.));
#8131 = ORIENTED_EDGE('',*,*,#8132,.T.);
#8132 = EDGE_CURVE('',#8125,#8133,#8135,.T.);
#8133 = VERTEX_POINT('',#8134);
#8134 = CARTESIAN_POINT('',(3.05,0.44,0.1));
#8135 = LINE('',#8136,#8137);
#8136 = CARTESIAN_POINT('',(4.2,0.44,0.1));
#8137 = VECTOR('',#8138,1.);
#8138 = DIRECTION('',(-1.,2.22044604925E-16,0.));
#8139 = ORIENTED_EDGE('',*,*,#8140,.T.);
#8140 = EDGE_CURVE('',#8133,#8141,#8143,.T.);
#8141 = VERTEX_POINT('',#8142);
#8142 = CARTESIAN_POINT('',(2.95,0.44,0.2));
#8143 = CIRCLE('',#8144,0.1);
#8144 = AXIS2_PLACEMENT_3D('',#8145,#8146,#8147);
#8145 = CARTESIAN_POINT('',(3.05,0.44,0.2));
#8146 = DIRECTION('',(2.22044604925E-16,1.,0.));
#8147 = DIRECTION('',(0.,0.,-1.));
#8148 = ORIENTED_EDGE('',*,*,#8149,.T.);
#8149 = EDGE_CURVE('',#8141,#8150,#8152,.T.);
#8150 = VERTEX_POINT('',#8151);
#8151 = CARTESIAN_POINT('',(2.95,0.44,0.7));
#8152 = LINE('',#8153,#8154);
#8153 = CARTESIAN_POINT('',(2.95,0.44,0.2));
#8154 = VECTOR('',#8155,1.);
#8155 = DIRECTION('',(0.,0.,1.));
#8156 = ORIENTED_EDGE('',*,*,#8157,.T.);
#8157 = EDGE_CURVE('',#8150,#8158,#8160,.T.);
#8158 = VERTEX_POINT('',#8159);
#8159 = CARTESIAN_POINT('',(2.75,0.44,0.9));
#8160 = CIRCLE('',#8161,0.2);
#8161 = AXIS2_PLACEMENT_3D('',#8162,#8163,#8164);
#8162 = CARTESIAN_POINT('',(2.75,0.44,0.7));
#8163 = DIRECTION('',(-2.22044604925E-16,-1.,0.));
#8164 = DIRECTION('',(1.,-2.22044604925E-16,4.440892098501E-15));
#8165 = ORIENTED_EDGE('',*,*,#8166,.T.);
#8166 = EDGE_CURVE('',#8158,#7268,#8167,.T.);
#8167 = LINE('',#8168,#8169);
#8168 = CARTESIAN_POINT('',(2.75,0.44,0.9));
#8169 = VECTOR('',#8170,1.);
#8170 = DIRECTION('',(-1.,2.22044604925E-16,0.));
#8171 = PLANE('',#8172);
#8172 = AXIS2_PLACEMENT_3D('',#8173,#8174,#8175);
#8173 = CARTESIAN_POINT('',(3.228483899678,0.44,0.304007155699));
#8174 = DIRECTION('',(-2.22044604925E-16,-1.,0.));
#8175 = DIRECTION('',(0.,0.,1.));
#8176 = ADVANCED_FACE('',(#8177),#8263,.F.);
#8177 = FACE_BOUND('',#8178,.F.);
#8178 = EDGE_LOOP('',(#8179,#8180,#8181,#8190,#8198,#8207,#8215,#8223,
    #8231,#8240,#8248,#8257));
#8179 = ORIENTED_EDGE('',*,*,#7276,.F.);
#8180 = ORIENTED_EDGE('',*,*,#7236,.T.);
#8181 = ORIENTED_EDGE('',*,*,#8182,.T.);
#8182 = EDGE_CURVE('',#7237,#8183,#8185,.T.);
#8183 = VERTEX_POINT('',#8184);
#8184 = CARTESIAN_POINT('',(2.85,-0.44,0.7));
#8185 = CIRCLE('',#8186,0.1);
#8186 = AXIS2_PLACEMENT_3D('',#8187,#8188,#8189);
#8187 = CARTESIAN_POINT('',(2.75,-0.44,0.7));
#8188 = DIRECTION('',(2.22044604925E-16,1.,0.));
#8189 = DIRECTION('',(4.440892098501E-15,-9.860761315262E-31,1.));
#8190 = ORIENTED_EDGE('',*,*,#8191,.T.);
#8191 = EDGE_CURVE('',#8183,#8192,#8194,.T.);
#8192 = VERTEX_POINT('',#8193);
#8193 = CARTESIAN_POINT('',(2.85,-0.44,0.2));
#8194 = LINE('',#8195,#8196);
#8195 = CARTESIAN_POINT('',(2.85,-0.44,0.7));
#8196 = VECTOR('',#8197,1.);
#8197 = DIRECTION('',(0.,-0.,-1.));
#8198 = ORIENTED_EDGE('',*,*,#8199,.T.);
#8199 = EDGE_CURVE('',#8192,#8200,#8202,.T.);
#8200 = VERTEX_POINT('',#8201);
#8201 = CARTESIAN_POINT('',(3.05,-0.44,-8.326672684689E-17));
#8202 = CIRCLE('',#8203,0.2);
#8203 = AXIS2_PLACEMENT_3D('',#8204,#8205,#8206);
#8204 = CARTESIAN_POINT('',(3.05,-0.44,0.2));
#8205 = DIRECTION('',(-2.22044604925E-16,-1.,0.));
#8206 = DIRECTION('',(-1.,2.22044604925E-16,1.387778780781E-16));
#8207 = ORIENTED_EDGE('',*,*,#8208,.T.);
#8208 = EDGE_CURVE('',#8200,#8209,#8211,.T.);
#8209 = VERTEX_POINT('',#8210);
#8210 = CARTESIAN_POINT('',(4.2,-0.44,-8.326672684689E-17));
#8211 = LINE('',#8212,#8213);
#8212 = CARTESIAN_POINT('',(3.05,-0.44,-8.326672684689E-17));
#8213 = VECTOR('',#8214,1.);
#8214 = DIRECTION('',(1.,-2.22044604925E-16,0.));
#8215 = ORIENTED_EDGE('',*,*,#8216,.T.);
#8216 = EDGE_CURVE('',#8209,#8217,#8219,.T.);
#8217 = VERTEX_POINT('',#8218);
#8218 = CARTESIAN_POINT('',(4.2,-0.44,0.1));
#8219 = LINE('',#8220,#8221);
#8220 = CARTESIAN_POINT('',(4.2,-0.44,-8.326672684689E-17));
#8221 = VECTOR('',#8222,1.);
#8222 = DIRECTION('',(0.,0.,1.));
#8223 = ORIENTED_EDGE('',*,*,#8224,.T.);
#8224 = EDGE_CURVE('',#8217,#8225,#8227,.T.);
#8225 = VERTEX_POINT('',#8226);
#8226 = CARTESIAN_POINT('',(3.05,-0.44,0.1));
#8227 = LINE('',#8228,#8229);
#8228 = CARTESIAN_POINT('',(4.2,-0.44,0.1));
#8229 = VECTOR('',#8230,1.);
#8230 = DIRECTION('',(-1.,2.22044604925E-16,0.));
#8231 = ORIENTED_EDGE('',*,*,#8232,.T.);
#8232 = EDGE_CURVE('',#8225,#8233,#8235,.T.);
#8233 = VERTEX_POINT('',#8234);
#8234 = CARTESIAN_POINT('',(2.95,-0.44,0.2));
#8235 = CIRCLE('',#8236,0.1);
#8236 = AXIS2_PLACEMENT_3D('',#8237,#8238,#8239);
#8237 = CARTESIAN_POINT('',(3.05,-0.44,0.2));
#8238 = DIRECTION('',(2.22044604925E-16,1.,0.));
#8239 = DIRECTION('',(0.,0.,-1.));
#8240 = ORIENTED_EDGE('',*,*,#8241,.T.);
#8241 = EDGE_CURVE('',#8233,#8242,#8244,.T.);
#8242 = VERTEX_POINT('',#8243);
#8243 = CARTESIAN_POINT('',(2.95,-0.44,0.7));
#8244 = LINE('',#8245,#8246);
#8245 = CARTESIAN_POINT('',(2.95,-0.44,0.2));
#8246 = VECTOR('',#8247,1.);
#8247 = DIRECTION('',(0.,0.,1.));
#8248 = ORIENTED_EDGE('',*,*,#8249,.T.);
#8249 = EDGE_CURVE('',#8242,#8250,#8252,.T.);
#8250 = VERTEX_POINT('',#8251);
#8251 = CARTESIAN_POINT('',(2.75,-0.44,0.9));
#8252 = CIRCLE('',#8253,0.2);
#8253 = AXIS2_PLACEMENT_3D('',#8254,#8255,#8256);
#8254 = CARTESIAN_POINT('',(2.75,-0.44,0.7));
#8255 = DIRECTION('',(-2.22044604925E-16,-1.,0.));
#8256 = DIRECTION('',(1.,-2.22044604925E-16,4.440892098501E-15));
#8257 = ORIENTED_EDGE('',*,*,#8258,.T.);
#8258 = EDGE_CURVE('',#8250,#7277,#8259,.T.);
#8259 = LINE('',#8260,#8261);
#8260 = CARTESIAN_POINT('',(2.75,-0.44,0.9));
#8261 = VECTOR('',#8262,1.);
#8262 = DIRECTION('',(-1.,2.22044604925E-16,0.));
#8263 = PLANE('',#8264);
#8264 = AXIS2_PLACEMENT_3D('',#8265,#8266,#8267);
#8265 = CARTESIAN_POINT('',(3.228483899678,-0.44,0.304007155699));
#8266 = DIRECTION('',(-2.22044604925E-16,-1.,0.));
#8267 = DIRECTION('',(0.,0.,1.));
#8268 = ADVANCED_FACE('',(#8269),#8280,.F.);
#8269 = FACE_BOUND('',#8270,.F.);
#8270 = EDGE_LOOP('',(#8271,#8272,#8273,#8279));
#8271 = ORIENTED_EDGE('',*,*,#7253,.T.);
#8272 = ORIENTED_EDGE('',*,*,#7959,.T.);
#8273 = ORIENTED_EDGE('',*,*,#8274,.F.);
#8274 = EDGE_CURVE('',#8183,#7960,#8275,.T.);
#8275 = LINE('',#8276,#8277);
#8276 = CARTESIAN_POINT('',(2.85,-0.44,0.7));
#8277 = VECTOR('',#8278,1.);
#8278 = DIRECTION('',(-2.22044604925E-16,-1.,0.));
#8279 = ORIENTED_EDGE('',*,*,#8182,.F.);
#8280 = CYLINDRICAL_SURFACE('',#8281,0.1);
#8281 = AXIS2_PLACEMENT_3D('',#8282,#8283,#8284);
#8282 = CARTESIAN_POINT('',(2.75,-0.44,0.7));
#8283 = DIRECTION('',(2.22044604925E-16,1.,0.));
#8284 = DIRECTION('',(4.440892098501E-15,-9.860761315262E-31,1.));
#8285 = ADVANCED_FACE('',(#8286),#8302,.F.);
#8286 = FACE_BOUND('',#8287,.F.);
#8287 = EDGE_LOOP('',(#8288,#8294,#8295,#8301));
#8288 = ORIENTED_EDGE('',*,*,#8289,.F.);
#8289 = EDGE_CURVE('',#7268,#7355,#8290,.T.);
#8290 = LINE('',#8291,#8292);
#8291 = CARTESIAN_POINT('',(2.75,0.44,0.9));
#8292 = VECTOR('',#8293,1.);
#8293 = DIRECTION('',(-1.,2.22044604925E-16,0.));
#8294 = ORIENTED_EDGE('',*,*,#7284,.T.);
#8295 = ORIENTED_EDGE('',*,*,#8296,.T.);
#8296 = EDGE_CURVE('',#7277,#7363,#8297,.T.);
#8297 = LINE('',#8298,#8299);
#8298 = CARTESIAN_POINT('',(2.75,-0.44,0.9));
#8299 = VECTOR('',#8300,1.);
#8300 = DIRECTION('',(-1.,2.22044604925E-16,0.));
#8301 = ORIENTED_EDGE('',*,*,#7362,.F.);
#8302 = B_SPLINE_SURFACE_WITH_KNOTS('',1,1,(
    (#8303,#8304)
    ,(#8305,#8306
    )),.UNSPECIFIED.,.F.,.F.,.F.,(2,2),(2,2),(0.,5.85),(0.,1.),
  .PIECEWISE_BEZIER_KNOTS.);
#8303 = CARTESIAN_POINT('',(2.65,2.925,0.9));
#8304 = CARTESIAN_POINT('',(2.575,2.8875,0.9));
#8305 = CARTESIAN_POINT('',(2.65,-2.925,0.9));
#8306 = CARTESIAN_POINT('',(2.575,-2.8875,0.9));
#8307 = ADVANCED_FACE('',(#8308),#8325,.F.);
#8308 = FACE_BOUND('',#8309,.F.);
#8309 = EDGE_LOOP('',(#8310,#8311,#8312,#8320));
#8310 = ORIENTED_EDGE('',*,*,#7300,.T.);
#8311 = ORIENTED_EDGE('',*,*,#7321,.T.);
#8312 = ORIENTED_EDGE('',*,*,#8313,.F.);
#8313 = EDGE_CURVE('',#8314,#7322,#8316,.T.);
#8314 = VERTEX_POINT('',#8315);
#8315 = CARTESIAN_POINT('',(2.4375,3.025,0.9));
#8316 = LINE('',#8317,#8318);
#8317 = CARTESIAN_POINT('',(2.4375,3.025,0.9));
#8318 = VECTOR('',#8319,1.);
#8319 = DIRECTION('',(0.707106781187,-0.707106781187,0.));
#8320 = ORIENTED_EDGE('',*,*,#8321,.F.);
#8321 = EDGE_CURVE('',#7301,#8314,#8322,.T.);
#8322 = B_SPLINE_CURVE_WITH_KNOTS('',1,(#8323,#8324),.UNSPECIFIED.,.F.,
  .F.,(2,2),(0.,1.),.PIECEWISE_BEZIER_KNOTS.);
#8323 = CARTESIAN_POINT('',(2.475,3.1,0.9));
#8324 = CARTESIAN_POINT('',(2.4375,3.025,0.9));
#8325 = B_SPLINE_SURFACE_WITH_KNOTS('',1,1,(
    (#8326,#8327)
    ,(#8328,#8329
    )),.UNSPECIFIED.,.F.,.F.,.F.,(2,2),(2,2),(0.,0.247487373415),(0.,1.)
  ,.PIECEWISE_BEZIER_KNOTS.);
#8326 = CARTESIAN_POINT('',(2.475,3.1,0.9));
#8327 = CARTESIAN_POINT('',(2.4375,3.025,0.9));
#8328 = CARTESIAN_POINT('',(2.65,2.925,0.9));
#8329 = CARTESIAN_POINT('',(2.575,2.8875,0.9));
#8330 = ADVANCED_FACE('',(#8331),#8348,.F.);
#8331 = FACE_BOUND('',#8332,.F.);
#8332 = EDGE_LOOP('',(#8333,#8334,#8335,#8343));
#8333 = ORIENTED_EDGE('',*,*,#7541,.T.);
#8334 = ORIENTED_EDGE('',*,*,#7308,.T.);
#8335 = ORIENTED_EDGE('',*,*,#8336,.F.);
#8336 = EDGE_CURVE('',#8337,#7301,#8339,.T.);
#8337 = VERTEX_POINT('',#8338);
#8338 = CARTESIAN_POINT('',(-2.475,3.1,0.9));
#8339 = LINE('',#8340,#8341);
#8340 = CARTESIAN_POINT('',(-2.475,3.1,0.9));
#8341 = VECTOR('',#8342,1.);
#8342 = DIRECTION('',(1.,-2.22044604925E-16,0.));
#8343 = ORIENTED_EDGE('',*,*,#8344,.F.);
#8344 = EDGE_CURVE('',#7542,#8337,#8345,.T.);
#8345 = B_SPLINE_CURVE_WITH_KNOTS('',1,(#8346,#8347),.UNSPECIFIED.,.F.,
  .F.,(2,2),(0.,1.),.PIECEWISE_BEZIER_KNOTS.);
#8346 = CARTESIAN_POINT('',(-2.475,3.1,0.8));
#8347 = CARTESIAN_POINT('',(-2.475,3.1,0.9));
#8348 = PLANE('',#8349);
#8349 = AXIS2_PLACEMENT_3D('',#8350,#8351,#8352);
#8350 = CARTESIAN_POINT('',(-2.475,3.1,0.9));
#8351 = DIRECTION('',(-2.22044604925E-16,-1.,0.));
#8352 = DIRECTION('',(1.,-2.22044604925E-16,0.));
#8353 = ADVANCED_FACE('',(#8354),#8371,.F.);
#8354 = FACE_BOUND('',#8355,.F.);
#8355 = EDGE_LOOP('',(#8356,#8357,#8358,#8366));
#8356 = ORIENTED_EDGE('',*,*,#8313,.T.);
#8357 = ORIENTED_EDGE('',*,*,#7417,.T.);
#8358 = ORIENTED_EDGE('',*,*,#8359,.F.);
#8359 = EDGE_CURVE('',#8360,#7410,#8362,.T.);
#8360 = VERTEX_POINT('',#8361);
#8361 = CARTESIAN_POINT('',(2.382065445886,2.914130891773,1.6));
#8362 = LINE('',#8363,#8364);
#8363 = CARTESIAN_POINT('',(2.382065445886,2.914130891773,1.6));
#8364 = VECTOR('',#8365,1.);
#8365 = DIRECTION('',(0.707106781187,-0.707106781187,0.));
#8366 = ORIENTED_EDGE('',*,*,#8367,.F.);
#8367 = EDGE_CURVE('',#8314,#8360,#8368,.T.);
#8368 = B_SPLINE_CURVE_WITH_KNOTS('',1,(#8369,#8370),.UNSPECIFIED.,.F.,
  .F.,(2,2),(0.,1.),.PIECEWISE_BEZIER_KNOTS.);
#8369 = CARTESIAN_POINT('',(2.4375,3.025,0.9));
#8370 = CARTESIAN_POINT('',(2.382065445886,2.914130891773,1.6));
#8371 = B_SPLINE_SURFACE_WITH_KNOTS('',1,1,(
    (#8372,#8373)
    ,(#8374,#8375
    )),.UNSPECIFIED.,.F.,.F.,.F.,(2,2),(2,2),(0.,0.194454364826),(0.,1.)
  ,.PIECEWISE_BEZIER_KNOTS.);
#8372 = CARTESIAN_POINT('',(2.4375,3.025,0.9));
#8373 = CARTESIAN_POINT('',(2.382065445886,2.914130891773,1.6));
#8374 = CARTESIAN_POINT('',(2.575,2.8875,0.9));
#8375 = CARTESIAN_POINT('',(2.464130891773,2.832065445886,1.6));
#8376 = ADVANCED_FACE('',(#8377,#8427),#8438,.T.);
#8377 = FACE_BOUND('',#8378,.T.);
#8378 = EDGE_LOOP('',(#8379,#8387,#8395,#8403,#8411,#8419,#8425,#8426));
#8379 = ORIENTED_EDGE('',*,*,#8380,.F.);
#8380 = EDGE_CURVE('',#8381,#8360,#8383,.T.);
#8381 = VERTEX_POINT('',#8382);
#8382 = CARTESIAN_POINT('',(-2.382065445886,2.914130891773,1.6));
#8383 = LINE('',#8384,#8385);
#8384 = CARTESIAN_POINT('',(-2.382065445886,2.914130891773,1.6));
#8385 = VECTOR('',#8386,1.);
#8386 = DIRECTION('',(1.,-2.22044604925E-16,0.));
#8387 = ORIENTED_EDGE('',*,*,#8388,.F.);
#8388 = EDGE_CURVE('',#8389,#8381,#8391,.T.);
#8389 = VERTEX_POINT('',#8390);
#8390 = CARTESIAN_POINT('',(-2.464130891773,2.832065445886,1.6));
#8391 = LINE('',#8392,#8393);
#8392 = CARTESIAN_POINT('',(-2.464130891773,2.832065445886,1.6));
#8393 = VECTOR('',#8394,1.);
#8394 = DIRECTION('',(0.707106781187,0.707106781187,0.));
#8395 = ORIENTED_EDGE('',*,*,#8396,.F.);
#8396 = EDGE_CURVE('',#8397,#8389,#8399,.T.);
#8397 = VERTEX_POINT('',#8398);
#8398 = CARTESIAN_POINT('',(-2.464130891773,-2.832065445886,1.6));
#8399 = LINE('',#8400,#8401);
#8400 = CARTESIAN_POINT('',(-2.464130891773,-2.832065445886,1.6));
#8401 = VECTOR('',#8402,1.);
#8402 = DIRECTION('',(2.22044604925E-16,1.,0.));
#8403 = ORIENTED_EDGE('',*,*,#8404,.F.);
#8404 = EDGE_CURVE('',#8405,#8397,#8407,.T.);
#8405 = VERTEX_POINT('',#8406);
#8406 = CARTESIAN_POINT('',(-2.382065445886,-2.914130891773,1.6));
#8407 = LINE('',#8408,#8409);
#8408 = CARTESIAN_POINT('',(-2.382065445886,-2.914130891773,1.6));
#8409 = VECTOR('',#8410,1.);
#8410 = DIRECTION('',(-0.707106781187,0.707106781187,0.));
#8411 = ORIENTED_EDGE('',*,*,#8412,.F.);
#8412 = EDGE_CURVE('',#8413,#8405,#8415,.T.);
#8413 = VERTEX_POINT('',#8414);
#8414 = CARTESIAN_POINT('',(2.382065445886,-2.914130891773,1.6));
#8415 = LINE('',#8416,#8417);
#8416 = CARTESIAN_POINT('',(2.382065445886,-2.914130891773,1.6));
#8417 = VECTOR('',#8418,1.);
#8418 = DIRECTION('',(-1.,2.22044604925E-16,0.));
#8419 = ORIENTED_EDGE('',*,*,#8420,.F.);
#8420 = EDGE_CURVE('',#7403,#8413,#8421,.T.);
#8421 = LINE('',#8422,#8423);
#8422 = CARTESIAN_POINT('',(2.464130891773,-2.832065445886,1.6));
#8423 = VECTOR('',#8424,1.);
#8424 = DIRECTION('',(-0.707106781187,-0.707106781187,0.));
#8425 = ORIENTED_EDGE('',*,*,#7409,.F.);
#8426 = ORIENTED_EDGE('',*,*,#8359,.F.);
#8427 = FACE_BOUND('',#8428,.T.);
#8428 = EDGE_LOOP('',(#8429));
#8429 = ORIENTED_EDGE('',*,*,#8430,.F.);
#8430 = EDGE_CURVE('',#8431,#8431,#8433,.T.);
#8431 = VERTEX_POINT('',#8432);
#8432 = CARTESIAN_POINT('',(-1.564130891773,1.814130891773,1.6));
#8433 = CIRCLE('',#8434,0.2);
#8434 = AXIS2_PLACEMENT_3D('',#8435,#8436,#8437);
#8435 = CARTESIAN_POINT('',(-1.564130891773,2.014130891773,1.6));
#8436 = DIRECTION('',(0.,0.,1.));
#8437 = DIRECTION('',(-2.22044604925E-16,-1.,0.));
#8438 = PLANE('',#8439);
#8439 = AXIS2_PLACEMENT_3D('',#8440,#8441,#8442);
#8440 = CARTESIAN_POINT('',(-2.382065445886,2.914130891773,1.6));
#8441 = DIRECTION('',(0.,0.,1.));
#8442 = DIRECTION('',(0.632883861408,-0.774246742305,0.));
#8443 = ADVANCED_FACE('',(#8444),#8461,.F.);
#8444 = FACE_BOUND('',#8445,.F.);
#8445 = EDGE_LOOP('',(#8446,#8454,#8459,#8460));
#8446 = ORIENTED_EDGE('',*,*,#8447,.T.);
#8447 = EDGE_CURVE('',#7395,#8448,#8450,.T.);
#8448 = VERTEX_POINT('',#8449);
#8449 = CARTESIAN_POINT('',(2.4375,-3.025,0.9));
#8450 = LINE('',#8451,#8452);
#8451 = CARTESIAN_POINT('',(2.575,-2.8875,0.9));
#8452 = VECTOR('',#8453,1.);
#8453 = DIRECTION('',(-0.707106781187,-0.707106781187,0.));
#8454 = ORIENTED_EDGE('',*,*,#8455,.T.);
#8455 = EDGE_CURVE('',#8448,#8413,#8456,.T.);
#8456 = B_SPLINE_CURVE_WITH_KNOTS('',1,(#8457,#8458),.UNSPECIFIED.,.F.,
  .F.,(2,2),(0.,1.),.PIECEWISE_BEZIER_KNOTS.);
#8457 = CARTESIAN_POINT('',(2.4375,-3.025,0.9));
#8458 = CARTESIAN_POINT('',(2.382065445886,-2.914130891773,1.6));
#8459 = ORIENTED_EDGE('',*,*,#8420,.F.);
#8460 = ORIENTED_EDGE('',*,*,#7402,.F.);
#8461 = B_SPLINE_SURFACE_WITH_KNOTS('',1,1,(
    (#8462,#8463)
    ,(#8464,#8465
    )),.UNSPECIFIED.,.F.,.F.,.F.,(2,2),(2,2),(0.,0.194454364826),(0.,1.)
  ,.PIECEWISE_BEZIER_KNOTS.);
#8462 = CARTESIAN_POINT('',(2.575,-2.8875,0.9));
#8463 = CARTESIAN_POINT('',(2.464130891773,-2.832065445886,1.6));
#8464 = CARTESIAN_POINT('',(2.4375,-3.025,0.9));
#8465 = CARTESIAN_POINT('',(2.382065445886,-2.914130891773,1.6));
#8466 = ADVANCED_FACE('',(#8467),#8480,.F.);
#8467 = FACE_BOUND('',#8468,.F.);
#8468 = EDGE_LOOP('',(#8469,#8470,#8476,#8477,#8478,#8479));
#8469 = ORIENTED_EDGE('',*,*,#7525,.F.);
#8470 = ORIENTED_EDGE('',*,*,#8471,.T.);
#8471 = EDGE_CURVE('',#7517,#8158,#8472,.T.);
#8472 = LINE('',#8473,#8474);
#8473 = CARTESIAN_POINT('',(2.75,0.83,0.9));
#8474 = VECTOR('',#8475,1.);
#8475 = DIRECTION('',(-2.22044604925E-16,-1.,0.));
#8476 = ORIENTED_EDGE('',*,*,#8166,.T.);
#8477 = ORIENTED_EDGE('',*,*,#8289,.T.);
#8478 = ORIENTED_EDGE('',*,*,#7354,.F.);
#8479 = ORIENTED_EDGE('',*,*,#7432,.F.);
#8480 = PLANE('',#8481);
#8481 = AXIS2_PLACEMENT_3D('',#8482,#8483,#8484);
#8482 = CARTESIAN_POINT('',(2.75,0.83,0.9));
#8483 = DIRECTION('',(0.,-0.,-1.));
#8484 = DIRECTION('',(-1.,2.22044604925E-16,-0.));
#8485 = ADVANCED_FACE('',(#8486),#8499,.F.);
#8486 = FACE_BOUND('',#8487,.F.);
#8487 = EDGE_LOOP('',(#8488,#8489,#8495,#8496,#8497,#8498));
#8488 = ORIENTED_EDGE('',*,*,#7926,.F.);
#8489 = ORIENTED_EDGE('',*,*,#8490,.T.);
#8490 = EDGE_CURVE('',#7918,#7805,#8491,.T.);
#8491 = LINE('',#8492,#8493);
#8492 = CARTESIAN_POINT('',(2.75,-1.71,0.9));
#8493 = VECTOR('',#8494,1.);
#8494 = DIRECTION('',(-2.22044604925E-16,-1.,0.));
#8495 = ORIENTED_EDGE('',*,*,#7813,.T.);
#8496 = ORIENTED_EDGE('',*,*,#7827,.T.);
#8497 = ORIENTED_EDGE('',*,*,#7386,.F.);
#8498 = ORIENTED_EDGE('',*,*,#8056,.F.);
#8499 = PLANE('',#8500);
#8500 = AXIS2_PLACEMENT_3D('',#8501,#8502,#8503);
#8501 = CARTESIAN_POINT('',(2.75,-1.71,0.9));
#8502 = DIRECTION('',(0.,-0.,-1.));
#8503 = DIRECTION('',(-1.,2.22044604925E-16,-0.));
#8504 = ADVANCED_FACE('',(#8505),#8518,.F.);
#8505 = FACE_BOUND('',#8506,.F.);
#8506 = EDGE_LOOP('',(#8507,#8508,#8514,#8515,#8516,#8517));
#8507 = ORIENTED_EDGE('',*,*,#8258,.F.);
#8508 = ORIENTED_EDGE('',*,*,#8509,.T.);
#8509 = EDGE_CURVE('',#8250,#8027,#8510,.T.);
#8510 = LINE('',#8511,#8512);
#8511 = CARTESIAN_POINT('',(2.75,-0.44,0.9));
#8512 = VECTOR('',#8513,1.);
#8513 = DIRECTION('',(-2.22044604925E-16,-1.,0.));
#8514 = ORIENTED_EDGE('',*,*,#8035,.T.);
#8515 = ORIENTED_EDGE('',*,*,#8049,.T.);
#8516 = ORIENTED_EDGE('',*,*,#7370,.F.);
#8517 = ORIENTED_EDGE('',*,*,#8296,.F.);
#8518 = PLANE('',#8519);
#8519 = AXIS2_PLACEMENT_3D('',#8520,#8521,#8522);
#8520 = CARTESIAN_POINT('',(2.75,-0.44,0.9));
#8521 = DIRECTION('',(0.,-0.,-1.));
#8522 = DIRECTION('',(-1.,2.22044604925E-16,-0.));
#8523 = ADVANCED_FACE('',(#8524),#8535,.T.);
#8524 = FACE_BOUND('',#8525,.T.);
#8525 = EDGE_LOOP('',(#8526,#8527,#8528,#8529));
#8526 = ORIENTED_EDGE('',*,*,#7516,.T.);
#8527 = ORIENTED_EDGE('',*,*,#8471,.T.);
#8528 = ORIENTED_EDGE('',*,*,#8157,.F.);
#8529 = ORIENTED_EDGE('',*,*,#8530,.F.);
#8530 = EDGE_CURVE('',#7509,#8150,#8531,.T.);
#8531 = LINE('',#8532,#8533);
#8532 = CARTESIAN_POINT('',(2.95,0.83,0.7));
#8533 = VECTOR('',#8534,1.);
#8534 = DIRECTION('',(-2.22044604925E-16,-1.,0.));
#8535 = CYLINDRICAL_SURFACE('',#8536,0.2);
#8536 = AXIS2_PLACEMENT_3D('',#8537,#8538,#8539);
#8537 = CARTESIAN_POINT('',(2.75,0.83,0.7));
#8538 = DIRECTION('',(2.22044604925E-16,1.,-0.));
#8539 = DIRECTION('',(1.,-2.22044604925E-16,4.440892098501E-15));
#8540 = ADVANCED_FACE('',(#8541),#8552,.F.);
#8541 = FACE_BOUND('',#8542,.F.);
#8542 = EDGE_LOOP('',(#8543,#8549,#8550,#8551));
#8543 = ORIENTED_EDGE('',*,*,#8544,.T.);
#8544 = EDGE_CURVE('',#7500,#8141,#8545,.T.);
#8545 = LINE('',#8546,#8547);
#8546 = CARTESIAN_POINT('',(2.95,0.83,0.2));
#8547 = VECTOR('',#8548,1.);
#8548 = DIRECTION('',(-2.22044604925E-16,-1.,0.));
#8549 = ORIENTED_EDGE('',*,*,#8149,.T.);
#8550 = ORIENTED_EDGE('',*,*,#8530,.F.);
#8551 = ORIENTED_EDGE('',*,*,#7508,.F.);
#8552 = PLANE('',#8553);
#8553 = AXIS2_PLACEMENT_3D('',#8554,#8555,#8556);
#8554 = CARTESIAN_POINT('',(2.95,0.83,0.2));
#8555 = DIRECTION('',(-1.,2.22044604925E-16,0.));
#8556 = DIRECTION('',(0.,0.,1.));
#8557 = ADVANCED_FACE('',(#8558),#8569,.F.);
#8558 = FACE_BOUND('',#8559,.F.);
#8559 = EDGE_LOOP('',(#8560,#8566,#8567,#8568));
#8560 = ORIENTED_EDGE('',*,*,#8561,.T.);
#8561 = EDGE_CURVE('',#7492,#8133,#8562,.T.);
#8562 = LINE('',#8563,#8564);
#8563 = CARTESIAN_POINT('',(3.05,0.83,0.1));
#8564 = VECTOR('',#8565,1.);
#8565 = DIRECTION('',(-2.22044604925E-16,-1.,0.));
#8566 = ORIENTED_EDGE('',*,*,#8140,.T.);
#8567 = ORIENTED_EDGE('',*,*,#8544,.F.);
#8568 = ORIENTED_EDGE('',*,*,#7499,.F.);
#8569 = CYLINDRICAL_SURFACE('',#8570,0.1);
#8570 = AXIS2_PLACEMENT_3D('',#8571,#8572,#8573);
#8571 = CARTESIAN_POINT('',(3.05,0.83,0.2));
#8572 = DIRECTION('',(2.22044604925E-16,1.,0.));
#8573 = DIRECTION('',(0.,0.,-1.));
#8574 = ADVANCED_FACE('',(#8575),#8586,.F.);
#8575 = FACE_BOUND('',#8576,.F.);
#8576 = EDGE_LOOP('',(#8577,#8583,#8584,#8585));
#8577 = ORIENTED_EDGE('',*,*,#8578,.T.);
#8578 = EDGE_CURVE('',#7484,#8125,#8579,.T.);
#8579 = LINE('',#8580,#8581);
#8580 = CARTESIAN_POINT('',(4.2,0.83,0.1));
#8581 = VECTOR('',#8582,1.);
#8582 = DIRECTION('',(-2.22044604925E-16,-1.,0.));
#8583 = ORIENTED_EDGE('',*,*,#8132,.T.);
#8584 = ORIENTED_EDGE('',*,*,#8561,.F.);
#8585 = ORIENTED_EDGE('',*,*,#7491,.F.);
#8586 = PLANE('',#8587);
#8587 = AXIS2_PLACEMENT_3D('',#8588,#8589,#8590);
#8588 = CARTESIAN_POINT('',(4.2,0.83,0.1));
#8589 = DIRECTION('',(0.,-0.,-1.));
#8590 = DIRECTION('',(-1.,2.22044604925E-16,-0.));
#8591 = ADVANCED_FACE('',(#8592),#8603,.F.);
#8592 = FACE_BOUND('',#8593,.F.);
#8593 = EDGE_LOOP('',(#8594,#8600,#8601,#8602));
#8594 = ORIENTED_EDGE('',*,*,#8595,.T.);
#8595 = EDGE_CURVE('',#7476,#8117,#8596,.T.);
#8596 = LINE('',#8597,#8598);
#8597 = CARTESIAN_POINT('',(4.2,0.83,-8.326672684689E-17));
#8598 = VECTOR('',#8599,1.);
#8599 = DIRECTION('',(-2.22044604925E-16,-1.,0.));
#8600 = ORIENTED_EDGE('',*,*,#8124,.T.);
#8601 = ORIENTED_EDGE('',*,*,#8578,.F.);
#8602 = ORIENTED_EDGE('',*,*,#7483,.F.);
#8603 = PLANE('',#8604);
#8604 = AXIS2_PLACEMENT_3D('',#8605,#8606,#8607);
#8605 = CARTESIAN_POINT('',(4.2,0.83,-8.326672684689E-17));
#8606 = DIRECTION('',(-1.,2.22044604925E-16,0.));
#8607 = DIRECTION('',(0.,0.,1.));
#8608 = ADVANCED_FACE('',(#8609),#8620,.F.);
#8609 = FACE_BOUND('',#8610,.F.);
#8610 = EDGE_LOOP('',(#8611,#8617,#8618,#8619));
#8611 = ORIENTED_EDGE('',*,*,#8612,.T.);
#8612 = EDGE_CURVE('',#7467,#8108,#8613,.T.);
#8613 = LINE('',#8614,#8615);
#8614 = CARTESIAN_POINT('',(3.05,0.83,-8.326672684689E-17));
#8615 = VECTOR('',#8616,1.);
#8616 = DIRECTION('',(-2.22044604925E-16,-1.,0.));
#8617 = ORIENTED_EDGE('',*,*,#8116,.T.);
#8618 = ORIENTED_EDGE('',*,*,#8595,.F.);
#8619 = ORIENTED_EDGE('',*,*,#7475,.F.);
#8620 = PLANE('',#8621);
#8621 = AXIS2_PLACEMENT_3D('',#8622,#8623,#8624);
#8622 = CARTESIAN_POINT('',(3.05,0.83,-8.326672684689E-17));
#8623 = DIRECTION('',(0.,0.,1.));
#8624 = DIRECTION('',(1.,-2.22044604925E-16,0.));
#8625 = ADVANCED_FACE('',(#8626),#8637,.T.);
#8626 = FACE_BOUND('',#8627,.T.);
#8627 = EDGE_LOOP('',(#8628,#8629,#8630,#8631));
#8628 = ORIENTED_EDGE('',*,*,#7466,.T.);
#8629 = ORIENTED_EDGE('',*,*,#8612,.T.);
#8630 = ORIENTED_EDGE('',*,*,#8107,.F.);
#8631 = ORIENTED_EDGE('',*,*,#8632,.F.);
#8632 = EDGE_CURVE('',#7459,#8100,#8633,.T.);
#8633 = LINE('',#8634,#8635);
#8634 = CARTESIAN_POINT('',(2.85,0.83,0.2));
#8635 = VECTOR('',#8636,1.);
#8636 = DIRECTION('',(-2.22044604925E-16,-1.,0.));
#8637 = CYLINDRICAL_SURFACE('',#8638,0.2);
#8638 = AXIS2_PLACEMENT_3D('',#8639,#8640,#8641);
#8639 = CARTESIAN_POINT('',(3.05,0.83,0.2));
#8640 = DIRECTION('',(2.22044604925E-16,1.,-0.));
#8641 = DIRECTION('',(-1.,2.22044604925E-16,1.387778780781E-16));
#8642 = ADVANCED_FACE('',(#8643),#8649,.F.);
#8643 = FACE_BOUND('',#8644,.F.);
#8644 = EDGE_LOOP('',(#8645,#8646,#8647,#8648));
#8645 = ORIENTED_EDGE('',*,*,#8081,.T.);
#8646 = ORIENTED_EDGE('',*,*,#8099,.T.);
#8647 = ORIENTED_EDGE('',*,*,#8632,.F.);
#8648 = ORIENTED_EDGE('',*,*,#7458,.F.);
#8649 = PLANE('',#8650);
#8650 = AXIS2_PLACEMENT_3D('',#8651,#8652,#8653);
#8651 = CARTESIAN_POINT('',(2.85,0.83,0.7));
#8652 = DIRECTION('',(1.,-2.22044604925E-16,0.));
#8653 = DIRECTION('',(0.,-0.,-1.));
#8654 = ADVANCED_FACE('',(#8655),#8672,.F.);
#8655 = FACE_BOUND('',#8656,.F.);
#8656 = EDGE_LOOP('',(#8657,#8658,#8665,#8671));
#8657 = ORIENTED_EDGE('',*,*,#7570,.T.);
#8658 = ORIENTED_EDGE('',*,*,#8659,.T.);
#8659 = EDGE_CURVE('',#7564,#8660,#8662,.T.);
#8660 = VERTEX_POINT('',#8661);
#8661 = CARTESIAN_POINT('',(-2.475,-3.1,0.9));
#8662 = B_SPLINE_CURVE_WITH_KNOTS('',1,(#8663,#8664),.UNSPECIFIED.,.F.,
  .F.,(2,2),(0.,1.),.PIECEWISE_BEZIER_KNOTS.);
#8663 = CARTESIAN_POINT('',(-2.475,-3.1,0.8));
#8664 = CARTESIAN_POINT('',(-2.475,-3.1,0.9));
#8665 = ORIENTED_EDGE('',*,*,#8666,.F.);
#8666 = EDGE_CURVE('',#7714,#8660,#8667,.T.);
#8667 = LINE('',#8668,#8669);
#8668 = CARTESIAN_POINT('',(2.475,-3.1,0.9));
#8669 = VECTOR('',#8670,1.);
#8670 = DIRECTION('',(-1.,2.22044604925E-16,0.));
#8671 = ORIENTED_EDGE('',*,*,#7713,.F.);
#8672 = PLANE('',#8673);
#8673 = AXIS2_PLACEMENT_3D('',#8674,#8675,#8676);
#8674 = CARTESIAN_POINT('',(2.475,-3.1,0.9));
#8675 = DIRECTION('',(2.22044604925E-16,1.,0.));
#8676 = DIRECTION('',(-1.,2.22044604925E-16,0.));
#8677 = ADVANCED_FACE('',(#8678),#8695,.F.);
#8678 = FACE_BOUND('',#8679,.F.);
#8679 = EDGE_LOOP('',(#8680,#8681,#8688,#8694));
#8680 = ORIENTED_EDGE('',*,*,#7593,.T.);
#8681 = ORIENTED_EDGE('',*,*,#8682,.T.);
#8682 = EDGE_CURVE('',#7587,#8683,#8685,.T.);
#8683 = VERTEX_POINT('',#8684);
#8684 = CARTESIAN_POINT('',(-2.65,-2.925,0.9));
#8685 = B_SPLINE_CURVE_WITH_KNOTS('',1,(#8686,#8687),.UNSPECIFIED.,.F.,
  .F.,(2,2),(0.,1.),.PIECEWISE_BEZIER_KNOTS.);
#8686 = CARTESIAN_POINT('',(-2.65,-2.925,0.8));
#8687 = CARTESIAN_POINT('',(-2.65,-2.925,0.9));
#8688 = ORIENTED_EDGE('',*,*,#8689,.F.);
#8689 = EDGE_CURVE('',#8660,#8683,#8690,.T.);
#8690 = LINE('',#8691,#8692);
#8691 = CARTESIAN_POINT('',(-2.475,-3.1,0.9));
#8692 = VECTOR('',#8693,1.);
#8693 = DIRECTION('',(-0.707106781187,0.707106781187,0.));
#8694 = ORIENTED_EDGE('',*,*,#8659,.F.);
#8695 = PLANE('',#8696);
#8696 = AXIS2_PLACEMENT_3D('',#8697,#8698,#8699);
#8697 = CARTESIAN_POINT('',(-2.475,-3.1,0.9));
#8698 = DIRECTION('',(0.707106781187,0.707106781187,0.));
#8699 = DIRECTION('',(-0.707106781187,0.707106781187,0.));
#8700 = ADVANCED_FACE('',(#8701),#8719,.F.);
#8701 = FACE_BOUND('',#8702,.F.);
#8702 = EDGE_LOOP('',(#8703,#8704,#8705,#8713));
#8703 = ORIENTED_EDGE('',*,*,#8682,.F.);
#8704 = ORIENTED_EDGE('',*,*,#7680,.T.);
#8705 = ORIENTED_EDGE('',*,*,#8706,.T.);
#8706 = EDGE_CURVE('',#7673,#8707,#8709,.T.);
#8707 = VERTEX_POINT('',#8708);
#8708 = CARTESIAN_POINT('',(-2.65,-2.1,0.9));
#8709 = LINE('',#8710,#8711);
#8710 = CARTESIAN_POINT('',(-2.65,-2.1,0.602003577849));
#8711 = VECTOR('',#8712,1.);
#8712 = DIRECTION('',(0.,0.,1.));
#8713 = ORIENTED_EDGE('',*,*,#8714,.F.);
#8714 = EDGE_CURVE('',#8683,#8707,#8715,.T.);
#8715 = LINE('',#8716,#8717);
#8716 = CARTESIAN_POINT('',(-2.65,-2.925,0.9));
#8717 = VECTOR('',#8718,1.);
#8718 = DIRECTION('',(2.22044604925E-16,1.,0.));
#8719 = PLANE('',#8720);
#8720 = AXIS2_PLACEMENT_3D('',#8721,#8722,#8723);
#8721 = CARTESIAN_POINT('',(-2.65,-2.925,0.9));
#8722 = DIRECTION('',(1.,-2.22044604925E-16,0.));
#8723 = DIRECTION('',(2.22044604925E-16,1.,0.));
#8724 = ADVANCED_FACE('',(#8725),#8749,.F.);
#8725 = FACE_BOUND('',#8726,.F.);
#8726 = EDGE_LOOP('',(#8727,#8735,#8736,#8743));
#8727 = ORIENTED_EDGE('',*,*,#8728,.F.);
#8728 = EDGE_CURVE('',#7617,#8729,#8731,.T.);
#8729 = VERTEX_POINT('',#8730);
#8730 = CARTESIAN_POINT('',(-2.65,2.1,0.9));
#8731 = LINE('',#8732,#8733);
#8732 = CARTESIAN_POINT('',(-2.65,2.1,0.602003577849));
#8733 = VECTOR('',#8734,1.);
#8734 = DIRECTION('',(0.,0.,1.));
#8735 = ORIENTED_EDGE('',*,*,#7616,.T.);
#8736 = ORIENTED_EDGE('',*,*,#8737,.T.);
#8737 = EDGE_CURVE('',#7610,#8738,#8740,.T.);
#8738 = VERTEX_POINT('',#8739);
#8739 = CARTESIAN_POINT('',(-2.65,2.925,0.9));
#8740 = B_SPLINE_CURVE_WITH_KNOTS('',1,(#8741,#8742),.UNSPECIFIED.,.F.,
  .F.,(2,2),(0.,1.),.PIECEWISE_BEZIER_KNOTS.);
#8741 = CARTESIAN_POINT('',(-2.65,2.925,0.8));
#8742 = CARTESIAN_POINT('',(-2.65,2.925,0.9));
#8743 = ORIENTED_EDGE('',*,*,#8744,.F.);
#8744 = EDGE_CURVE('',#8729,#8738,#8745,.T.);
#8745 = LINE('',#8746,#8747);
#8746 = CARTESIAN_POINT('',(-2.65,-2.925,0.9));
#8747 = VECTOR('',#8748,1.);
#8748 = DIRECTION('',(2.22044604925E-16,1.,0.));
#8749 = PLANE('',#8750);
#8750 = AXIS2_PLACEMENT_3D('',#8751,#8752,#8753);
#8751 = CARTESIAN_POINT('',(-2.65,-2.925,0.9));
#8752 = DIRECTION('',(1.,-2.22044604925E-16,0.));
#8753 = DIRECTION('',(2.22044604925E-16,1.,0.));
#8754 = ADVANCED_FACE('',(#8755),#8780,.F.);
#8755 = FACE_BOUND('',#8756,.F.);
#8756 = EDGE_LOOP('',(#8757,#8765,#8766,#8774));
#8757 = ORIENTED_EDGE('',*,*,#8758,.F.);
#8758 = EDGE_CURVE('',#7673,#8759,#8761,.T.);
#8759 = VERTEX_POINT('',#8760);
#8760 = CARTESIAN_POINT('',(-2.75,-2.1,0.8));
#8761 = LINE('',#8762,#8763);
#8762 = CARTESIAN_POINT('',(-2.5,-2.1,0.8));
#8763 = VECTOR('',#8764,1.);
#8764 = DIRECTION('',(-1.,3.445092848398E-16,0.));
#8765 = ORIENTED_EDGE('',*,*,#7672,.T.);
#8766 = ORIENTED_EDGE('',*,*,#8767,.T.);
#8767 = EDGE_CURVE('',#7665,#8768,#8770,.T.);
#8768 = VERTEX_POINT('',#8769);
#8769 = CARTESIAN_POINT('',(-2.75,-1.71,0.8));
#8770 = LINE('',#8771,#8772);
#8771 = CARTESIAN_POINT('',(-2.5,-1.71,0.8));
#8772 = VECTOR('',#8773,1.);
#8773 = DIRECTION('',(-1.,3.445092848398E-16,0.));
#8774 = ORIENTED_EDGE('',*,*,#8775,.F.);
#8775 = EDGE_CURVE('',#8759,#8768,#8776,.T.);
#8776 = LINE('',#8777,#8778);
#8777 = CARTESIAN_POINT('',(-2.75,-2.1,0.8));
#8778 = VECTOR('',#8779,1.);
#8779 = DIRECTION('',(3.445092848398E-16,1.,0.));
#8780 = PLANE('',#8781);
#8781 = AXIS2_PLACEMENT_3D('',#8782,#8783,#8784);
#8782 = CARTESIAN_POINT('',(-2.5,-2.1,0.8));
#8783 = DIRECTION('',(0.,0.,1.));
#8784 = DIRECTION('',(-1.,3.445092848398E-16,0.));
#8785 = ADVANCED_FACE('',(#8786),#8811,.F.);
#8786 = FACE_BOUND('',#8787,.F.);
#8787 = EDGE_LOOP('',(#8788,#8796,#8797,#8805));
#8788 = ORIENTED_EDGE('',*,*,#8789,.F.);
#8789 = EDGE_CURVE('',#7625,#8790,#8792,.T.);
#8790 = VERTEX_POINT('',#8791);
#8791 = CARTESIAN_POINT('',(-2.75,1.71,0.8));
#8792 = LINE('',#8793,#8794);
#8793 = CARTESIAN_POINT('',(-2.5,1.71,0.8));
#8794 = VECTOR('',#8795,1.);
#8795 = DIRECTION('',(-1.,3.445092848398E-16,0.));
#8796 = ORIENTED_EDGE('',*,*,#7624,.T.);
#8797 = ORIENTED_EDGE('',*,*,#8798,.T.);
#8798 = EDGE_CURVE('',#7617,#8799,#8801,.T.);
#8799 = VERTEX_POINT('',#8800);
#8800 = CARTESIAN_POINT('',(-2.75,2.1,0.8));
#8801 = LINE('',#8802,#8803);
#8802 = CARTESIAN_POINT('',(-2.5,2.1,0.8));
#8803 = VECTOR('',#8804,1.);
#8804 = DIRECTION('',(-1.,3.445092848398E-16,0.));
#8805 = ORIENTED_EDGE('',*,*,#8806,.F.);
#8806 = EDGE_CURVE('',#8790,#8799,#8807,.T.);
#8807 = LINE('',#8808,#8809);
#8808 = CARTESIAN_POINT('',(-2.75,1.71,0.8));
#8809 = VECTOR('',#8810,1.);
#8810 = DIRECTION('',(3.445092848398E-16,1.,0.));
#8811 = PLANE('',#8812);
#8812 = AXIS2_PLACEMENT_3D('',#8813,#8814,#8815);
#8813 = CARTESIAN_POINT('',(-2.5,1.71,0.8));
#8814 = DIRECTION('',(0.,0.,1.));
#8815 = DIRECTION('',(-1.,3.445092848398E-16,0.));
#8816 = ADVANCED_FACE('',(#8817),#8842,.F.);
#8817 = FACE_BOUND('',#8818,.F.);
#8818 = EDGE_LOOP('',(#8819,#8827,#8828,#8836));
#8819 = ORIENTED_EDGE('',*,*,#8820,.F.);
#8820 = EDGE_CURVE('',#7665,#8821,#8823,.T.);
#8821 = VERTEX_POINT('',#8822);
#8822 = CARTESIAN_POINT('',(-2.65,-1.71,0.9));
#8823 = LINE('',#8824,#8825);
#8824 = CARTESIAN_POINT('',(-2.65,-1.71,0.602003577849));
#8825 = VECTOR('',#8826,1.);
#8826 = DIRECTION('',(0.,0.,1.));
#8827 = ORIENTED_EDGE('',*,*,#7664,.T.);
#8828 = ORIENTED_EDGE('',*,*,#8829,.T.);
#8829 = EDGE_CURVE('',#7657,#8830,#8832,.T.);
#8830 = VERTEX_POINT('',#8831);
#8831 = CARTESIAN_POINT('',(-2.65,-0.83,0.9));
#8832 = LINE('',#8833,#8834);
#8833 = CARTESIAN_POINT('',(-2.65,-0.83,0.602003577849));
#8834 = VECTOR('',#8835,1.);
#8835 = DIRECTION('',(0.,0.,1.));
#8836 = ORIENTED_EDGE('',*,*,#8837,.F.);
#8837 = EDGE_CURVE('',#8821,#8830,#8838,.T.);
#8838 = LINE('',#8839,#8840);
#8839 = CARTESIAN_POINT('',(-2.65,-2.925,0.9));
#8840 = VECTOR('',#8841,1.);
#8841 = DIRECTION('',(2.22044604925E-16,1.,0.));
#8842 = PLANE('',#8843);
#8843 = AXIS2_PLACEMENT_3D('',#8844,#8845,#8846);
#8844 = CARTESIAN_POINT('',(-2.65,-2.925,0.9));
#8845 = DIRECTION('',(1.,-2.22044604925E-16,0.));
#8846 = DIRECTION('',(2.22044604925E-16,1.,0.));
#8847 = ADVANCED_FACE('',(#8848),#8873,.F.);
#8848 = FACE_BOUND('',#8849,.F.);
#8849 = EDGE_LOOP('',(#8850,#8858,#8859,#8867));
#8850 = ORIENTED_EDGE('',*,*,#8851,.F.);
#8851 = EDGE_CURVE('',#7633,#8852,#8854,.T.);
#8852 = VERTEX_POINT('',#8853);
#8853 = CARTESIAN_POINT('',(-2.65,0.83,0.9));
#8854 = LINE('',#8855,#8856);
#8855 = CARTESIAN_POINT('',(-2.65,0.83,0.602003577849));
#8856 = VECTOR('',#8857,1.);
#8857 = DIRECTION('',(0.,0.,1.));
#8858 = ORIENTED_EDGE('',*,*,#7632,.T.);
#8859 = ORIENTED_EDGE('',*,*,#8860,.T.);
#8860 = EDGE_CURVE('',#7625,#8861,#8863,.T.);
#8861 = VERTEX_POINT('',#8862);
#8862 = CARTESIAN_POINT('',(-2.65,1.71,0.9));
#8863 = LINE('',#8864,#8865);
#8864 = CARTESIAN_POINT('',(-2.65,1.71,0.602003577849));
#8865 = VECTOR('',#8866,1.);
#8866 = DIRECTION('',(0.,0.,1.));
#8867 = ORIENTED_EDGE('',*,*,#8868,.F.);
#8868 = EDGE_CURVE('',#8852,#8861,#8869,.T.);
#8869 = LINE('',#8870,#8871);
#8870 = CARTESIAN_POINT('',(-2.65,-2.925,0.9));
#8871 = VECTOR('',#8872,1.);
#8872 = DIRECTION('',(2.22044604925E-16,1.,0.));
#8873 = PLANE('',#8874);
#8874 = AXIS2_PLACEMENT_3D('',#8875,#8876,#8877);
#8875 = CARTESIAN_POINT('',(-2.65,-2.925,0.9));
#8876 = DIRECTION('',(1.,-2.22044604925E-16,0.));
#8877 = DIRECTION('',(2.22044604925E-16,1.,0.));
#8878 = ADVANCED_FACE('',(#8879),#8904,.F.);
#8879 = FACE_BOUND('',#8880,.F.);
#8880 = EDGE_LOOP('',(#8881,#8889,#8890,#8898));
#8881 = ORIENTED_EDGE('',*,*,#8882,.F.);
#8882 = EDGE_CURVE('',#7657,#8883,#8885,.T.);
#8883 = VERTEX_POINT('',#8884);
#8884 = CARTESIAN_POINT('',(-2.75,-0.83,0.8));
#8885 = LINE('',#8886,#8887);
#8886 = CARTESIAN_POINT('',(-2.5,-0.83,0.8));
#8887 = VECTOR('',#8888,1.);
#8888 = DIRECTION('',(-1.,3.445092848398E-16,0.));
#8889 = ORIENTED_EDGE('',*,*,#7656,.T.);
#8890 = ORIENTED_EDGE('',*,*,#8891,.T.);
#8891 = EDGE_CURVE('',#7649,#8892,#8894,.T.);
#8892 = VERTEX_POINT('',#8893);
#8893 = CARTESIAN_POINT('',(-2.75,-0.44,0.8));
#8894 = LINE('',#8895,#8896);
#8895 = CARTESIAN_POINT('',(-2.5,-0.44,0.8));
#8896 = VECTOR('',#8897,1.);
#8897 = DIRECTION('',(-1.,3.445092848398E-16,0.));
#8898 = ORIENTED_EDGE('',*,*,#8899,.F.);
#8899 = EDGE_CURVE('',#8883,#8892,#8900,.T.);
#8900 = LINE('',#8901,#8902);
#8901 = CARTESIAN_POINT('',(-2.75,-0.83,0.8));
#8902 = VECTOR('',#8903,1.);
#8903 = DIRECTION('',(3.445092848398E-16,1.,0.));
#8904 = PLANE('',#8905);
#8905 = AXIS2_PLACEMENT_3D('',#8906,#8907,#8908);
#8906 = CARTESIAN_POINT('',(-2.5,-0.83,0.8));
#8907 = DIRECTION('',(0.,0.,1.));
#8908 = DIRECTION('',(-1.,3.445092848398E-16,0.));
#8909 = ADVANCED_FACE('',(#8910),#8935,.F.);
#8910 = FACE_BOUND('',#8911,.F.);
#8911 = EDGE_LOOP('',(#8912,#8920,#8921,#8929));
#8912 = ORIENTED_EDGE('',*,*,#8913,.F.);
#8913 = EDGE_CURVE('',#7641,#8914,#8916,.T.);
#8914 = VERTEX_POINT('',#8915);
#8915 = CARTESIAN_POINT('',(-2.75,0.44,0.8));
#8916 = LINE('',#8917,#8918);
#8917 = CARTESIAN_POINT('',(-2.5,0.44,0.8));
#8918 = VECTOR('',#8919,1.);
#8919 = DIRECTION('',(-1.,3.445092848398E-16,0.));
#8920 = ORIENTED_EDGE('',*,*,#7640,.T.);
#8921 = ORIENTED_EDGE('',*,*,#8922,.T.);
#8922 = EDGE_CURVE('',#7633,#8923,#8925,.T.);
#8923 = VERTEX_POINT('',#8924);
#8924 = CARTESIAN_POINT('',(-2.75,0.83,0.8));
#8925 = LINE('',#8926,#8927);
#8926 = CARTESIAN_POINT('',(-2.5,0.83,0.8));
#8927 = VECTOR('',#8928,1.);
#8928 = DIRECTION('',(-1.,3.445092848398E-16,0.));
#8929 = ORIENTED_EDGE('',*,*,#8930,.F.);
#8930 = EDGE_CURVE('',#8914,#8923,#8931,.T.);
#8931 = LINE('',#8932,#8933);
#8932 = CARTESIAN_POINT('',(-2.75,0.44,0.8));
#8933 = VECTOR('',#8934,1.);
#8934 = DIRECTION('',(3.445092848398E-16,1.,0.));
#8935 = PLANE('',#8936);
#8936 = AXIS2_PLACEMENT_3D('',#8937,#8938,#8939);
#8937 = CARTESIAN_POINT('',(-2.5,0.44,0.8));
#8938 = DIRECTION('',(0.,0.,1.));
#8939 = DIRECTION('',(-1.,3.445092848398E-16,0.));
#8940 = ADVANCED_FACE('',(#8941),#8966,.F.);
#8941 = FACE_BOUND('',#8942,.F.);
#8942 = EDGE_LOOP('',(#8943,#8951,#8952,#8960));
#8943 = ORIENTED_EDGE('',*,*,#8944,.F.);
#8944 = EDGE_CURVE('',#7649,#8945,#8947,.T.);
#8945 = VERTEX_POINT('',#8946);
#8946 = CARTESIAN_POINT('',(-2.65,-0.44,0.9));
#8947 = LINE('',#8948,#8949);
#8948 = CARTESIAN_POINT('',(-2.65,-0.44,0.602003577849));
#8949 = VECTOR('',#8950,1.);
#8950 = DIRECTION('',(0.,0.,1.));
#8951 = ORIENTED_EDGE('',*,*,#7648,.T.);
#8952 = ORIENTED_EDGE('',*,*,#8953,.T.);
#8953 = EDGE_CURVE('',#7641,#8954,#8956,.T.);
#8954 = VERTEX_POINT('',#8955);
#8955 = CARTESIAN_POINT('',(-2.65,0.44,0.9));
#8956 = LINE('',#8957,#8958);
#8957 = CARTESIAN_POINT('',(-2.65,0.44,0.602003577849));
#8958 = VECTOR('',#8959,1.);
#8959 = DIRECTION('',(0.,0.,1.));
#8960 = ORIENTED_EDGE('',*,*,#8961,.F.);
#8961 = EDGE_CURVE('',#8945,#8954,#8962,.T.);
#8962 = LINE('',#8963,#8964);
#8963 = CARTESIAN_POINT('',(-2.65,-2.925,0.9));
#8964 = VECTOR('',#8965,1.);
#8965 = DIRECTION('',(2.22044604925E-16,1.,0.));
#8966 = PLANE('',#8967);
#8967 = AXIS2_PLACEMENT_3D('',#8968,#8969,#8970);
#8968 = CARTESIAN_POINT('',(-2.65,-2.925,0.9));
#8969 = DIRECTION('',(1.,-2.22044604925E-16,0.));
#8970 = DIRECTION('',(2.22044604925E-16,1.,0.));
#8971 = ADVANCED_FACE('',(#8972),#8983,.F.);
#8972 = FACE_BOUND('',#8973,.F.);
#8973 = EDGE_LOOP('',(#8974,#8975,#8976,#8982));
#8974 = ORIENTED_EDGE('',*,*,#7697,.T.);
#8975 = ORIENTED_EDGE('',*,*,#8344,.T.);
#8976 = ORIENTED_EDGE('',*,*,#8977,.F.);
#8977 = EDGE_CURVE('',#8738,#8337,#8978,.T.);
#8978 = LINE('',#8979,#8980);
#8979 = CARTESIAN_POINT('',(-2.65,2.925,0.9));
#8980 = VECTOR('',#8981,1.);
#8981 = DIRECTION('',(0.707106781187,0.707106781187,0.));
#8982 = ORIENTED_EDGE('',*,*,#8737,.F.);
#8983 = PLANE('',#8984);
#8984 = AXIS2_PLACEMENT_3D('',#8985,#8986,#8987);
#8985 = CARTESIAN_POINT('',(-2.65,2.925,0.9));
#8986 = DIRECTION('',(0.707106781187,-0.707106781187,0.));
#8987 = DIRECTION('',(0.707106781187,0.707106781187,0.));
#8988 = ADVANCED_FACE('',(#8989),#8999,.F.);
#8989 = FACE_BOUND('',#8990,.F.);
#8990 = EDGE_LOOP('',(#8991,#8992,#8997,#8998));
#8991 = ORIENTED_EDGE('',*,*,#7720,.T.);
#8992 = ORIENTED_EDGE('',*,*,#8993,.T.);
#8993 = EDGE_CURVE('',#7714,#8448,#8994,.T.);
#8994 = B_SPLINE_CURVE_WITH_KNOTS('',1,(#8995,#8996),.UNSPECIFIED.,.F.,
  .F.,(2,2),(0.,1.),.PIECEWISE_BEZIER_KNOTS.);
#8995 = CARTESIAN_POINT('',(2.475,-3.1,0.9));
#8996 = CARTESIAN_POINT('',(2.4375,-3.025,0.9));
#8997 = ORIENTED_EDGE('',*,*,#8447,.F.);
#8998 = ORIENTED_EDGE('',*,*,#7834,.F.);
#8999 = B_SPLINE_SURFACE_WITH_KNOTS('',1,1,(
    (#9000,#9001)
    ,(#9002,#9003
    )),.UNSPECIFIED.,.F.,.F.,.F.,(2,2),(2,2),(0.,0.247487373415),(0.,1.)
  ,.PIECEWISE_BEZIER_KNOTS.);
#9000 = CARTESIAN_POINT('',(2.65,-2.925,0.9));
#9001 = CARTESIAN_POINT('',(2.575,-2.8875,0.9));
#9002 = CARTESIAN_POINT('',(2.475,-3.1,0.9));
#9003 = CARTESIAN_POINT('',(2.4375,-3.025,0.9));
#9004 = ADVANCED_FACE('',(#9005),#9016,.T.);
#9005 = FACE_BOUND('',#9006,.T.);
#9006 = EDGE_LOOP('',(#9007,#9008,#9009,#9010));
#9007 = ORIENTED_EDGE('',*,*,#7917,.T.);
#9008 = ORIENTED_EDGE('',*,*,#8490,.T.);
#9009 = ORIENTED_EDGE('',*,*,#7804,.F.);
#9010 = ORIENTED_EDGE('',*,*,#9011,.F.);
#9011 = EDGE_CURVE('',#7910,#7797,#9012,.T.);
#9012 = LINE('',#9013,#9014);
#9013 = CARTESIAN_POINT('',(2.95,-1.71,0.7));
#9014 = VECTOR('',#9015,1.);
#9015 = DIRECTION('',(-2.22044604925E-16,-1.,0.));
#9016 = CYLINDRICAL_SURFACE('',#9017,0.2);
#9017 = AXIS2_PLACEMENT_3D('',#9018,#9019,#9020);
#9018 = CARTESIAN_POINT('',(2.75,-1.71,0.7));
#9019 = DIRECTION('',(2.22044604925E-16,1.,-0.));
#9020 = DIRECTION('',(1.,-2.22044604925E-16,4.440892098501E-15));
#9021 = ADVANCED_FACE('',(#9022),#9033,.F.);
#9022 = FACE_BOUND('',#9023,.F.);
#9023 = EDGE_LOOP('',(#9024,#9030,#9031,#9032));
#9024 = ORIENTED_EDGE('',*,*,#9025,.T.);
#9025 = EDGE_CURVE('',#7901,#7788,#9026,.T.);
#9026 = LINE('',#9027,#9028);
#9027 = CARTESIAN_POINT('',(2.95,-1.71,0.2));
#9028 = VECTOR('',#9029,1.);
#9029 = DIRECTION('',(-2.22044604925E-16,-1.,0.));
#9030 = ORIENTED_EDGE('',*,*,#7796,.T.);
#9031 = ORIENTED_EDGE('',*,*,#9011,.F.);
#9032 = ORIENTED_EDGE('',*,*,#7909,.F.);
#9033 = PLANE('',#9034);
#9034 = AXIS2_PLACEMENT_3D('',#9035,#9036,#9037);
#9035 = CARTESIAN_POINT('',(2.95,-1.71,0.2));
#9036 = DIRECTION('',(-1.,2.22044604925E-16,0.));
#9037 = DIRECTION('',(0.,0.,1.));
#9038 = ADVANCED_FACE('',(#9039),#9050,.F.);
#9039 = FACE_BOUND('',#9040,.F.);
#9040 = EDGE_LOOP('',(#9041,#9047,#9048,#9049));
#9041 = ORIENTED_EDGE('',*,*,#9042,.T.);
#9042 = EDGE_CURVE('',#7893,#7780,#9043,.T.);
#9043 = LINE('',#9044,#9045);
#9044 = CARTESIAN_POINT('',(3.05,-1.71,0.1));
#9045 = VECTOR('',#9046,1.);
#9046 = DIRECTION('',(-2.22044604925E-16,-1.,0.));
#9047 = ORIENTED_EDGE('',*,*,#7787,.T.);
#9048 = ORIENTED_EDGE('',*,*,#9025,.F.);
#9049 = ORIENTED_EDGE('',*,*,#7900,.F.);
#9050 = CYLINDRICAL_SURFACE('',#9051,0.1);
#9051 = AXIS2_PLACEMENT_3D('',#9052,#9053,#9054);
#9052 = CARTESIAN_POINT('',(3.05,-1.71,0.2));
#9053 = DIRECTION('',(2.22044604925E-16,1.,0.));
#9054 = DIRECTION('',(0.,0.,-1.));
#9055 = ADVANCED_FACE('',(#9056),#9067,.F.);
#9056 = FACE_BOUND('',#9057,.F.);
#9057 = EDGE_LOOP('',(#9058,#9064,#9065,#9066));
#9058 = ORIENTED_EDGE('',*,*,#9059,.T.);
#9059 = EDGE_CURVE('',#7885,#7772,#9060,.T.);
#9060 = LINE('',#9061,#9062);
#9061 = CARTESIAN_POINT('',(4.2,-1.71,0.1));
#9062 = VECTOR('',#9063,1.);
#9063 = DIRECTION('',(-2.22044604925E-16,-1.,0.));
#9064 = ORIENTED_EDGE('',*,*,#7779,.T.);
#9065 = ORIENTED_EDGE('',*,*,#9042,.F.);
#9066 = ORIENTED_EDGE('',*,*,#7892,.F.);
#9067 = PLANE('',#9068);
#9068 = AXIS2_PLACEMENT_3D('',#9069,#9070,#9071);
#9069 = CARTESIAN_POINT('',(4.2,-1.71,0.1));
#9070 = DIRECTION('',(0.,-0.,-1.));
#9071 = DIRECTION('',(-1.,2.22044604925E-16,-0.));
#9072 = ADVANCED_FACE('',(#9073),#9084,.F.);
#9073 = FACE_BOUND('',#9074,.F.);
#9074 = EDGE_LOOP('',(#9075,#9081,#9082,#9083));
#9075 = ORIENTED_EDGE('',*,*,#9076,.T.);
#9076 = EDGE_CURVE('',#7877,#7764,#9077,.T.);
#9077 = LINE('',#9078,#9079);
#9078 = CARTESIAN_POINT('',(4.2,-1.71,-8.326672684689E-17));
#9079 = VECTOR('',#9080,1.);
#9080 = DIRECTION('',(-2.22044604925E-16,-1.,0.));
#9081 = ORIENTED_EDGE('',*,*,#7771,.T.);
#9082 = ORIENTED_EDGE('',*,*,#9059,.F.);
#9083 = ORIENTED_EDGE('',*,*,#7884,.F.);
#9084 = PLANE('',#9085);
#9085 = AXIS2_PLACEMENT_3D('',#9086,#9087,#9088);
#9086 = CARTESIAN_POINT('',(4.2,-1.71,-8.326672684689E-17));
#9087 = DIRECTION('',(-1.,2.22044604925E-16,0.));
#9088 = DIRECTION('',(0.,0.,1.));
#9089 = ADVANCED_FACE('',(#9090),#9101,.F.);
#9090 = FACE_BOUND('',#9091,.F.);
#9091 = EDGE_LOOP('',(#9092,#9098,#9099,#9100));
#9092 = ORIENTED_EDGE('',*,*,#9093,.T.);
#9093 = EDGE_CURVE('',#7868,#7755,#9094,.T.);
#9094 = LINE('',#9095,#9096);
#9095 = CARTESIAN_POINT('',(3.05,-1.71,-8.326672684689E-17));
#9096 = VECTOR('',#9097,1.);
#9097 = DIRECTION('',(-2.22044604925E-16,-1.,0.));
#9098 = ORIENTED_EDGE('',*,*,#7763,.T.);
#9099 = ORIENTED_EDGE('',*,*,#9076,.F.);
#9100 = ORIENTED_EDGE('',*,*,#7876,.F.);
#9101 = PLANE('',#9102);
#9102 = AXIS2_PLACEMENT_3D('',#9103,#9104,#9105);
#9103 = CARTESIAN_POINT('',(3.05,-1.71,-8.326672684689E-17));
#9104 = DIRECTION('',(0.,0.,1.));
#9105 = DIRECTION('',(1.,-2.22044604925E-16,0.));
#9106 = ADVANCED_FACE('',(#9107),#9118,.T.);
#9107 = FACE_BOUND('',#9108,.T.);
#9108 = EDGE_LOOP('',(#9109,#9110,#9111,#9112));
#9109 = ORIENTED_EDGE('',*,*,#7867,.T.);
#9110 = ORIENTED_EDGE('',*,*,#9093,.T.);
#9111 = ORIENTED_EDGE('',*,*,#7754,.F.);
#9112 = ORIENTED_EDGE('',*,*,#9113,.F.);
#9113 = EDGE_CURVE('',#7860,#7747,#9114,.T.);
#9114 = LINE('',#9115,#9116);
#9115 = CARTESIAN_POINT('',(2.85,-1.71,0.2));
#9116 = VECTOR('',#9117,1.);
#9117 = DIRECTION('',(-2.22044604925E-16,-1.,0.));
#9118 = CYLINDRICAL_SURFACE('',#9119,0.2);
#9119 = AXIS2_PLACEMENT_3D('',#9120,#9121,#9122);
#9120 = CARTESIAN_POINT('',(3.05,-1.71,0.2));
#9121 = DIRECTION('',(2.22044604925E-16,1.,-0.));
#9122 = DIRECTION('',(-1.,2.22044604925E-16,1.387778780781E-16));
#9123 = ADVANCED_FACE('',(#9124),#9130,.F.);
#9124 = FACE_BOUND('',#9125,.F.);
#9125 = EDGE_LOOP('',(#9126,#9127,#9128,#9129));
#9126 = ORIENTED_EDGE('',*,*,#7942,.T.);
#9127 = ORIENTED_EDGE('',*,*,#7746,.T.);
#9128 = ORIENTED_EDGE('',*,*,#9113,.F.);
#9129 = ORIENTED_EDGE('',*,*,#7859,.F.);
#9130 = PLANE('',#9131);
#9131 = AXIS2_PLACEMENT_3D('',#9132,#9133,#9134);
#9132 = CARTESIAN_POINT('',(2.85,-1.71,0.7));
#9133 = DIRECTION('',(1.,-2.22044604925E-16,0.));
#9134 = DIRECTION('',(0.,-0.,-1.));
#9135 = ADVANCED_FACE('',(#9136),#9147,.T.);
#9136 = FACE_BOUND('',#9137,.T.);
#9137 = EDGE_LOOP('',(#9138,#9139,#9140,#9141));
#9138 = ORIENTED_EDGE('',*,*,#8249,.T.);
#9139 = ORIENTED_EDGE('',*,*,#8509,.T.);
#9140 = ORIENTED_EDGE('',*,*,#8026,.F.);
#9141 = ORIENTED_EDGE('',*,*,#9142,.F.);
#9142 = EDGE_CURVE('',#8242,#8019,#9143,.T.);
#9143 = LINE('',#9144,#9145);
#9144 = CARTESIAN_POINT('',(2.95,-0.44,0.7));
#9145 = VECTOR('',#9146,1.);
#9146 = DIRECTION('',(-2.22044604925E-16,-1.,0.));
#9147 = CYLINDRICAL_SURFACE('',#9148,0.2);
#9148 = AXIS2_PLACEMENT_3D('',#9149,#9150,#9151);
#9149 = CARTESIAN_POINT('',(2.75,-0.44,0.7));
#9150 = DIRECTION('',(2.22044604925E-16,1.,-0.));
#9151 = DIRECTION('',(1.,-2.22044604925E-16,4.440892098501E-15));
#9152 = ADVANCED_FACE('',(#9153),#9164,.F.);
#9153 = FACE_BOUND('',#9154,.F.);
#9154 = EDGE_LOOP('',(#9155,#9161,#9162,#9163));
#9155 = ORIENTED_EDGE('',*,*,#9156,.T.);
#9156 = EDGE_CURVE('',#8233,#8010,#9157,.T.);
#9157 = LINE('',#9158,#9159);
#9158 = CARTESIAN_POINT('',(2.95,-0.44,0.2));
#9159 = VECTOR('',#9160,1.);
#9160 = DIRECTION('',(-2.22044604925E-16,-1.,0.));
#9161 = ORIENTED_EDGE('',*,*,#8018,.T.);
#9162 = ORIENTED_EDGE('',*,*,#9142,.F.);
#9163 = ORIENTED_EDGE('',*,*,#8241,.F.);
#9164 = PLANE('',#9165);
#9165 = AXIS2_PLACEMENT_3D('',#9166,#9167,#9168);
#9166 = CARTESIAN_POINT('',(2.95,-0.44,0.2));
#9167 = DIRECTION('',(-1.,2.22044604925E-16,0.));
#9168 = DIRECTION('',(0.,0.,1.));
#9169 = ADVANCED_FACE('',(#9170),#9181,.F.);
#9170 = FACE_BOUND('',#9171,.F.);
#9171 = EDGE_LOOP('',(#9172,#9178,#9179,#9180));
#9172 = ORIENTED_EDGE('',*,*,#9173,.T.);
#9173 = EDGE_CURVE('',#8225,#8002,#9174,.T.);
#9174 = LINE('',#9175,#9176);
#9175 = CARTESIAN_POINT('',(3.05,-0.44,0.1));
#9176 = VECTOR('',#9177,1.);
#9177 = DIRECTION('',(-2.22044604925E-16,-1.,0.));
#9178 = ORIENTED_EDGE('',*,*,#8009,.T.);
#9179 = ORIENTED_EDGE('',*,*,#9156,.F.);
#9180 = ORIENTED_EDGE('',*,*,#8232,.F.);
#9181 = CYLINDRICAL_SURFACE('',#9182,0.1);
#9182 = AXIS2_PLACEMENT_3D('',#9183,#9184,#9185);
#9183 = CARTESIAN_POINT('',(3.05,-0.44,0.2));
#9184 = DIRECTION('',(2.22044604925E-16,1.,0.));
#9185 = DIRECTION('',(0.,0.,-1.));
#9186 = ADVANCED_FACE('',(#9187),#9198,.F.);
#9187 = FACE_BOUND('',#9188,.F.);
#9188 = EDGE_LOOP('',(#9189,#9195,#9196,#9197));
#9189 = ORIENTED_EDGE('',*,*,#9190,.T.);
#9190 = EDGE_CURVE('',#8217,#7994,#9191,.T.);
#9191 = LINE('',#9192,#9193);
#9192 = CARTESIAN_POINT('',(4.2,-0.44,0.1));
#9193 = VECTOR('',#9194,1.);
#9194 = DIRECTION('',(-2.22044604925E-16,-1.,0.));
#9195 = ORIENTED_EDGE('',*,*,#8001,.T.);
#9196 = ORIENTED_EDGE('',*,*,#9173,.F.);
#9197 = ORIENTED_EDGE('',*,*,#8224,.F.);
#9198 = PLANE('',#9199);
#9199 = AXIS2_PLACEMENT_3D('',#9200,#9201,#9202);
#9200 = CARTESIAN_POINT('',(4.2,-0.44,0.1));
#9201 = DIRECTION('',(0.,-0.,-1.));
#9202 = DIRECTION('',(-1.,2.22044604925E-16,-0.));
#9203 = ADVANCED_FACE('',(#9204),#9215,.F.);
#9204 = FACE_BOUND('',#9205,.F.);
#9205 = EDGE_LOOP('',(#9206,#9212,#9213,#9214));
#9206 = ORIENTED_EDGE('',*,*,#9207,.T.);
#9207 = EDGE_CURVE('',#8209,#7986,#9208,.T.);
#9208 = LINE('',#9209,#9210);
#9209 = CARTESIAN_POINT('',(4.2,-0.44,-8.326672684689E-17));
#9210 = VECTOR('',#9211,1.);
#9211 = DIRECTION('',(-2.22044604925E-16,-1.,0.));
#9212 = ORIENTED_EDGE('',*,*,#7993,.T.);
#9213 = ORIENTED_EDGE('',*,*,#9190,.F.);
#9214 = ORIENTED_EDGE('',*,*,#8216,.F.);
#9215 = PLANE('',#9216);
#9216 = AXIS2_PLACEMENT_3D('',#9217,#9218,#9219);
#9217 = CARTESIAN_POINT('',(4.2,-0.44,-8.326672684689E-17));
#9218 = DIRECTION('',(-1.,2.22044604925E-16,0.));
#9219 = DIRECTION('',(0.,0.,1.));
#9220 = ADVANCED_FACE('',(#9221),#9232,.F.);
#9221 = FACE_BOUND('',#9222,.F.);
#9222 = EDGE_LOOP('',(#9223,#9229,#9230,#9231));
#9223 = ORIENTED_EDGE('',*,*,#9224,.T.);
#9224 = EDGE_CURVE('',#8200,#7977,#9225,.T.);
#9225 = LINE('',#9226,#9227);
#9226 = CARTESIAN_POINT('',(3.05,-0.44,-8.326672684689E-17));
#9227 = VECTOR('',#9228,1.);
#9228 = DIRECTION('',(-2.22044604925E-16,-1.,0.));
#9229 = ORIENTED_EDGE('',*,*,#7985,.T.);
#9230 = ORIENTED_EDGE('',*,*,#9207,.F.);
#9231 = ORIENTED_EDGE('',*,*,#8208,.F.);
#9232 = PLANE('',#9233);
#9233 = AXIS2_PLACEMENT_3D('',#9234,#9235,#9236);
#9234 = CARTESIAN_POINT('',(3.05,-0.44,-8.326672684689E-17));
#9235 = DIRECTION('',(0.,0.,1.));
#9236 = DIRECTION('',(1.,-2.22044604925E-16,0.));
#9237 = ADVANCED_FACE('',(#9238),#9249,.T.);
#9238 = FACE_BOUND('',#9239,.T.);
#9239 = EDGE_LOOP('',(#9240,#9241,#9242,#9243));
#9240 = ORIENTED_EDGE('',*,*,#8199,.T.);
#9241 = ORIENTED_EDGE('',*,*,#9224,.T.);
#9242 = ORIENTED_EDGE('',*,*,#7976,.F.);
#9243 = ORIENTED_EDGE('',*,*,#9244,.F.);
#9244 = EDGE_CURVE('',#8192,#7969,#9245,.T.);
#9245 = LINE('',#9246,#9247);
#9246 = CARTESIAN_POINT('',(2.85,-0.44,0.2));
#9247 = VECTOR('',#9248,1.);
#9248 = DIRECTION('',(-2.22044604925E-16,-1.,0.));
#9249 = CYLINDRICAL_SURFACE('',#9250,0.2);
#9250 = AXIS2_PLACEMENT_3D('',#9251,#9252,#9253);
#9251 = CARTESIAN_POINT('',(3.05,-0.44,0.2));
#9252 = DIRECTION('',(2.22044604925E-16,1.,-0.));
#9253 = DIRECTION('',(-1.,2.22044604925E-16,1.387778780781E-16));
#9254 = ADVANCED_FACE('',(#9255),#9261,.F.);
#9255 = FACE_BOUND('',#9256,.F.);
#9256 = EDGE_LOOP('',(#9257,#9258,#9259,#9260));
#9257 = ORIENTED_EDGE('',*,*,#8274,.T.);
#9258 = ORIENTED_EDGE('',*,*,#7968,.T.);
#9259 = ORIENTED_EDGE('',*,*,#9244,.F.);
#9260 = ORIENTED_EDGE('',*,*,#8191,.F.);
#9261 = PLANE('',#9262);
#9262 = AXIS2_PLACEMENT_3D('',#9263,#9264,#9265);
#9263 = CARTESIAN_POINT('',(2.85,-0.44,0.7));
#9264 = DIRECTION('',(1.,-2.22044604925E-16,0.));
#9265 = DIRECTION('',(0.,-0.,-1.));
#9266 = ADVANCED_FACE('',(#9267),#9284,.F.);
#9267 = FACE_BOUND('',#9268,.F.);
#9268 = EDGE_LOOP('',(#9269,#9270,#9271,#9279));
#9269 = ORIENTED_EDGE('',*,*,#8336,.T.);
#9270 = ORIENTED_EDGE('',*,*,#8321,.T.);
#9271 = ORIENTED_EDGE('',*,*,#9272,.F.);
#9272 = EDGE_CURVE('',#9273,#8314,#9275,.T.);
#9273 = VERTEX_POINT('',#9274);
#9274 = CARTESIAN_POINT('',(-2.4375,3.025,0.9));
#9275 = LINE('',#9276,#9277);
#9276 = CARTESIAN_POINT('',(-2.4375,3.025,0.9));
#9277 = VECTOR('',#9278,1.);
#9278 = DIRECTION('',(1.,-2.22044604925E-16,0.));
#9279 = ORIENTED_EDGE('',*,*,#9280,.F.);
#9280 = EDGE_CURVE('',#8337,#9273,#9281,.T.);
#9281 = B_SPLINE_CURVE_WITH_KNOTS('',1,(#9282,#9283),.UNSPECIFIED.,.F.,
  .F.,(2,2),(0.,1.),.PIECEWISE_BEZIER_KNOTS.);
#9282 = CARTESIAN_POINT('',(-2.475,3.1,0.9));
#9283 = CARTESIAN_POINT('',(-2.4375,3.025,0.9));
#9284 = B_SPLINE_SURFACE_WITH_KNOTS('',1,1,(
    (#9285,#9286)
    ,(#9287,#9288
    )),.UNSPECIFIED.,.F.,.F.,.F.,(2,2),(2,2),(0.,4.95),(0.,1.),
  .PIECEWISE_BEZIER_KNOTS.);
#9285 = CARTESIAN_POINT('',(-2.475,3.1,0.9));
#9286 = CARTESIAN_POINT('',(-2.4375,3.025,0.9));
#9287 = CARTESIAN_POINT('',(2.475,3.1,0.9));
#9288 = CARTESIAN_POINT('',(2.4375,3.025,0.9));
#9289 = ADVANCED_FACE('',(#9290),#9300,.F.);
#9290 = FACE_BOUND('',#9291,.F.);
#9291 = EDGE_LOOP('',(#9292,#9293,#9294,#9295));
#9292 = ORIENTED_EDGE('',*,*,#9272,.T.);
#9293 = ORIENTED_EDGE('',*,*,#8367,.T.);
#9294 = ORIENTED_EDGE('',*,*,#8380,.F.);
#9295 = ORIENTED_EDGE('',*,*,#9296,.F.);
#9296 = EDGE_CURVE('',#9273,#8381,#9297,.T.);
#9297 = B_SPLINE_CURVE_WITH_KNOTS('',1,(#9298,#9299),.UNSPECIFIED.,.F.,
  .F.,(2,2),(0.,1.),.PIECEWISE_BEZIER_KNOTS.);
#9298 = CARTESIAN_POINT('',(-2.4375,3.025,0.9));
#9299 = CARTESIAN_POINT('',(-2.382065445886,2.914130891773,1.6));
#9300 = B_SPLINE_SURFACE_WITH_KNOTS('',1,1,(
    (#9301,#9302)
    ,(#9303,#9304
    )),.UNSPECIFIED.,.F.,.F.,.F.,(2,2),(2,2),(0.,4.875),(0.,1.),
  .PIECEWISE_BEZIER_KNOTS.);
#9301 = CARTESIAN_POINT('',(-2.4375,3.025,0.9));
#9302 = CARTESIAN_POINT('',(-2.382065445886,2.914130891773,1.6));
#9303 = CARTESIAN_POINT('',(2.4375,3.025,0.9));
#9304 = CARTESIAN_POINT('',(2.382065445886,2.914130891773,1.6));
#9305 = ADVANCED_FACE('',(#9306),#9323,.F.);
#9306 = FACE_BOUND('',#9307,.F.);
#9307 = EDGE_LOOP('',(#9308,#9316,#9317,#9318));
#9308 = ORIENTED_EDGE('',*,*,#9309,.T.);
#9309 = EDGE_CURVE('',#9310,#9273,#9312,.T.);
#9310 = VERTEX_POINT('',#9311);
#9311 = CARTESIAN_POINT('',(-2.575,2.8875,0.9));
#9312 = LINE('',#9313,#9314);
#9313 = CARTESIAN_POINT('',(-2.575,2.8875,0.9));
#9314 = VECTOR('',#9315,1.);
#9315 = DIRECTION('',(0.707106781187,0.707106781187,0.));
#9316 = ORIENTED_EDGE('',*,*,#9296,.T.);
#9317 = ORIENTED_EDGE('',*,*,#8388,.F.);
#9318 = ORIENTED_EDGE('',*,*,#9319,.F.);
#9319 = EDGE_CURVE('',#9310,#8389,#9320,.T.);
#9320 = B_SPLINE_CURVE_WITH_KNOTS('',1,(#9321,#9322),.UNSPECIFIED.,.F.,
  .F.,(2,2),(0.,1.),.PIECEWISE_BEZIER_KNOTS.);
#9321 = CARTESIAN_POINT('',(-2.575,2.8875,0.9));
#9322 = CARTESIAN_POINT('',(-2.464130891773,2.832065445886,1.6));
#9323 = B_SPLINE_SURFACE_WITH_KNOTS('',1,1,(
    (#9324,#9325)
    ,(#9326,#9327
    )),.UNSPECIFIED.,.F.,.F.,.F.,(2,2),(2,2),(0.,0.194454364826),(0.,1.)
  ,.PIECEWISE_BEZIER_KNOTS.);
#9324 = CARTESIAN_POINT('',(-2.575,2.8875,0.9));
#9325 = CARTESIAN_POINT('',(-2.464130891773,2.832065445886,1.6));
#9326 = CARTESIAN_POINT('',(-2.4375,3.025,0.9));
#9327 = CARTESIAN_POINT('',(-2.382065445886,2.914130891773,1.6));
#9328 = ADVANCED_FACE('',(#9329),#9410,.F.);
#9329 = FACE_BOUND('',#9330,.F.);
#9330 = EDGE_LOOP('',(#9331,#9341,#9349,#9357,#9365,#9373,#9381,#9389,
    #9397,#9403,#9404,#9405));
#9331 = ORIENTED_EDGE('',*,*,#9332,.T.);
#9332 = EDGE_CURVE('',#9333,#9335,#9337,.T.);
#9333 = VERTEX_POINT('',#9334);
#9334 = CARTESIAN_POINT('',(-2.575,-2.8875,0.9));
#9335 = VERTEX_POINT('',#9336);
#9336 = CARTESIAN_POINT('',(-2.575,-2.1,0.9));
#9337 = LINE('',#9338,#9339);
#9338 = CARTESIAN_POINT('',(-2.575,-2.8875,0.9));
#9339 = VECTOR('',#9340,1.);
#9340 = DIRECTION('',(2.22044604925E-16,1.,0.));
#9341 = ORIENTED_EDGE('',*,*,#9342,.T.);
#9342 = EDGE_CURVE('',#9335,#9343,#9345,.T.);
#9343 = VERTEX_POINT('',#9344);
#9344 = CARTESIAN_POINT('',(-2.575,-1.71,0.9));
#9345 = LINE('',#9346,#9347);
#9346 = CARTESIAN_POINT('',(-2.575,-2.8875,0.9));
#9347 = VECTOR('',#9348,1.);
#9348 = DIRECTION('',(2.22044604925E-16,1.,0.));
#9349 = ORIENTED_EDGE('',*,*,#9350,.T.);
#9350 = EDGE_CURVE('',#9343,#9351,#9353,.T.);
#9351 = VERTEX_POINT('',#9352);
#9352 = CARTESIAN_POINT('',(-2.575,-0.83,0.9));
#9353 = LINE('',#9354,#9355);
#9354 = CARTESIAN_POINT('',(-2.575,-2.8875,0.9));
#9355 = VECTOR('',#9356,1.);
#9356 = DIRECTION('',(2.22044604925E-16,1.,0.));
#9357 = ORIENTED_EDGE('',*,*,#9358,.T.);
#9358 = EDGE_CURVE('',#9351,#9359,#9361,.T.);
#9359 = VERTEX_POINT('',#9360);
#9360 = CARTESIAN_POINT('',(-2.575,-0.44,0.9));
#9361 = LINE('',#9362,#9363);
#9362 = CARTESIAN_POINT('',(-2.575,-2.8875,0.9));
#9363 = VECTOR('',#9364,1.);
#9364 = DIRECTION('',(2.22044604925E-16,1.,0.));
#9365 = ORIENTED_EDGE('',*,*,#9366,.T.);
#9366 = EDGE_CURVE('',#9359,#9367,#9369,.T.);
#9367 = VERTEX_POINT('',#9368);
#9368 = CARTESIAN_POINT('',(-2.575,0.44,0.9));
#9369 = LINE('',#9370,#9371);
#9370 = CARTESIAN_POINT('',(-2.575,-2.8875,0.9));
#9371 = VECTOR('',#9372,1.);
#9372 = DIRECTION('',(2.22044604925E-16,1.,0.));
#9373 = ORIENTED_EDGE('',*,*,#9374,.T.);
#9374 = EDGE_CURVE('',#9367,#9375,#9377,.T.);
#9375 = VERTEX_POINT('',#9376);
#9376 = CARTESIAN_POINT('',(-2.575,0.83,0.9));
#9377 = LINE('',#9378,#9379);
#9378 = CARTESIAN_POINT('',(-2.575,-2.8875,0.9));
#9379 = VECTOR('',#9380,1.);
#9380 = DIRECTION('',(2.22044604925E-16,1.,0.));
#9381 = ORIENTED_EDGE('',*,*,#9382,.T.);
#9382 = EDGE_CURVE('',#9375,#9383,#9385,.T.);
#9383 = VERTEX_POINT('',#9384);
#9384 = CARTESIAN_POINT('',(-2.575,1.71,0.9));
#9385 = LINE('',#9386,#9387);
#9386 = CARTESIAN_POINT('',(-2.575,-2.8875,0.9));
#9387 = VECTOR('',#9388,1.);
#9388 = DIRECTION('',(2.22044604925E-16,1.,0.));
#9389 = ORIENTED_EDGE('',*,*,#9390,.T.);
#9390 = EDGE_CURVE('',#9383,#9391,#9393,.T.);
#9391 = VERTEX_POINT('',#9392);
#9392 = CARTESIAN_POINT('',(-2.575,2.1,0.9));
#9393 = LINE('',#9394,#9395);
#9394 = CARTESIAN_POINT('',(-2.575,-2.8875,0.9));
#9395 = VECTOR('',#9396,1.);
#9396 = DIRECTION('',(2.22044604925E-16,1.,0.));
#9397 = ORIENTED_EDGE('',*,*,#9398,.T.);
#9398 = EDGE_CURVE('',#9391,#9310,#9399,.T.);
#9399 = LINE('',#9400,#9401);
#9400 = CARTESIAN_POINT('',(-2.575,-2.8875,0.9));
#9401 = VECTOR('',#9402,1.);
#9402 = DIRECTION('',(2.22044604925E-16,1.,0.));
#9403 = ORIENTED_EDGE('',*,*,#9319,.T.);
#9404 = ORIENTED_EDGE('',*,*,#8396,.F.);
#9405 = ORIENTED_EDGE('',*,*,#9406,.F.);
#9406 = EDGE_CURVE('',#9333,#8397,#9407,.T.);
#9407 = B_SPLINE_CURVE_WITH_KNOTS('',1,(#9408,#9409),.UNSPECIFIED.,.F.,
  .F.,(2,2),(0.,1.),.PIECEWISE_BEZIER_KNOTS.);
#9408 = CARTESIAN_POINT('',(-2.575,-2.8875,0.9));
#9409 = CARTESIAN_POINT('',(-2.464130891773,-2.832065445886,1.6));
#9410 = B_SPLINE_SURFACE_WITH_KNOTS('',1,1,(
    (#9411,#9412)
    ,(#9413,#9414
    )),.UNSPECIFIED.,.F.,.F.,.F.,(2,2),(2,2),(0.,5.775),(0.,1.),
  .PIECEWISE_BEZIER_KNOTS.);
#9411 = CARTESIAN_POINT('',(-2.575,-2.8875,0.9));
#9412 = CARTESIAN_POINT('',(-2.464130891773,-2.832065445886,1.6));
#9413 = CARTESIAN_POINT('',(-2.575,2.8875,0.9));
#9414 = CARTESIAN_POINT('',(-2.464130891773,2.832065445886,1.6));
#9415 = ADVANCED_FACE('',(#9416),#9433,.F.);
#9416 = FACE_BOUND('',#9417,.F.);
#9417 = EDGE_LOOP('',(#9418,#9426,#9427,#9428));
#9418 = ORIENTED_EDGE('',*,*,#9419,.T.);
#9419 = EDGE_CURVE('',#9420,#9333,#9422,.T.);
#9420 = VERTEX_POINT('',#9421);
#9421 = CARTESIAN_POINT('',(-2.4375,-3.025,0.9));
#9422 = LINE('',#9423,#9424);
#9423 = CARTESIAN_POINT('',(-2.4375,-3.025,0.9));
#9424 = VECTOR('',#9425,1.);
#9425 = DIRECTION('',(-0.707106781187,0.707106781187,0.));
#9426 = ORIENTED_EDGE('',*,*,#9406,.T.);
#9427 = ORIENTED_EDGE('',*,*,#8404,.F.);
#9428 = ORIENTED_EDGE('',*,*,#9429,.F.);
#9429 = EDGE_CURVE('',#9420,#8405,#9430,.T.);
#9430 = B_SPLINE_CURVE_WITH_KNOTS('',1,(#9431,#9432),.UNSPECIFIED.,.F.,
  .F.,(2,2),(0.,1.),.PIECEWISE_BEZIER_KNOTS.);
#9431 = CARTESIAN_POINT('',(-2.4375,-3.025,0.9));
#9432 = CARTESIAN_POINT('',(-2.382065445886,-2.914130891773,1.6));
#9433 = B_SPLINE_SURFACE_WITH_KNOTS('',1,1,(
    (#9434,#9435)
    ,(#9436,#9437
    )),.UNSPECIFIED.,.F.,.F.,.F.,(2,2),(2,2),(0.,0.194454364826),(0.,1.)
  ,.PIECEWISE_BEZIER_KNOTS.);
#9434 = CARTESIAN_POINT('',(-2.4375,-3.025,0.9));
#9435 = CARTESIAN_POINT('',(-2.382065445886,-2.914130891773,1.6));
#9436 = CARTESIAN_POINT('',(-2.575,-2.8875,0.9));
#9437 = CARTESIAN_POINT('',(-2.464130891773,-2.832065445886,1.6));
#9438 = ADVANCED_FACE('',(#9439),#9450,.F.);
#9439 = FACE_BOUND('',#9440,.F.);
#9440 = EDGE_LOOP('',(#9441,#9447,#9448,#9449));
#9441 = ORIENTED_EDGE('',*,*,#9442,.T.);
#9442 = EDGE_CURVE('',#8448,#9420,#9443,.T.);
#9443 = LINE('',#9444,#9445);
#9444 = CARTESIAN_POINT('',(2.4375,-3.025,0.9));
#9445 = VECTOR('',#9446,1.);
#9446 = DIRECTION('',(-1.,2.22044604925E-16,0.));
#9447 = ORIENTED_EDGE('',*,*,#9429,.T.);
#9448 = ORIENTED_EDGE('',*,*,#8412,.F.);
#9449 = ORIENTED_EDGE('',*,*,#8455,.F.);
#9450 = B_SPLINE_SURFACE_WITH_KNOTS('',1,1,(
    (#9451,#9452)
    ,(#9453,#9454
    )),.UNSPECIFIED.,.F.,.F.,.F.,(2,2),(2,2),(0.,4.875),(0.,1.),
  .PIECEWISE_BEZIER_KNOTS.);
#9451 = CARTESIAN_POINT('',(2.4375,-3.025,0.9));
#9452 = CARTESIAN_POINT('',(2.382065445886,-2.914130891773,1.6));
#9453 = CARTESIAN_POINT('',(-2.4375,-3.025,0.9));
#9454 = CARTESIAN_POINT('',(-2.382065445886,-2.914130891773,1.6));
#9455 = ADVANCED_FACE('',(#9456),#9475,.F.);
#9456 = FACE_BOUND('',#9457,.F.);
#9457 = EDGE_LOOP('',(#9458,#9467,#9473,#9474));
#9458 = ORIENTED_EDGE('',*,*,#9459,.T.);
#9459 = EDGE_CURVE('',#9460,#9460,#9462,.T.);
#9460 = VERTEX_POINT('',#9461);
#9461 = CARTESIAN_POINT('',(-1.564130891773,1.814130891773,1.55));
#9462 = CIRCLE('',#9463,0.2);
#9463 = AXIS2_PLACEMENT_3D('',#9464,#9465,#9466);
#9464 = CARTESIAN_POINT('',(-1.564130891773,2.014130891773,1.55));
#9465 = DIRECTION('',(0.,0.,1.));
#9466 = DIRECTION('',(-2.22044604925E-16,-1.,0.));
#9467 = ORIENTED_EDGE('',*,*,#9468,.F.);
#9468 = EDGE_CURVE('',#8431,#9460,#9469,.T.);
#9469 = LINE('',#9470,#9471);
#9470 = CARTESIAN_POINT('',(-1.564130891773,1.814130891773,1.6));
#9471 = VECTOR('',#9472,1.);
#9472 = DIRECTION('',(-0.,0.,-1.));
#9473 = ORIENTED_EDGE('',*,*,#8430,.F.);
#9474 = ORIENTED_EDGE('',*,*,#9468,.T.);
#9475 = CYLINDRICAL_SURFACE('',#9476,0.2);
#9476 = AXIS2_PLACEMENT_3D('',#9477,#9478,#9479);
#9477 = CARTESIAN_POINT('',(-1.564130891773,2.014130891773,1.6));
#9478 = DIRECTION('',(0.,0.,-1.));
#9479 = DIRECTION('',(-2.22044604925E-16,-1.,-0.));
#9480 = ADVANCED_FACE('',(#9481),#9491,.F.);
#9481 = FACE_BOUND('',#9482,.F.);
#9482 = EDGE_LOOP('',(#9483,#9484,#9489,#9490));
#9483 = ORIENTED_EDGE('',*,*,#8666,.T.);
#9484 = ORIENTED_EDGE('',*,*,#9485,.T.);
#9485 = EDGE_CURVE('',#8660,#9420,#9486,.T.);
#9486 = B_SPLINE_CURVE_WITH_KNOTS('',1,(#9487,#9488),.UNSPECIFIED.,.F.,
  .F.,(2,2),(0.,1.),.PIECEWISE_BEZIER_KNOTS.);
#9487 = CARTESIAN_POINT('',(-2.475,-3.1,0.9));
#9488 = CARTESIAN_POINT('',(-2.4375,-3.025,0.9));
#9489 = ORIENTED_EDGE('',*,*,#9442,.F.);
#9490 = ORIENTED_EDGE('',*,*,#8993,.F.);
#9491 = B_SPLINE_SURFACE_WITH_KNOTS('',1,1,(
    (#9492,#9493)
    ,(#9494,#9495
    )),.UNSPECIFIED.,.F.,.F.,.F.,(2,2),(2,2),(0.,4.95),(0.,1.),
  .PIECEWISE_BEZIER_KNOTS.);
#9492 = CARTESIAN_POINT('',(2.475,-3.1,0.9));
#9493 = CARTESIAN_POINT('',(2.4375,-3.025,0.9));
#9494 = CARTESIAN_POINT('',(-2.475,-3.1,0.9));
#9495 = CARTESIAN_POINT('',(-2.4375,-3.025,0.9));
#9496 = ADVANCED_FACE('',(#9497),#9507,.F.);
#9497 = FACE_BOUND('',#9498,.F.);
#9498 = EDGE_LOOP('',(#9499,#9500,#9505,#9506));
#9499 = ORIENTED_EDGE('',*,*,#8689,.T.);
#9500 = ORIENTED_EDGE('',*,*,#9501,.T.);
#9501 = EDGE_CURVE('',#8683,#9333,#9502,.T.);
#9502 = B_SPLINE_CURVE_WITH_KNOTS('',1,(#9503,#9504),.UNSPECIFIED.,.F.,
  .F.,(2,2),(0.,1.),.PIECEWISE_BEZIER_KNOTS.);
#9503 = CARTESIAN_POINT('',(-2.65,-2.925,0.9));
#9504 = CARTESIAN_POINT('',(-2.575,-2.8875,0.9));
#9505 = ORIENTED_EDGE('',*,*,#9419,.F.);
#9506 = ORIENTED_EDGE('',*,*,#9485,.F.);
#9507 = B_SPLINE_SURFACE_WITH_KNOTS('',1,1,(
    (#9508,#9509)
    ,(#9510,#9511
    )),.UNSPECIFIED.,.F.,.F.,.F.,(2,2),(2,2),(0.,0.247487373415),(0.,1.)
  ,.PIECEWISE_BEZIER_KNOTS.);
#9508 = CARTESIAN_POINT('',(-2.475,-3.1,0.9));
#9509 = CARTESIAN_POINT('',(-2.4375,-3.025,0.9));
#9510 = CARTESIAN_POINT('',(-2.65,-2.925,0.9));
#9511 = CARTESIAN_POINT('',(-2.575,-2.8875,0.9));
#9512 = ADVANCED_FACE('',(#9513),#9524,.F.);
#9513 = FACE_BOUND('',#9514,.F.);
#9514 = EDGE_LOOP('',(#9515,#9516,#9517,#9523));
#9515 = ORIENTED_EDGE('',*,*,#9501,.F.);
#9516 = ORIENTED_EDGE('',*,*,#8714,.T.);
#9517 = ORIENTED_EDGE('',*,*,#9518,.T.);
#9518 = EDGE_CURVE('',#8707,#9335,#9519,.T.);
#9519 = LINE('',#9520,#9521);
#9520 = CARTESIAN_POINT('',(-2.75,-2.1,0.9));
#9521 = VECTOR('',#9522,1.);
#9522 = DIRECTION('',(1.,-3.445092848398E-16,0.));
#9523 = ORIENTED_EDGE('',*,*,#9332,.F.);
#9524 = B_SPLINE_SURFACE_WITH_KNOTS('',1,1,(
    (#9525,#9526)
    ,(#9527,#9528
    )),.UNSPECIFIED.,.F.,.F.,.F.,(2,2),(2,2),(0.,5.85),(0.,1.),
  .PIECEWISE_BEZIER_KNOTS.);
#9525 = CARTESIAN_POINT('',(-2.65,-2.925,0.9));
#9526 = CARTESIAN_POINT('',(-2.575,-2.8875,0.9));
#9527 = CARTESIAN_POINT('',(-2.65,2.925,0.9));
#9528 = CARTESIAN_POINT('',(-2.575,2.8875,0.9));
#9529 = ADVANCED_FACE('',(#9530),#9616,.F.);
#9530 = FACE_BOUND('',#9531,.F.);
#9531 = EDGE_LOOP('',(#9532,#9533,#9534,#9543,#9551,#9560,#9568,#9576,
    #9584,#9593,#9601,#9610));
#9532 = ORIENTED_EDGE('',*,*,#8706,.F.);
#9533 = ORIENTED_EDGE('',*,*,#8758,.T.);
#9534 = ORIENTED_EDGE('',*,*,#9535,.T.);
#9535 = EDGE_CURVE('',#8759,#9536,#9538,.T.);
#9536 = VERTEX_POINT('',#9537);
#9537 = CARTESIAN_POINT('',(-2.85,-2.1,0.7));
#9538 = CIRCLE('',#9539,0.1);
#9539 = AXIS2_PLACEMENT_3D('',#9540,#9541,#9542);
#9540 = CARTESIAN_POINT('',(-2.75,-2.1,0.7));
#9541 = DIRECTION('',(-3.445092848398E-16,-1.,0.));
#9542 = DIRECTION('',(-4.440892098501E-15,1.529928560905E-30,1.));
#9543 = ORIENTED_EDGE('',*,*,#9544,.T.);
#9544 = EDGE_CURVE('',#9536,#9545,#9547,.T.);
#9545 = VERTEX_POINT('',#9546);
#9546 = CARTESIAN_POINT('',(-2.85,-2.1,0.2));
#9547 = LINE('',#9548,#9549);
#9548 = CARTESIAN_POINT('',(-2.85,-2.1,0.7));
#9549 = VECTOR('',#9550,1.);
#9550 = DIRECTION('',(0.,0.,-1.));
#9551 = ORIENTED_EDGE('',*,*,#9552,.T.);
#9552 = EDGE_CURVE('',#9545,#9553,#9555,.T.);
#9553 = VERTEX_POINT('',#9554);
#9554 = CARTESIAN_POINT('',(-3.05,-2.1,-8.326672684689E-17));
#9555 = CIRCLE('',#9556,0.2);
#9556 = AXIS2_PLACEMENT_3D('',#9557,#9558,#9559);
#9557 = CARTESIAN_POINT('',(-3.05,-2.1,0.2));
#9558 = DIRECTION('',(3.445092848398E-16,1.,0.));
#9559 = DIRECTION('',(1.,-3.445092848398E-16,1.387778780781E-16));
#9560 = ORIENTED_EDGE('',*,*,#9561,.T.);
#9561 = EDGE_CURVE('',#9553,#9562,#9564,.T.);
#9562 = VERTEX_POINT('',#9563);
#9563 = CARTESIAN_POINT('',(-4.2,-2.1,-8.326672684689E-17));
#9564 = LINE('',#9565,#9566);
#9565 = CARTESIAN_POINT('',(-3.05,-2.1,-8.326672684689E-17));
#9566 = VECTOR('',#9567,1.);
#9567 = DIRECTION('',(-1.,3.445092848398E-16,0.));
#9568 = ORIENTED_EDGE('',*,*,#9569,.T.);
#9569 = EDGE_CURVE('',#9562,#9570,#9572,.T.);
#9570 = VERTEX_POINT('',#9571);
#9571 = CARTESIAN_POINT('',(-4.2,-2.1,0.1));
#9572 = LINE('',#9573,#9574);
#9573 = CARTESIAN_POINT('',(-4.2,-2.1,-8.326672684689E-17));
#9574 = VECTOR('',#9575,1.);
#9575 = DIRECTION('',(0.,0.,1.));
#9576 = ORIENTED_EDGE('',*,*,#9577,.T.);
#9577 = EDGE_CURVE('',#9570,#9578,#9580,.T.);
#9578 = VERTEX_POINT('',#9579);
#9579 = CARTESIAN_POINT('',(-3.05,-2.1,0.1));
#9580 = LINE('',#9581,#9582);
#9581 = CARTESIAN_POINT('',(-4.2,-2.1,0.1));
#9582 = VECTOR('',#9583,1.);
#9583 = DIRECTION('',(1.,-3.445092848398E-16,0.));
#9584 = ORIENTED_EDGE('',*,*,#9585,.T.);
#9585 = EDGE_CURVE('',#9578,#9586,#9588,.T.);
#9586 = VERTEX_POINT('',#9587);
#9587 = CARTESIAN_POINT('',(-2.95,-2.1,0.2));
#9588 = CIRCLE('',#9589,0.1);
#9589 = AXIS2_PLACEMENT_3D('',#9590,#9591,#9592);
#9590 = CARTESIAN_POINT('',(-3.05,-2.1,0.2));
#9591 = DIRECTION('',(-3.445092848398E-16,-1.,-0.));
#9592 = DIRECTION('',(0.,0.,-1.));
#9593 = ORIENTED_EDGE('',*,*,#9594,.T.);
#9594 = EDGE_CURVE('',#9586,#9595,#9597,.T.);
#9595 = VERTEX_POINT('',#9596);
#9596 = CARTESIAN_POINT('',(-2.95,-2.1,0.7));
#9597 = LINE('',#9598,#9599);
#9598 = CARTESIAN_POINT('',(-2.95,-2.1,0.2));
#9599 = VECTOR('',#9600,1.);
#9600 = DIRECTION('',(0.,0.,1.));
#9601 = ORIENTED_EDGE('',*,*,#9602,.T.);
#9602 = EDGE_CURVE('',#9595,#9603,#9605,.T.);
#9603 = VERTEX_POINT('',#9604);
#9604 = CARTESIAN_POINT('',(-2.75,-2.1,0.9));
#9605 = CIRCLE('',#9606,0.2);
#9606 = AXIS2_PLACEMENT_3D('',#9607,#9608,#9609);
#9607 = CARTESIAN_POINT('',(-2.75,-2.1,0.7));
#9608 = DIRECTION('',(3.445092848398E-16,1.,0.));
#9609 = DIRECTION('',(-1.,3.445092848398E-16,4.440892098501E-15));
#9610 = ORIENTED_EDGE('',*,*,#9611,.T.);
#9611 = EDGE_CURVE('',#9603,#8707,#9612,.T.);
#9612 = LINE('',#9613,#9614);
#9613 = CARTESIAN_POINT('',(-2.75,-2.1,0.9));
#9614 = VECTOR('',#9615,1.);
#9615 = DIRECTION('',(1.,-3.445092848398E-16,0.));
#9616 = PLANE('',#9617);
#9617 = AXIS2_PLACEMENT_3D('',#9618,#9619,#9620);
#9618 = CARTESIAN_POINT('',(-3.228483899678,-2.1,0.304007155699));
#9619 = DIRECTION('',(3.445092848398E-16,1.,0.));
#9620 = DIRECTION('',(0.,-0.,1.));
#9621 = ADVANCED_FACE('',(#9622),#9708,.T.);
#9622 = FACE_BOUND('',#9623,.T.);
#9623 = EDGE_LOOP('',(#9624,#9625,#9626,#9635,#9643,#9652,#9660,#9668,
    #9676,#9685,#9693,#9702));
#9624 = ORIENTED_EDGE('',*,*,#8728,.F.);
#9625 = ORIENTED_EDGE('',*,*,#8798,.T.);
#9626 = ORIENTED_EDGE('',*,*,#9627,.T.);
#9627 = EDGE_CURVE('',#8799,#9628,#9630,.T.);
#9628 = VERTEX_POINT('',#9629);
#9629 = CARTESIAN_POINT('',(-2.85,2.1,0.7));
#9630 = CIRCLE('',#9631,0.1);
#9631 = AXIS2_PLACEMENT_3D('',#9632,#9633,#9634);
#9632 = CARTESIAN_POINT('',(-2.75,2.1,0.7));
#9633 = DIRECTION('',(-3.445092848398E-16,-1.,0.));
#9634 = DIRECTION('',(-4.440892098501E-15,1.529928560905E-30,1.));
#9635 = ORIENTED_EDGE('',*,*,#9636,.T.);
#9636 = EDGE_CURVE('',#9628,#9637,#9639,.T.);
#9637 = VERTEX_POINT('',#9638);
#9638 = CARTESIAN_POINT('',(-2.85,2.1,0.2));
#9639 = LINE('',#9640,#9641);
#9640 = CARTESIAN_POINT('',(-2.85,2.1,0.7));
#9641 = VECTOR('',#9642,1.);
#9642 = DIRECTION('',(0.,0.,-1.));
#9643 = ORIENTED_EDGE('',*,*,#9644,.T.);
#9644 = EDGE_CURVE('',#9637,#9645,#9647,.T.);
#9645 = VERTEX_POINT('',#9646);
#9646 = CARTESIAN_POINT('',(-3.05,2.1,-8.326672684689E-17));
#9647 = CIRCLE('',#9648,0.2);
#9648 = AXIS2_PLACEMENT_3D('',#9649,#9650,#9651);
#9649 = CARTESIAN_POINT('',(-3.05,2.1,0.2));
#9650 = DIRECTION('',(3.445092848398E-16,1.,0.));
#9651 = DIRECTION('',(1.,-3.445092848398E-16,1.387778780781E-16));
#9652 = ORIENTED_EDGE('',*,*,#9653,.T.);
#9653 = EDGE_CURVE('',#9645,#9654,#9656,.T.);
#9654 = VERTEX_POINT('',#9655);
#9655 = CARTESIAN_POINT('',(-4.2,2.1,-8.326672684689E-17));
#9656 = LINE('',#9657,#9658);
#9657 = CARTESIAN_POINT('',(-3.05,2.1,-8.326672684689E-17));
#9658 = VECTOR('',#9659,1.);
#9659 = DIRECTION('',(-1.,3.445092848398E-16,0.));
#9660 = ORIENTED_EDGE('',*,*,#9661,.T.);
#9661 = EDGE_CURVE('',#9654,#9662,#9664,.T.);
#9662 = VERTEX_POINT('',#9663);
#9663 = CARTESIAN_POINT('',(-4.2,2.1,0.1));
#9664 = LINE('',#9665,#9666);
#9665 = CARTESIAN_POINT('',(-4.2,2.1,-8.326672684689E-17));
#9666 = VECTOR('',#9667,1.);
#9667 = DIRECTION('',(0.,0.,1.));
#9668 = ORIENTED_EDGE('',*,*,#9669,.T.);
#9669 = EDGE_CURVE('',#9662,#9670,#9672,.T.);
#9670 = VERTEX_POINT('',#9671);
#9671 = CARTESIAN_POINT('',(-3.05,2.1,0.1));
#9672 = LINE('',#9673,#9674);
#9673 = CARTESIAN_POINT('',(-4.2,2.1,0.1));
#9674 = VECTOR('',#9675,1.);
#9675 = DIRECTION('',(1.,-3.445092848398E-16,0.));
#9676 = ORIENTED_EDGE('',*,*,#9677,.T.);
#9677 = EDGE_CURVE('',#9670,#9678,#9680,.T.);
#9678 = VERTEX_POINT('',#9679);
#9679 = CARTESIAN_POINT('',(-2.95,2.1,0.2));
#9680 = CIRCLE('',#9681,0.1);
#9681 = AXIS2_PLACEMENT_3D('',#9682,#9683,#9684);
#9682 = CARTESIAN_POINT('',(-3.05,2.1,0.2));
#9683 = DIRECTION('',(-3.445092848398E-16,-1.,-0.));
#9684 = DIRECTION('',(0.,0.,-1.));
#9685 = ORIENTED_EDGE('',*,*,#9686,.T.);
#9686 = EDGE_CURVE('',#9678,#9687,#9689,.T.);
#9687 = VERTEX_POINT('',#9688);
#9688 = CARTESIAN_POINT('',(-2.95,2.1,0.7));
#9689 = LINE('',#9690,#9691);
#9690 = CARTESIAN_POINT('',(-2.95,2.1,0.2));
#9691 = VECTOR('',#9692,1.);
#9692 = DIRECTION('',(0.,0.,1.));
#9693 = ORIENTED_EDGE('',*,*,#9694,.T.);
#9694 = EDGE_CURVE('',#9687,#9695,#9697,.T.);
#9695 = VERTEX_POINT('',#9696);
#9696 = CARTESIAN_POINT('',(-2.75,2.1,0.9));
#9697 = CIRCLE('',#9698,0.2);
#9698 = AXIS2_PLACEMENT_3D('',#9699,#9700,#9701);
#9699 = CARTESIAN_POINT('',(-2.75,2.1,0.7));
#9700 = DIRECTION('',(3.445092848398E-16,1.,0.));
#9701 = DIRECTION('',(-1.,3.445092848398E-16,4.440892098501E-15));
#9702 = ORIENTED_EDGE('',*,*,#9703,.T.);
#9703 = EDGE_CURVE('',#9695,#8729,#9704,.T.);
#9704 = LINE('',#9705,#9706);
#9705 = CARTESIAN_POINT('',(-2.75,2.1,0.9));
#9706 = VECTOR('',#9707,1.);
#9707 = DIRECTION('',(1.,-3.445092848398E-16,0.));
#9708 = PLANE('',#9709);
#9709 = AXIS2_PLACEMENT_3D('',#9710,#9711,#9712);
#9710 = CARTESIAN_POINT('',(-3.228483899678,2.1,0.304007155699));
#9711 = DIRECTION('',(3.445092848398E-16,1.,0.));
#9712 = DIRECTION('',(0.,-0.,1.));
#9713 = ADVANCED_FACE('',(#9714),#9729,.F.);
#9714 = FACE_BOUND('',#9715,.F.);
#9715 = EDGE_LOOP('',(#9716,#9722,#9723,#9728));
#9716 = ORIENTED_EDGE('',*,*,#9717,.F.);
#9717 = EDGE_CURVE('',#8729,#9391,#9718,.T.);
#9718 = LINE('',#9719,#9720);
#9719 = CARTESIAN_POINT('',(-2.75,2.1,0.9));
#9720 = VECTOR('',#9721,1.);
#9721 = DIRECTION('',(1.,-3.445092848398E-16,0.));
#9722 = ORIENTED_EDGE('',*,*,#8744,.T.);
#9723 = ORIENTED_EDGE('',*,*,#9724,.T.);
#9724 = EDGE_CURVE('',#8738,#9310,#9725,.T.);
#9725 = B_SPLINE_CURVE_WITH_KNOTS('',1,(#9726,#9727),.UNSPECIFIED.,.F.,
  .F.,(2,2),(0.,1.),.PIECEWISE_BEZIER_KNOTS.);
#9726 = CARTESIAN_POINT('',(-2.65,2.925,0.9));
#9727 = CARTESIAN_POINT('',(-2.575,2.8875,0.9));
#9728 = ORIENTED_EDGE('',*,*,#9398,.F.);
#9729 = B_SPLINE_SURFACE_WITH_KNOTS('',1,1,(
    (#9730,#9731)
    ,(#9732,#9733
    )),.UNSPECIFIED.,.F.,.F.,.F.,(2,2),(2,2),(0.,5.85),(0.,1.),
  .PIECEWISE_BEZIER_KNOTS.);
#9730 = CARTESIAN_POINT('',(-2.65,-2.925,0.9));
#9731 = CARTESIAN_POINT('',(-2.575,-2.8875,0.9));
#9732 = CARTESIAN_POINT('',(-2.65,2.925,0.9));
#9733 = CARTESIAN_POINT('',(-2.575,2.8875,0.9));
#9734 = ADVANCED_FACE('',(#9735),#9754,.F.);
#9735 = FACE_BOUND('',#9736,.F.);
#9736 = EDGE_LOOP('',(#9737,#9738,#9747,#9753));
#9737 = ORIENTED_EDGE('',*,*,#8775,.T.);
#9738 = ORIENTED_EDGE('',*,*,#9739,.T.);
#9739 = EDGE_CURVE('',#8768,#9740,#9742,.T.);
#9740 = VERTEX_POINT('',#9741);
#9741 = CARTESIAN_POINT('',(-2.85,-1.71,0.7));
#9742 = CIRCLE('',#9743,0.1);
#9743 = AXIS2_PLACEMENT_3D('',#9744,#9745,#9746);
#9744 = CARTESIAN_POINT('',(-2.75,-1.71,0.7));
#9745 = DIRECTION('',(-3.445092848398E-16,-1.,0.));
#9746 = DIRECTION('',(-4.440892098501E-15,1.529928560905E-30,1.));
#9747 = ORIENTED_EDGE('',*,*,#9748,.F.);
#9748 = EDGE_CURVE('',#9536,#9740,#9749,.T.);
#9749 = LINE('',#9750,#9751);
#9750 = CARTESIAN_POINT('',(-2.85,-2.1,0.7));
#9751 = VECTOR('',#9752,1.);
#9752 = DIRECTION('',(3.445092848398E-16,1.,0.));
#9753 = ORIENTED_EDGE('',*,*,#9535,.F.);
#9754 = CYLINDRICAL_SURFACE('',#9755,0.1);
#9755 = AXIS2_PLACEMENT_3D('',#9756,#9757,#9758);
#9756 = CARTESIAN_POINT('',(-2.75,-2.1,0.7));
#9757 = DIRECTION('',(-3.445092848398E-16,-1.,0.));
#9758 = DIRECTION('',(-4.440892098501E-15,1.529928560905E-30,1.));
#9759 = ADVANCED_FACE('',(#9760),#9838,.T.);
#9760 = FACE_BOUND('',#9761,.T.);
#9761 = EDGE_LOOP('',(#9762,#9763,#9764,#9765,#9773,#9782,#9790,#9798,
    #9806,#9815,#9823,#9832));
#9762 = ORIENTED_EDGE('',*,*,#8820,.F.);
#9763 = ORIENTED_EDGE('',*,*,#8767,.T.);
#9764 = ORIENTED_EDGE('',*,*,#9739,.T.);
#9765 = ORIENTED_EDGE('',*,*,#9766,.T.);
#9766 = EDGE_CURVE('',#9740,#9767,#9769,.T.);
#9767 = VERTEX_POINT('',#9768);
#9768 = CARTESIAN_POINT('',(-2.85,-1.71,0.2));
#9769 = LINE('',#9770,#9771);
#9770 = CARTESIAN_POINT('',(-2.85,-1.71,0.7));
#9771 = VECTOR('',#9772,1.);
#9772 = DIRECTION('',(0.,0.,-1.));
#9773 = ORIENTED_EDGE('',*,*,#9774,.T.);
#9774 = EDGE_CURVE('',#9767,#9775,#9777,.T.);
#9775 = VERTEX_POINT('',#9776);
#9776 = CARTESIAN_POINT('',(-3.05,-1.71,-8.326672684689E-17));
#9777 = CIRCLE('',#9778,0.2);
#9778 = AXIS2_PLACEMENT_3D('',#9779,#9780,#9781);
#9779 = CARTESIAN_POINT('',(-3.05,-1.71,0.2));
#9780 = DIRECTION('',(3.445092848398E-16,1.,0.));
#9781 = DIRECTION('',(1.,-3.445092848398E-16,1.387778780781E-16));
#9782 = ORIENTED_EDGE('',*,*,#9783,.T.);
#9783 = EDGE_CURVE('',#9775,#9784,#9786,.T.);
#9784 = VERTEX_POINT('',#9785);
#9785 = CARTESIAN_POINT('',(-4.2,-1.71,-8.326672684689E-17));
#9786 = LINE('',#9787,#9788);
#9787 = CARTESIAN_POINT('',(-3.05,-1.71,-8.326672684689E-17));
#9788 = VECTOR('',#9789,1.);
#9789 = DIRECTION('',(-1.,3.445092848398E-16,0.));
#9790 = ORIENTED_EDGE('',*,*,#9791,.T.);
#9791 = EDGE_CURVE('',#9784,#9792,#9794,.T.);
#9792 = VERTEX_POINT('',#9793);
#9793 = CARTESIAN_POINT('',(-4.2,-1.71,0.1));
#9794 = LINE('',#9795,#9796);
#9795 = CARTESIAN_POINT('',(-4.2,-1.71,-8.326672684689E-17));
#9796 = VECTOR('',#9797,1.);
#9797 = DIRECTION('',(0.,0.,1.));
#9798 = ORIENTED_EDGE('',*,*,#9799,.T.);
#9799 = EDGE_CURVE('',#9792,#9800,#9802,.T.);
#9800 = VERTEX_POINT('',#9801);
#9801 = CARTESIAN_POINT('',(-3.05,-1.71,0.1));
#9802 = LINE('',#9803,#9804);
#9803 = CARTESIAN_POINT('',(-4.2,-1.71,0.1));
#9804 = VECTOR('',#9805,1.);
#9805 = DIRECTION('',(1.,-3.445092848398E-16,0.));
#9806 = ORIENTED_EDGE('',*,*,#9807,.T.);
#9807 = EDGE_CURVE('',#9800,#9808,#9810,.T.);
#9808 = VERTEX_POINT('',#9809);
#9809 = CARTESIAN_POINT('',(-2.95,-1.71,0.2));
#9810 = CIRCLE('',#9811,0.1);
#9811 = AXIS2_PLACEMENT_3D('',#9812,#9813,#9814);
#9812 = CARTESIAN_POINT('',(-3.05,-1.71,0.2));
#9813 = DIRECTION('',(-3.445092848398E-16,-1.,-0.));
#9814 = DIRECTION('',(0.,0.,-1.));
#9815 = ORIENTED_EDGE('',*,*,#9816,.T.);
#9816 = EDGE_CURVE('',#9808,#9817,#9819,.T.);
#9817 = VERTEX_POINT('',#9818);
#9818 = CARTESIAN_POINT('',(-2.95,-1.71,0.7));
#9819 = LINE('',#9820,#9821);
#9820 = CARTESIAN_POINT('',(-2.95,-1.71,0.2));
#9821 = VECTOR('',#9822,1.);
#9822 = DIRECTION('',(0.,0.,1.));
#9823 = ORIENTED_EDGE('',*,*,#9824,.T.);
#9824 = EDGE_CURVE('',#9817,#9825,#9827,.T.);
#9825 = VERTEX_POINT('',#9826);
#9826 = CARTESIAN_POINT('',(-2.75,-1.71,0.9));
#9827 = CIRCLE('',#9828,0.2);
#9828 = AXIS2_PLACEMENT_3D('',#9829,#9830,#9831);
#9829 = CARTESIAN_POINT('',(-2.75,-1.71,0.7));
#9830 = DIRECTION('',(3.445092848398E-16,1.,0.));
#9831 = DIRECTION('',(-1.,3.445092848398E-16,4.440892098501E-15));
#9832 = ORIENTED_EDGE('',*,*,#9833,.T.);
#9833 = EDGE_CURVE('',#9825,#8821,#9834,.T.);
#9834 = LINE('',#9835,#9836);
#9835 = CARTESIAN_POINT('',(-2.75,-1.71,0.9));
#9836 = VECTOR('',#9837,1.);
#9837 = DIRECTION('',(1.,-3.445092848398E-16,0.));
#9838 = PLANE('',#9839);
#9839 = AXIS2_PLACEMENT_3D('',#9840,#9841,#9842);
#9840 = CARTESIAN_POINT('',(-3.228483899678,-1.71,0.304007155699));
#9841 = DIRECTION('',(3.445092848398E-16,1.,0.));
#9842 = DIRECTION('',(0.,-0.,1.));
#9843 = ADVANCED_FACE('',(#9844),#9930,.F.);
#9844 = FACE_BOUND('',#9845,.F.);
#9845 = EDGE_LOOP('',(#9846,#9847,#9848,#9857,#9865,#9874,#9882,#9890,
    #9898,#9907,#9915,#9924));
#9846 = ORIENTED_EDGE('',*,*,#8860,.F.);
#9847 = ORIENTED_EDGE('',*,*,#8789,.T.);
#9848 = ORIENTED_EDGE('',*,*,#9849,.T.);
#9849 = EDGE_CURVE('',#8790,#9850,#9852,.T.);
#9850 = VERTEX_POINT('',#9851);
#9851 = CARTESIAN_POINT('',(-2.85,1.71,0.7));
#9852 = CIRCLE('',#9853,0.1);
#9853 = AXIS2_PLACEMENT_3D('',#9854,#9855,#9856);
#9854 = CARTESIAN_POINT('',(-2.75,1.71,0.7));
#9855 = DIRECTION('',(-3.445092848398E-16,-1.,0.));
#9856 = DIRECTION('',(-4.440892098501E-15,1.529928560905E-30,1.));
#9857 = ORIENTED_EDGE('',*,*,#9858,.T.);
#9858 = EDGE_CURVE('',#9850,#9859,#9861,.T.);
#9859 = VERTEX_POINT('',#9860);
#9860 = CARTESIAN_POINT('',(-2.85,1.71,0.2));
#9861 = LINE('',#9862,#9863);
#9862 = CARTESIAN_POINT('',(-2.85,1.71,0.7));
#9863 = VECTOR('',#9864,1.);
#9864 = DIRECTION('',(0.,0.,-1.));
#9865 = ORIENTED_EDGE('',*,*,#9866,.T.);
#9866 = EDGE_CURVE('',#9859,#9867,#9869,.T.);
#9867 = VERTEX_POINT('',#9868);
#9868 = CARTESIAN_POINT('',(-3.05,1.71,-8.326672684689E-17));
#9869 = CIRCLE('',#9870,0.2);
#9870 = AXIS2_PLACEMENT_3D('',#9871,#9872,#9873);
#9871 = CARTESIAN_POINT('',(-3.05,1.71,0.2));
#9872 = DIRECTION('',(3.445092848398E-16,1.,0.));
#9873 = DIRECTION('',(1.,-3.445092848398E-16,1.387778780781E-16));
#9874 = ORIENTED_EDGE('',*,*,#9875,.T.);
#9875 = EDGE_CURVE('',#9867,#9876,#9878,.T.);
#9876 = VERTEX_POINT('',#9877);
#9877 = CARTESIAN_POINT('',(-4.2,1.71,-8.326672684689E-17));
#9878 = LINE('',#9879,#9880);
#9879 = CARTESIAN_POINT('',(-3.05,1.71,-8.326672684689E-17));
#9880 = VECTOR('',#9881,1.);
#9881 = DIRECTION('',(-1.,3.445092848398E-16,0.));
#9882 = ORIENTED_EDGE('',*,*,#9883,.T.);
#9883 = EDGE_CURVE('',#9876,#9884,#9886,.T.);
#9884 = VERTEX_POINT('',#9885);
#9885 = CARTESIAN_POINT('',(-4.2,1.71,0.1));
#9886 = LINE('',#9887,#9888);
#9887 = CARTESIAN_POINT('',(-4.2,1.71,-8.326672684689E-17));
#9888 = VECTOR('',#9889,1.);
#9889 = DIRECTION('',(0.,0.,1.));
#9890 = ORIENTED_EDGE('',*,*,#9891,.T.);
#9891 = EDGE_CURVE('',#9884,#9892,#9894,.T.);
#9892 = VERTEX_POINT('',#9893);
#9893 = CARTESIAN_POINT('',(-3.05,1.71,0.1));
#9894 = LINE('',#9895,#9896);
#9895 = CARTESIAN_POINT('',(-4.2,1.71,0.1));
#9896 = VECTOR('',#9897,1.);
#9897 = DIRECTION('',(1.,-3.445092848398E-16,0.));
#9898 = ORIENTED_EDGE('',*,*,#9899,.T.);
#9899 = EDGE_CURVE('',#9892,#9900,#9902,.T.);
#9900 = VERTEX_POINT('',#9901);
#9901 = CARTESIAN_POINT('',(-2.95,1.71,0.2));
#9902 = CIRCLE('',#9903,0.1);
#9903 = AXIS2_PLACEMENT_3D('',#9904,#9905,#9906);
#9904 = CARTESIAN_POINT('',(-3.05,1.71,0.2));
#9905 = DIRECTION('',(-3.445092848398E-16,-1.,-0.));
#9906 = DIRECTION('',(0.,0.,-1.));
#9907 = ORIENTED_EDGE('',*,*,#9908,.T.);
#9908 = EDGE_CURVE('',#9900,#9909,#9911,.T.);
#9909 = VERTEX_POINT('',#9910);
#9910 = CARTESIAN_POINT('',(-2.95,1.71,0.7));
#9911 = LINE('',#9912,#9913);
#9912 = CARTESIAN_POINT('',(-2.95,1.71,0.2));
#9913 = VECTOR('',#9914,1.);
#9914 = DIRECTION('',(0.,0.,1.));
#9915 = ORIENTED_EDGE('',*,*,#9916,.T.);
#9916 = EDGE_CURVE('',#9909,#9917,#9919,.T.);
#9917 = VERTEX_POINT('',#9918);
#9918 = CARTESIAN_POINT('',(-2.75,1.71,0.9));
#9919 = CIRCLE('',#9920,0.2);
#9920 = AXIS2_PLACEMENT_3D('',#9921,#9922,#9923);
#9921 = CARTESIAN_POINT('',(-2.75,1.71,0.7));
#9922 = DIRECTION('',(3.445092848398E-16,1.,0.));
#9923 = DIRECTION('',(-1.,3.445092848398E-16,4.440892098501E-15));
#9924 = ORIENTED_EDGE('',*,*,#9925,.T.);
#9925 = EDGE_CURVE('',#9917,#8861,#9926,.T.);
#9926 = LINE('',#9927,#9928);
#9927 = CARTESIAN_POINT('',(-2.75,1.71,0.9));
#9928 = VECTOR('',#9929,1.);
#9929 = DIRECTION('',(1.,-3.445092848398E-16,0.));
#9930 = PLANE('',#9931);
#9931 = AXIS2_PLACEMENT_3D('',#9932,#9933,#9934);
#9932 = CARTESIAN_POINT('',(-3.228483899678,1.71,0.304007155699));
#9933 = DIRECTION('',(3.445092848398E-16,1.,0.));
#9934 = DIRECTION('',(0.,-0.,1.));
#9935 = ADVANCED_FACE('',(#9936),#9947,.F.);
#9936 = FACE_BOUND('',#9937,.F.);
#9937 = EDGE_LOOP('',(#9938,#9939,#9940,#9946));
#9938 = ORIENTED_EDGE('',*,*,#8806,.T.);
#9939 = ORIENTED_EDGE('',*,*,#9627,.T.);
#9940 = ORIENTED_EDGE('',*,*,#9941,.F.);
#9941 = EDGE_CURVE('',#9850,#9628,#9942,.T.);
#9942 = LINE('',#9943,#9944);
#9943 = CARTESIAN_POINT('',(-2.85,1.71,0.7));
#9944 = VECTOR('',#9945,1.);
#9945 = DIRECTION('',(3.445092848398E-16,1.,0.));
#9946 = ORIENTED_EDGE('',*,*,#9849,.F.);
#9947 = CYLINDRICAL_SURFACE('',#9948,0.1);
#9948 = AXIS2_PLACEMENT_3D('',#9949,#9950,#9951);
#9949 = CARTESIAN_POINT('',(-2.75,1.71,0.7));
#9950 = DIRECTION('',(-3.445092848398E-16,-1.,0.));
#9951 = DIRECTION('',(-4.440892098501E-15,1.529928560905E-30,1.));
#9952 = ADVANCED_FACE('',(#9953),#9969,.F.);
#9953 = FACE_BOUND('',#9954,.F.);
#9954 = EDGE_LOOP('',(#9955,#9961,#9962,#9968));
#9955 = ORIENTED_EDGE('',*,*,#9956,.F.);
#9956 = EDGE_CURVE('',#8821,#9343,#9957,.T.);
#9957 = LINE('',#9958,#9959);
#9958 = CARTESIAN_POINT('',(-2.75,-1.71,0.9));
#9959 = VECTOR('',#9960,1.);
#9960 = DIRECTION('',(1.,-3.445092848398E-16,0.));
#9961 = ORIENTED_EDGE('',*,*,#8837,.T.);
#9962 = ORIENTED_EDGE('',*,*,#9963,.T.);
#9963 = EDGE_CURVE('',#8830,#9351,#9964,.T.);
#9964 = LINE('',#9965,#9966);
#9965 = CARTESIAN_POINT('',(-2.75,-0.83,0.9));
#9966 = VECTOR('',#9967,1.);
#9967 = DIRECTION('',(1.,-3.445092848398E-16,0.));
#9968 = ORIENTED_EDGE('',*,*,#9350,.F.);
#9969 = B_SPLINE_SURFACE_WITH_KNOTS('',1,1,(
    (#9970,#9971)
    ,(#9972,#9973
    )),.UNSPECIFIED.,.F.,.F.,.F.,(2,2),(2,2),(0.,5.85),(0.,1.),
  .PIECEWISE_BEZIER_KNOTS.);
#9970 = CARTESIAN_POINT('',(-2.65,-2.925,0.9));
#9971 = CARTESIAN_POINT('',(-2.575,-2.8875,0.9));
#9972 = CARTESIAN_POINT('',(-2.65,2.925,0.9));
#9973 = CARTESIAN_POINT('',(-2.575,2.8875,0.9));
#9974 = ADVANCED_FACE('',(#9975),#10061,.F.);
#9975 = FACE_BOUND('',#9976,.F.);
#9976 = EDGE_LOOP('',(#9977,#9978,#9979,#9988,#9996,#10005,#10013,#10021
    ,#10029,#10038,#10046,#10055));
#9977 = ORIENTED_EDGE('',*,*,#8829,.F.);
#9978 = ORIENTED_EDGE('',*,*,#8882,.T.);
#9979 = ORIENTED_EDGE('',*,*,#9980,.T.);
#9980 = EDGE_CURVE('',#8883,#9981,#9983,.T.);
#9981 = VERTEX_POINT('',#9982);
#9982 = CARTESIAN_POINT('',(-2.85,-0.83,0.7));
#9983 = CIRCLE('',#9984,0.1);
#9984 = AXIS2_PLACEMENT_3D('',#9985,#9986,#9987);
#9985 = CARTESIAN_POINT('',(-2.75,-0.83,0.7));
#9986 = DIRECTION('',(-3.445092848398E-16,-1.,0.));
#9987 = DIRECTION('',(-4.440892098501E-15,1.529928560905E-30,1.));
#9988 = ORIENTED_EDGE('',*,*,#9989,.T.);
#9989 = EDGE_CURVE('',#9981,#9990,#9992,.T.);
#9990 = VERTEX_POINT('',#9991);
#9991 = CARTESIAN_POINT('',(-2.85,-0.83,0.2));
#9992 = LINE('',#9993,#9994);
#9993 = CARTESIAN_POINT('',(-2.85,-0.83,0.7));
#9994 = VECTOR('',#9995,1.);
#9995 = DIRECTION('',(0.,0.,-1.));
#9996 = ORIENTED_EDGE('',*,*,#9997,.T.);
#9997 = EDGE_CURVE('',#9990,#9998,#10000,.T.);
#9998 = VERTEX_POINT('',#9999);
#9999 = CARTESIAN_POINT('',(-3.05,-0.83,-8.326672684689E-17));
#10000 = CIRCLE('',#10001,0.2);
#10001 = AXIS2_PLACEMENT_3D('',#10002,#10003,#10004);
#10002 = CARTESIAN_POINT('',(-3.05,-0.83,0.2));
#10003 = DIRECTION('',(3.445092848398E-16,1.,0.));
#10004 = DIRECTION('',(1.,-3.445092848398E-16,1.387778780781E-16));
#10005 = ORIENTED_EDGE('',*,*,#10006,.T.);
#10006 = EDGE_CURVE('',#9998,#10007,#10009,.T.);
#10007 = VERTEX_POINT('',#10008);
#10008 = CARTESIAN_POINT('',(-4.2,-0.83,-8.326672684689E-17));
#10009 = LINE('',#10010,#10011);
#10010 = CARTESIAN_POINT('',(-3.05,-0.83,-8.326672684689E-17));
#10011 = VECTOR('',#10012,1.);
#10012 = DIRECTION('',(-1.,3.445092848398E-16,0.));
#10013 = ORIENTED_EDGE('',*,*,#10014,.T.);
#10014 = EDGE_CURVE('',#10007,#10015,#10017,.T.);
#10015 = VERTEX_POINT('',#10016);
#10016 = CARTESIAN_POINT('',(-4.2,-0.83,0.1));
#10017 = LINE('',#10018,#10019);
#10018 = CARTESIAN_POINT('',(-4.2,-0.83,-8.326672684689E-17));
#10019 = VECTOR('',#10020,1.);
#10020 = DIRECTION('',(0.,0.,1.));
#10021 = ORIENTED_EDGE('',*,*,#10022,.T.);
#10022 = EDGE_CURVE('',#10015,#10023,#10025,.T.);
#10023 = VERTEX_POINT('',#10024);
#10024 = CARTESIAN_POINT('',(-3.05,-0.83,0.1));
#10025 = LINE('',#10026,#10027);
#10026 = CARTESIAN_POINT('',(-4.2,-0.83,0.1));
#10027 = VECTOR('',#10028,1.);
#10028 = DIRECTION('',(1.,-3.445092848398E-16,0.));
#10029 = ORIENTED_EDGE('',*,*,#10030,.T.);
#10030 = EDGE_CURVE('',#10023,#10031,#10033,.T.);
#10031 = VERTEX_POINT('',#10032);
#10032 = CARTESIAN_POINT('',(-2.95,-0.83,0.2));
#10033 = CIRCLE('',#10034,0.1);
#10034 = AXIS2_PLACEMENT_3D('',#10035,#10036,#10037);
#10035 = CARTESIAN_POINT('',(-3.05,-0.83,0.2));
#10036 = DIRECTION('',(-3.445092848398E-16,-1.,-0.));
#10037 = DIRECTION('',(0.,0.,-1.));
#10038 = ORIENTED_EDGE('',*,*,#10039,.T.);
#10039 = EDGE_CURVE('',#10031,#10040,#10042,.T.);
#10040 = VERTEX_POINT('',#10041);
#10041 = CARTESIAN_POINT('',(-2.95,-0.83,0.7));
#10042 = LINE('',#10043,#10044);
#10043 = CARTESIAN_POINT('',(-2.95,-0.83,0.2));
#10044 = VECTOR('',#10045,1.);
#10045 = DIRECTION('',(0.,0.,1.));
#10046 = ORIENTED_EDGE('',*,*,#10047,.T.);
#10047 = EDGE_CURVE('',#10040,#10048,#10050,.T.);
#10048 = VERTEX_POINT('',#10049);
#10049 = CARTESIAN_POINT('',(-2.75,-0.83,0.9));
#10050 = CIRCLE('',#10051,0.2);
#10051 = AXIS2_PLACEMENT_3D('',#10052,#10053,#10054);
#10052 = CARTESIAN_POINT('',(-2.75,-0.83,0.7));
#10053 = DIRECTION('',(3.445092848398E-16,1.,0.));
#10054 = DIRECTION('',(-1.,3.445092848398E-16,4.440892098501E-15));
#10055 = ORIENTED_EDGE('',*,*,#10056,.T.);
#10056 = EDGE_CURVE('',#10048,#8830,#10057,.T.);
#10057 = LINE('',#10058,#10059);
#10058 = CARTESIAN_POINT('',(-2.75,-0.83,0.9));
#10059 = VECTOR('',#10060,1.);
#10060 = DIRECTION('',(1.,-3.445092848398E-16,0.));
#10061 = PLANE('',#10062);
#10062 = AXIS2_PLACEMENT_3D('',#10063,#10064,#10065);
#10063 = CARTESIAN_POINT('',(-3.228483899678,-0.83,0.304007155699));
#10064 = DIRECTION('',(3.445092848398E-16,1.,0.));
#10065 = DIRECTION('',(0.,-0.,1.));
#10066 = ADVANCED_FACE('',(#10067),#10153,.T.);
#10067 = FACE_BOUND('',#10068,.T.);
#10068 = EDGE_LOOP('',(#10069,#10070,#10071,#10080,#10088,#10097,#10105,
    #10113,#10121,#10130,#10138,#10147));
#10069 = ORIENTED_EDGE('',*,*,#8851,.F.);
#10070 = ORIENTED_EDGE('',*,*,#8922,.T.);
#10071 = ORIENTED_EDGE('',*,*,#10072,.T.);
#10072 = EDGE_CURVE('',#8923,#10073,#10075,.T.);
#10073 = VERTEX_POINT('',#10074);
#10074 = CARTESIAN_POINT('',(-2.85,0.83,0.7));
#10075 = CIRCLE('',#10076,0.1);
#10076 = AXIS2_PLACEMENT_3D('',#10077,#10078,#10079);
#10077 = CARTESIAN_POINT('',(-2.75,0.83,0.7));
#10078 = DIRECTION('',(-3.445092848398E-16,-1.,0.));
#10079 = DIRECTION('',(-4.440892098501E-15,1.529928560905E-30,1.));
#10080 = ORIENTED_EDGE('',*,*,#10081,.T.);
#10081 = EDGE_CURVE('',#10073,#10082,#10084,.T.);
#10082 = VERTEX_POINT('',#10083);
#10083 = CARTESIAN_POINT('',(-2.85,0.83,0.2));
#10084 = LINE('',#10085,#10086);
#10085 = CARTESIAN_POINT('',(-2.85,0.83,0.7));
#10086 = VECTOR('',#10087,1.);
#10087 = DIRECTION('',(0.,0.,-1.));
#10088 = ORIENTED_EDGE('',*,*,#10089,.T.);
#10089 = EDGE_CURVE('',#10082,#10090,#10092,.T.);
#10090 = VERTEX_POINT('',#10091);
#10091 = CARTESIAN_POINT('',(-3.05,0.83,-8.326672684689E-17));
#10092 = CIRCLE('',#10093,0.2);
#10093 = AXIS2_PLACEMENT_3D('',#10094,#10095,#10096);
#10094 = CARTESIAN_POINT('',(-3.05,0.83,0.2));
#10095 = DIRECTION('',(3.445092848398E-16,1.,0.));
#10096 = DIRECTION('',(1.,-3.445092848398E-16,1.387778780781E-16));
#10097 = ORIENTED_EDGE('',*,*,#10098,.T.);
#10098 = EDGE_CURVE('',#10090,#10099,#10101,.T.);
#10099 = VERTEX_POINT('',#10100);
#10100 = CARTESIAN_POINT('',(-4.2,0.83,-8.326672684689E-17));
#10101 = LINE('',#10102,#10103);
#10102 = CARTESIAN_POINT('',(-3.05,0.83,-8.326672684689E-17));
#10103 = VECTOR('',#10104,1.);
#10104 = DIRECTION('',(-1.,3.445092848398E-16,0.));
#10105 = ORIENTED_EDGE('',*,*,#10106,.T.);
#10106 = EDGE_CURVE('',#10099,#10107,#10109,.T.);
#10107 = VERTEX_POINT('',#10108);
#10108 = CARTESIAN_POINT('',(-4.2,0.83,0.1));
#10109 = LINE('',#10110,#10111);
#10110 = CARTESIAN_POINT('',(-4.2,0.83,-8.326672684689E-17));
#10111 = VECTOR('',#10112,1.);
#10112 = DIRECTION('',(0.,0.,1.));
#10113 = ORIENTED_EDGE('',*,*,#10114,.T.);
#10114 = EDGE_CURVE('',#10107,#10115,#10117,.T.);
#10115 = VERTEX_POINT('',#10116);
#10116 = CARTESIAN_POINT('',(-3.05,0.83,0.1));
#10117 = LINE('',#10118,#10119);
#10118 = CARTESIAN_POINT('',(-4.2,0.83,0.1));
#10119 = VECTOR('',#10120,1.);
#10120 = DIRECTION('',(1.,-3.445092848398E-16,0.));
#10121 = ORIENTED_EDGE('',*,*,#10122,.T.);
#10122 = EDGE_CURVE('',#10115,#10123,#10125,.T.);
#10123 = VERTEX_POINT('',#10124);
#10124 = CARTESIAN_POINT('',(-2.95,0.83,0.2));
#10125 = CIRCLE('',#10126,0.1);
#10126 = AXIS2_PLACEMENT_3D('',#10127,#10128,#10129);
#10127 = CARTESIAN_POINT('',(-3.05,0.83,0.2));
#10128 = DIRECTION('',(-3.445092848398E-16,-1.,-0.));
#10129 = DIRECTION('',(0.,0.,-1.));
#10130 = ORIENTED_EDGE('',*,*,#10131,.T.);
#10131 = EDGE_CURVE('',#10123,#10132,#10134,.T.);
#10132 = VERTEX_POINT('',#10133);
#10133 = CARTESIAN_POINT('',(-2.95,0.83,0.7));
#10134 = LINE('',#10135,#10136);
#10135 = CARTESIAN_POINT('',(-2.95,0.83,0.2));
#10136 = VECTOR('',#10137,1.);
#10137 = DIRECTION('',(0.,0.,1.));
#10138 = ORIENTED_EDGE('',*,*,#10139,.T.);
#10139 = EDGE_CURVE('',#10132,#10140,#10142,.T.);
#10140 = VERTEX_POINT('',#10141);
#10141 = CARTESIAN_POINT('',(-2.75,0.83,0.9));
#10142 = CIRCLE('',#10143,0.2);
#10143 = AXIS2_PLACEMENT_3D('',#10144,#10145,#10146);
#10144 = CARTESIAN_POINT('',(-2.75,0.83,0.7));
#10145 = DIRECTION('',(3.445092848398E-16,1.,0.));
#10146 = DIRECTION('',(-1.,3.445092848398E-16,4.440892098501E-15));
#10147 = ORIENTED_EDGE('',*,*,#10148,.T.);
#10148 = EDGE_CURVE('',#10140,#8852,#10149,.T.);
#10149 = LINE('',#10150,#10151);
#10150 = CARTESIAN_POINT('',(-2.75,0.83,0.9));
#10151 = VECTOR('',#10152,1.);
#10152 = DIRECTION('',(1.,-3.445092848398E-16,0.));
#10153 = PLANE('',#10154);
#10154 = AXIS2_PLACEMENT_3D('',#10155,#10156,#10157);
#10155 = CARTESIAN_POINT('',(-3.228483899678,0.83,0.304007155699));
#10156 = DIRECTION('',(3.445092848398E-16,1.,0.));
#10157 = DIRECTION('',(0.,-0.,1.));
#10158 = ADVANCED_FACE('',(#10159),#10175,.F.);
#10159 = FACE_BOUND('',#10160,.F.);
#10160 = EDGE_LOOP('',(#10161,#10167,#10168,#10174));
#10161 = ORIENTED_EDGE('',*,*,#10162,.F.);
#10162 = EDGE_CURVE('',#8852,#9375,#10163,.T.);
#10163 = LINE('',#10164,#10165);
#10164 = CARTESIAN_POINT('',(-2.75,0.83,0.9));
#10165 = VECTOR('',#10166,1.);
#10166 = DIRECTION('',(1.,-3.445092848398E-16,0.));
#10167 = ORIENTED_EDGE('',*,*,#8868,.T.);
#10168 = ORIENTED_EDGE('',*,*,#10169,.T.);
#10169 = EDGE_CURVE('',#8861,#9383,#10170,.T.);
#10170 = LINE('',#10171,#10172);
#10171 = CARTESIAN_POINT('',(-2.75,1.71,0.9));
#10172 = VECTOR('',#10173,1.);
#10173 = DIRECTION('',(1.,-3.445092848398E-16,0.));
#10174 = ORIENTED_EDGE('',*,*,#9382,.F.);
#10175 = B_SPLINE_SURFACE_WITH_KNOTS('',1,1,(
    (#10176,#10177)
    ,(#10178,#10179
    )),.UNSPECIFIED.,.F.,.F.,.F.,(2,2),(2,2),(0.,5.85),(0.,1.),
  .PIECEWISE_BEZIER_KNOTS.);
#10176 = CARTESIAN_POINT('',(-2.65,-2.925,0.9));
#10177 = CARTESIAN_POINT('',(-2.575,-2.8875,0.9));
#10178 = CARTESIAN_POINT('',(-2.65,2.925,0.9));
#10179 = CARTESIAN_POINT('',(-2.575,2.8875,0.9));
#10180 = ADVANCED_FACE('',(#10181),#10200,.F.);
#10181 = FACE_BOUND('',#10182,.F.);
#10182 = EDGE_LOOP('',(#10183,#10184,#10193,#10199));
#10183 = ORIENTED_EDGE('',*,*,#8899,.T.);
#10184 = ORIENTED_EDGE('',*,*,#10185,.T.);
#10185 = EDGE_CURVE('',#8892,#10186,#10188,.T.);
#10186 = VERTEX_POINT('',#10187);
#10187 = CARTESIAN_POINT('',(-2.85,-0.44,0.7));
#10188 = CIRCLE('',#10189,0.1);
#10189 = AXIS2_PLACEMENT_3D('',#10190,#10191,#10192);
#10190 = CARTESIAN_POINT('',(-2.75,-0.44,0.7));
#10191 = DIRECTION('',(-3.445092848398E-16,-1.,0.));
#10192 = DIRECTION('',(-4.440892098501E-15,1.529928560905E-30,1.));
#10193 = ORIENTED_EDGE('',*,*,#10194,.F.);
#10194 = EDGE_CURVE('',#9981,#10186,#10195,.T.);
#10195 = LINE('',#10196,#10197);
#10196 = CARTESIAN_POINT('',(-2.85,-0.83,0.7));
#10197 = VECTOR('',#10198,1.);
#10198 = DIRECTION('',(3.445092848398E-16,1.,0.));
#10199 = ORIENTED_EDGE('',*,*,#9980,.F.);
#10200 = CYLINDRICAL_SURFACE('',#10201,0.1);
#10201 = AXIS2_PLACEMENT_3D('',#10202,#10203,#10204);
#10202 = CARTESIAN_POINT('',(-2.75,-0.83,0.7));
#10203 = DIRECTION('',(-3.445092848398E-16,-1.,0.));
#10204 = DIRECTION('',(-4.440892098501E-15,1.529928560905E-30,1.));
#10205 = ADVANCED_FACE('',(#10206),#10284,.T.);
#10206 = FACE_BOUND('',#10207,.T.);
#10207 = EDGE_LOOP('',(#10208,#10209,#10210,#10211,#10219,#10228,#10236,
    #10244,#10252,#10261,#10269,#10278));
#10208 = ORIENTED_EDGE('',*,*,#8944,.F.);
#10209 = ORIENTED_EDGE('',*,*,#8891,.T.);
#10210 = ORIENTED_EDGE('',*,*,#10185,.T.);
#10211 = ORIENTED_EDGE('',*,*,#10212,.T.);
#10212 = EDGE_CURVE('',#10186,#10213,#10215,.T.);
#10213 = VERTEX_POINT('',#10214);
#10214 = CARTESIAN_POINT('',(-2.85,-0.44,0.2));
#10215 = LINE('',#10216,#10217);
#10216 = CARTESIAN_POINT('',(-2.85,-0.44,0.7));
#10217 = VECTOR('',#10218,1.);
#10218 = DIRECTION('',(0.,0.,-1.));
#10219 = ORIENTED_EDGE('',*,*,#10220,.T.);
#10220 = EDGE_CURVE('',#10213,#10221,#10223,.T.);
#10221 = VERTEX_POINT('',#10222);
#10222 = CARTESIAN_POINT('',(-3.05,-0.44,-8.326672684689E-17));
#10223 = CIRCLE('',#10224,0.2);
#10224 = AXIS2_PLACEMENT_3D('',#10225,#10226,#10227);
#10225 = CARTESIAN_POINT('',(-3.05,-0.44,0.2));
#10226 = DIRECTION('',(3.445092848398E-16,1.,0.));
#10227 = DIRECTION('',(1.,-3.445092848398E-16,1.387778780781E-16));
#10228 = ORIENTED_EDGE('',*,*,#10229,.T.);
#10229 = EDGE_CURVE('',#10221,#10230,#10232,.T.);
#10230 = VERTEX_POINT('',#10231);
#10231 = CARTESIAN_POINT('',(-4.2,-0.44,-8.326672684689E-17));
#10232 = LINE('',#10233,#10234);
#10233 = CARTESIAN_POINT('',(-3.05,-0.44,-8.326672684689E-17));
#10234 = VECTOR('',#10235,1.);
#10235 = DIRECTION('',(-1.,3.445092848398E-16,0.));
#10236 = ORIENTED_EDGE('',*,*,#10237,.T.);
#10237 = EDGE_CURVE('',#10230,#10238,#10240,.T.);
#10238 = VERTEX_POINT('',#10239);
#10239 = CARTESIAN_POINT('',(-4.2,-0.44,0.1));
#10240 = LINE('',#10241,#10242);
#10241 = CARTESIAN_POINT('',(-4.2,-0.44,-8.326672684689E-17));
#10242 = VECTOR('',#10243,1.);
#10243 = DIRECTION('',(0.,0.,1.));
#10244 = ORIENTED_EDGE('',*,*,#10245,.T.);
#10245 = EDGE_CURVE('',#10238,#10246,#10248,.T.);
#10246 = VERTEX_POINT('',#10247);
#10247 = CARTESIAN_POINT('',(-3.05,-0.44,0.1));
#10248 = LINE('',#10249,#10250);
#10249 = CARTESIAN_POINT('',(-4.2,-0.44,0.1));
#10250 = VECTOR('',#10251,1.);
#10251 = DIRECTION('',(1.,-3.445092848398E-16,0.));
#10252 = ORIENTED_EDGE('',*,*,#10253,.T.);
#10253 = EDGE_CURVE('',#10246,#10254,#10256,.T.);
#10254 = VERTEX_POINT('',#10255);
#10255 = CARTESIAN_POINT('',(-2.95,-0.44,0.2));
#10256 = CIRCLE('',#10257,0.1);
#10257 = AXIS2_PLACEMENT_3D('',#10258,#10259,#10260);
#10258 = CARTESIAN_POINT('',(-3.05,-0.44,0.2));
#10259 = DIRECTION('',(-3.445092848398E-16,-1.,-0.));
#10260 = DIRECTION('',(0.,0.,-1.));
#10261 = ORIENTED_EDGE('',*,*,#10262,.T.);
#10262 = EDGE_CURVE('',#10254,#10263,#10265,.T.);
#10263 = VERTEX_POINT('',#10264);
#10264 = CARTESIAN_POINT('',(-2.95,-0.44,0.7));
#10265 = LINE('',#10266,#10267);
#10266 = CARTESIAN_POINT('',(-2.95,-0.44,0.2));
#10267 = VECTOR('',#10268,1.);
#10268 = DIRECTION('',(0.,0.,1.));
#10269 = ORIENTED_EDGE('',*,*,#10270,.T.);
#10270 = EDGE_CURVE('',#10263,#10271,#10273,.T.);
#10271 = VERTEX_POINT('',#10272);
#10272 = CARTESIAN_POINT('',(-2.75,-0.44,0.9));
#10273 = CIRCLE('',#10274,0.2);
#10274 = AXIS2_PLACEMENT_3D('',#10275,#10276,#10277);
#10275 = CARTESIAN_POINT('',(-2.75,-0.44,0.7));
#10276 = DIRECTION('',(3.445092848398E-16,1.,0.));
#10277 = DIRECTION('',(-1.,3.445092848398E-16,4.440892098501E-15));
#10278 = ORIENTED_EDGE('',*,*,#10279,.T.);
#10279 = EDGE_CURVE('',#10271,#8945,#10280,.T.);
#10280 = LINE('',#10281,#10282);
#10281 = CARTESIAN_POINT('',(-2.75,-0.44,0.9));
#10282 = VECTOR('',#10283,1.);
#10283 = DIRECTION('',(1.,-3.445092848398E-16,0.));
#10284 = PLANE('',#10285);
#10285 = AXIS2_PLACEMENT_3D('',#10286,#10287,#10288);
#10286 = CARTESIAN_POINT('',(-3.228483899678,-0.44,0.304007155699));
#10287 = DIRECTION('',(3.445092848398E-16,1.,0.));
#10288 = DIRECTION('',(0.,-0.,1.));
#10289 = ADVANCED_FACE('',(#10290),#10376,.F.);
#10290 = FACE_BOUND('',#10291,.F.);
#10291 = EDGE_LOOP('',(#10292,#10293,#10294,#10303,#10311,#10320,#10328,
    #10336,#10344,#10353,#10361,#10370));
#10292 = ORIENTED_EDGE('',*,*,#8953,.F.);
#10293 = ORIENTED_EDGE('',*,*,#8913,.T.);
#10294 = ORIENTED_EDGE('',*,*,#10295,.T.);
#10295 = EDGE_CURVE('',#8914,#10296,#10298,.T.);
#10296 = VERTEX_POINT('',#10297);
#10297 = CARTESIAN_POINT('',(-2.85,0.44,0.7));
#10298 = CIRCLE('',#10299,0.1);
#10299 = AXIS2_PLACEMENT_3D('',#10300,#10301,#10302);
#10300 = CARTESIAN_POINT('',(-2.75,0.44,0.7));
#10301 = DIRECTION('',(-3.445092848398E-16,-1.,0.));
#10302 = DIRECTION('',(-4.440892098501E-15,1.529928560905E-30,1.));
#10303 = ORIENTED_EDGE('',*,*,#10304,.T.);
#10304 = EDGE_CURVE('',#10296,#10305,#10307,.T.);
#10305 = VERTEX_POINT('',#10306);
#10306 = CARTESIAN_POINT('',(-2.85,0.44,0.2));
#10307 = LINE('',#10308,#10309);
#10308 = CARTESIAN_POINT('',(-2.85,0.44,0.7));
#10309 = VECTOR('',#10310,1.);
#10310 = DIRECTION('',(0.,0.,-1.));
#10311 = ORIENTED_EDGE('',*,*,#10312,.T.);
#10312 = EDGE_CURVE('',#10305,#10313,#10315,.T.);
#10313 = VERTEX_POINT('',#10314);
#10314 = CARTESIAN_POINT('',(-3.05,0.44,-8.326672684689E-17));
#10315 = CIRCLE('',#10316,0.2);
#10316 = AXIS2_PLACEMENT_3D('',#10317,#10318,#10319);
#10317 = CARTESIAN_POINT('',(-3.05,0.44,0.2));
#10318 = DIRECTION('',(3.445092848398E-16,1.,0.));
#10319 = DIRECTION('',(1.,-3.445092848398E-16,1.387778780781E-16));
#10320 = ORIENTED_EDGE('',*,*,#10321,.T.);
#10321 = EDGE_CURVE('',#10313,#10322,#10324,.T.);
#10322 = VERTEX_POINT('',#10323);
#10323 = CARTESIAN_POINT('',(-4.2,0.44,-8.326672684689E-17));
#10324 = LINE('',#10325,#10326);
#10325 = CARTESIAN_POINT('',(-3.05,0.44,-8.326672684689E-17));
#10326 = VECTOR('',#10327,1.);
#10327 = DIRECTION('',(-1.,3.445092848398E-16,0.));
#10328 = ORIENTED_EDGE('',*,*,#10329,.T.);
#10329 = EDGE_CURVE('',#10322,#10330,#10332,.T.);
#10330 = VERTEX_POINT('',#10331);
#10331 = CARTESIAN_POINT('',(-4.2,0.44,0.1));
#10332 = LINE('',#10333,#10334);
#10333 = CARTESIAN_POINT('',(-4.2,0.44,-8.326672684689E-17));
#10334 = VECTOR('',#10335,1.);
#10335 = DIRECTION('',(0.,0.,1.));
#10336 = ORIENTED_EDGE('',*,*,#10337,.T.);
#10337 = EDGE_CURVE('',#10330,#10338,#10340,.T.);
#10338 = VERTEX_POINT('',#10339);
#10339 = CARTESIAN_POINT('',(-3.05,0.44,0.1));
#10340 = LINE('',#10341,#10342);
#10341 = CARTESIAN_POINT('',(-4.2,0.44,0.1));
#10342 = VECTOR('',#10343,1.);
#10343 = DIRECTION('',(1.,-3.445092848398E-16,0.));
#10344 = ORIENTED_EDGE('',*,*,#10345,.T.);
#10345 = EDGE_CURVE('',#10338,#10346,#10348,.T.);
#10346 = VERTEX_POINT('',#10347);
#10347 = CARTESIAN_POINT('',(-2.95,0.44,0.2));
#10348 = CIRCLE('',#10349,0.1);
#10349 = AXIS2_PLACEMENT_3D('',#10350,#10351,#10352);
#10350 = CARTESIAN_POINT('',(-3.05,0.44,0.2));
#10351 = DIRECTION('',(-3.445092848398E-16,-1.,-0.));
#10352 = DIRECTION('',(0.,0.,-1.));
#10353 = ORIENTED_EDGE('',*,*,#10354,.T.);
#10354 = EDGE_CURVE('',#10346,#10355,#10357,.T.);
#10355 = VERTEX_POINT('',#10356);
#10356 = CARTESIAN_POINT('',(-2.95,0.44,0.7));
#10357 = LINE('',#10358,#10359);
#10358 = CARTESIAN_POINT('',(-2.95,0.44,0.2));
#10359 = VECTOR('',#10360,1.);
#10360 = DIRECTION('',(0.,0.,1.));
#10361 = ORIENTED_EDGE('',*,*,#10362,.T.);
#10362 = EDGE_CURVE('',#10355,#10363,#10365,.T.);
#10363 = VERTEX_POINT('',#10364);
#10364 = CARTESIAN_POINT('',(-2.75,0.44,0.9));
#10365 = CIRCLE('',#10366,0.2);
#10366 = AXIS2_PLACEMENT_3D('',#10367,#10368,#10369);
#10367 = CARTESIAN_POINT('',(-2.75,0.44,0.7));
#10368 = DIRECTION('',(3.445092848398E-16,1.,0.));
#10369 = DIRECTION('',(-1.,3.445092848398E-16,4.440892098501E-15));
#10370 = ORIENTED_EDGE('',*,*,#10371,.T.);
#10371 = EDGE_CURVE('',#10363,#8954,#10372,.T.);
#10372 = LINE('',#10373,#10374);
#10373 = CARTESIAN_POINT('',(-2.75,0.44,0.9));
#10374 = VECTOR('',#10375,1.);
#10375 = DIRECTION('',(1.,-3.445092848398E-16,0.));
#10376 = PLANE('',#10377);
#10377 = AXIS2_PLACEMENT_3D('',#10378,#10379,#10380);
#10378 = CARTESIAN_POINT('',(-3.228483899678,0.44,0.304007155699));
#10379 = DIRECTION('',(3.445092848398E-16,1.,0.));
#10380 = DIRECTION('',(0.,-0.,1.));
#10381 = ADVANCED_FACE('',(#10382),#10393,.F.);
#10382 = FACE_BOUND('',#10383,.F.);
#10383 = EDGE_LOOP('',(#10384,#10385,#10386,#10392));
#10384 = ORIENTED_EDGE('',*,*,#8930,.T.);
#10385 = ORIENTED_EDGE('',*,*,#10072,.T.);
#10386 = ORIENTED_EDGE('',*,*,#10387,.F.);
#10387 = EDGE_CURVE('',#10296,#10073,#10388,.T.);
#10388 = LINE('',#10389,#10390);
#10389 = CARTESIAN_POINT('',(-2.85,0.44,0.7));
#10390 = VECTOR('',#10391,1.);
#10391 = DIRECTION('',(3.445092848398E-16,1.,0.));
#10392 = ORIENTED_EDGE('',*,*,#10295,.F.);
#10393 = CYLINDRICAL_SURFACE('',#10394,0.1);
#10394 = AXIS2_PLACEMENT_3D('',#10395,#10396,#10397);
#10395 = CARTESIAN_POINT('',(-2.75,0.44,0.7));
#10396 = DIRECTION('',(-3.445092848398E-16,-1.,0.));
#10397 = DIRECTION('',(-4.440892098501E-15,1.529928560905E-30,1.));
#10398 = ADVANCED_FACE('',(#10399),#10415,.F.);
#10399 = FACE_BOUND('',#10400,.F.);
#10400 = EDGE_LOOP('',(#10401,#10407,#10408,#10414));
#10401 = ORIENTED_EDGE('',*,*,#10402,.F.);
#10402 = EDGE_CURVE('',#8945,#9359,#10403,.T.);
#10403 = LINE('',#10404,#10405);
#10404 = CARTESIAN_POINT('',(-2.75,-0.44,0.9));
#10405 = VECTOR('',#10406,1.);
#10406 = DIRECTION('',(1.,-3.445092848398E-16,0.));
#10407 = ORIENTED_EDGE('',*,*,#8961,.T.);
#10408 = ORIENTED_EDGE('',*,*,#10409,.T.);
#10409 = EDGE_CURVE('',#8954,#9367,#10410,.T.);
#10410 = LINE('',#10411,#10412);
#10411 = CARTESIAN_POINT('',(-2.75,0.44,0.9));
#10412 = VECTOR('',#10413,1.);
#10413 = DIRECTION('',(1.,-3.445092848398E-16,0.));
#10414 = ORIENTED_EDGE('',*,*,#9366,.F.);
#10415 = B_SPLINE_SURFACE_WITH_KNOTS('',1,1,(
    (#10416,#10417)
    ,(#10418,#10419
    )),.UNSPECIFIED.,.F.,.F.,.F.,(2,2),(2,2),(0.,5.85),(0.,1.),
  .PIECEWISE_BEZIER_KNOTS.);
#10416 = CARTESIAN_POINT('',(-2.65,-2.925,0.9));
#10417 = CARTESIAN_POINT('',(-2.575,-2.8875,0.9));
#10418 = CARTESIAN_POINT('',(-2.65,2.925,0.9));
#10419 = CARTESIAN_POINT('',(-2.575,2.8875,0.9));
#10420 = ADVANCED_FACE('',(#10421),#10427,.F.);
#10421 = FACE_BOUND('',#10422,.F.);
#10422 = EDGE_LOOP('',(#10423,#10424,#10425,#10426));
#10423 = ORIENTED_EDGE('',*,*,#8977,.T.);
#10424 = ORIENTED_EDGE('',*,*,#9280,.T.);
#10425 = ORIENTED_EDGE('',*,*,#9309,.F.);
#10426 = ORIENTED_EDGE('',*,*,#9724,.F.);
#10427 = B_SPLINE_SURFACE_WITH_KNOTS('',1,1,(
    (#10428,#10429)
    ,(#10430,#10431
    )),.UNSPECIFIED.,.F.,.F.,.F.,(2,2),(2,2),(0.,0.247487373415),(0.,1.)
  ,.PIECEWISE_BEZIER_KNOTS.);
#10428 = CARTESIAN_POINT('',(-2.65,2.925,0.9));
#10429 = CARTESIAN_POINT('',(-2.575,2.8875,0.9));
#10430 = CARTESIAN_POINT('',(-2.475,3.1,0.9));
#10431 = CARTESIAN_POINT('',(-2.4375,3.025,0.9));
#10432 = ADVANCED_FACE('',(#10433),#10446,.F.);
#10433 = FACE_BOUND('',#10434,.F.);
#10434 = EDGE_LOOP('',(#10435,#10436,#10442,#10443,#10444,#10445));
#10435 = ORIENTED_EDGE('',*,*,#9611,.F.);
#10436 = ORIENTED_EDGE('',*,*,#10437,.T.);
#10437 = EDGE_CURVE('',#9603,#9825,#10438,.T.);
#10438 = LINE('',#10439,#10440);
#10439 = CARTESIAN_POINT('',(-2.75,-2.1,0.9));
#10440 = VECTOR('',#10441,1.);
#10441 = DIRECTION('',(3.445092848398E-16,1.,0.));
#10442 = ORIENTED_EDGE('',*,*,#9833,.T.);
#10443 = ORIENTED_EDGE('',*,*,#9956,.T.);
#10444 = ORIENTED_EDGE('',*,*,#9342,.F.);
#10445 = ORIENTED_EDGE('',*,*,#9518,.F.);
#10446 = PLANE('',#10447);
#10447 = AXIS2_PLACEMENT_3D('',#10448,#10449,#10450);
#10448 = CARTESIAN_POINT('',(-2.75,-2.1,0.9));
#10449 = DIRECTION('',(0.,0.,-1.));
#10450 = DIRECTION('',(1.,-3.445092848398E-16,0.));
#10451 = ADVANCED_FACE('',(#10452),#10465,.F.);
#10452 = FACE_BOUND('',#10453,.F.);
#10453 = EDGE_LOOP('',(#10454,#10455,#10461,#10462,#10463,#10464));
#10454 = ORIENTED_EDGE('',*,*,#10056,.F.);
#10455 = ORIENTED_EDGE('',*,*,#10456,.T.);
#10456 = EDGE_CURVE('',#10048,#10271,#10457,.T.);
#10457 = LINE('',#10458,#10459);
#10458 = CARTESIAN_POINT('',(-2.75,-0.83,0.9));
#10459 = VECTOR('',#10460,1.);
#10460 = DIRECTION('',(3.445092848398E-16,1.,0.));
#10461 = ORIENTED_EDGE('',*,*,#10279,.T.);
#10462 = ORIENTED_EDGE('',*,*,#10402,.T.);
#10463 = ORIENTED_EDGE('',*,*,#9358,.F.);
#10464 = ORIENTED_EDGE('',*,*,#9963,.F.);
#10465 = PLANE('',#10466);
#10466 = AXIS2_PLACEMENT_3D('',#10467,#10468,#10469);
#10467 = CARTESIAN_POINT('',(-2.75,-0.83,0.9));
#10468 = DIRECTION('',(0.,0.,-1.));
#10469 = DIRECTION('',(1.,-3.445092848398E-16,0.));
#10470 = ADVANCED_FACE('',(#10471),#10484,.F.);
#10471 = FACE_BOUND('',#10472,.F.);
#10472 = EDGE_LOOP('',(#10473,#10474,#10480,#10481,#10482,#10483));
#10473 = ORIENTED_EDGE('',*,*,#9925,.F.);
#10474 = ORIENTED_EDGE('',*,*,#10475,.T.);
#10475 = EDGE_CURVE('',#9917,#9695,#10476,.T.);
#10476 = LINE('',#10477,#10478);
#10477 = CARTESIAN_POINT('',(-2.75,1.71,0.9));
#10478 = VECTOR('',#10479,1.);
#10479 = DIRECTION('',(3.445092848398E-16,1.,0.));
#10480 = ORIENTED_EDGE('',*,*,#9703,.T.);
#10481 = ORIENTED_EDGE('',*,*,#9717,.T.);
#10482 = ORIENTED_EDGE('',*,*,#9390,.F.);
#10483 = ORIENTED_EDGE('',*,*,#10169,.F.);
#10484 = PLANE('',#10485);
#10485 = AXIS2_PLACEMENT_3D('',#10486,#10487,#10488);
#10486 = CARTESIAN_POINT('',(-2.75,1.71,0.9));
#10487 = DIRECTION('',(0.,0.,-1.));
#10488 = DIRECTION('',(1.,-3.445092848398E-16,0.));
#10489 = ADVANCED_FACE('',(#10490),#10503,.F.);
#10490 = FACE_BOUND('',#10491,.F.);
#10491 = EDGE_LOOP('',(#10492,#10493,#10499,#10500,#10501,#10502));
#10492 = ORIENTED_EDGE('',*,*,#10371,.F.);
#10493 = ORIENTED_EDGE('',*,*,#10494,.T.);
#10494 = EDGE_CURVE('',#10363,#10140,#10495,.T.);
#10495 = LINE('',#10496,#10497);
#10496 = CARTESIAN_POINT('',(-2.75,0.44,0.9));
#10497 = VECTOR('',#10498,1.);
#10498 = DIRECTION('',(3.445092848398E-16,1.,0.));
#10499 = ORIENTED_EDGE('',*,*,#10148,.T.);
#10500 = ORIENTED_EDGE('',*,*,#10162,.T.);
#10501 = ORIENTED_EDGE('',*,*,#9374,.F.);
#10502 = ORIENTED_EDGE('',*,*,#10409,.F.);
#10503 = PLANE('',#10504);
#10504 = AXIS2_PLACEMENT_3D('',#10505,#10506,#10507);
#10505 = CARTESIAN_POINT('',(-2.75,0.44,0.9));
#10506 = DIRECTION('',(0.,0.,-1.));
#10507 = DIRECTION('',(1.,-3.445092848398E-16,0.));
#10508 = ADVANCED_FACE('',(#10509),#10512,.T.);
#10509 = FACE_BOUND('',#10510,.T.);
#10510 = EDGE_LOOP('',(#10511));
#10511 = ORIENTED_EDGE('',*,*,#9459,.T.);
#10512 = PLANE('',#10513);
#10513 = AXIS2_PLACEMENT_3D('',#10514,#10515,#10516);
#10514 = CARTESIAN_POINT('',(-1.564130891773,2.014130891773,1.55));
#10515 = DIRECTION('',(0.,0.,1.));
#10516 = DIRECTION('',(-2.22044604925E-16,-1.,0.));
#10517 = ADVANCED_FACE('',(#10518),#10529,.T.);
#10518 = FACE_BOUND('',#10519,.T.);
#10519 = EDGE_LOOP('',(#10520,#10521,#10522,#10523));
#10520 = ORIENTED_EDGE('',*,*,#9602,.T.);
#10521 = ORIENTED_EDGE('',*,*,#10437,.T.);
#10522 = ORIENTED_EDGE('',*,*,#9824,.F.);
#10523 = ORIENTED_EDGE('',*,*,#10524,.F.);
#10524 = EDGE_CURVE('',#9595,#9817,#10525,.T.);
#10525 = LINE('',#10526,#10527);
#10526 = CARTESIAN_POINT('',(-2.95,-2.1,0.7));
#10527 = VECTOR('',#10528,1.);
#10528 = DIRECTION('',(3.445092848398E-16,1.,0.));
#10529 = CYLINDRICAL_SURFACE('',#10530,0.2);
#10530 = AXIS2_PLACEMENT_3D('',#10531,#10532,#10533);
#10531 = CARTESIAN_POINT('',(-2.75,-2.1,0.7));
#10532 = DIRECTION('',(-3.445092848398E-16,-1.,-0.));
#10533 = DIRECTION('',(-1.,3.445092848398E-16,4.440892098501E-15));
#10534 = ADVANCED_FACE('',(#10535),#10546,.F.);
#10535 = FACE_BOUND('',#10536,.F.);
#10536 = EDGE_LOOP('',(#10537,#10543,#10544,#10545));
#10537 = ORIENTED_EDGE('',*,*,#10538,.T.);
#10538 = EDGE_CURVE('',#9586,#9808,#10539,.T.);
#10539 = LINE('',#10540,#10541);
#10540 = CARTESIAN_POINT('',(-2.95,-2.1,0.2));
#10541 = VECTOR('',#10542,1.);
#10542 = DIRECTION('',(3.445092848398E-16,1.,0.));
#10543 = ORIENTED_EDGE('',*,*,#9816,.T.);
#10544 = ORIENTED_EDGE('',*,*,#10524,.F.);
#10545 = ORIENTED_EDGE('',*,*,#9594,.F.);
#10546 = PLANE('',#10547);
#10547 = AXIS2_PLACEMENT_3D('',#10548,#10549,#10550);
#10548 = CARTESIAN_POINT('',(-2.95,-2.1,0.2));
#10549 = DIRECTION('',(1.,-3.445092848398E-16,0.));
#10550 = DIRECTION('',(0.,0.,1.));
#10551 = ADVANCED_FACE('',(#10552),#10563,.F.);
#10552 = FACE_BOUND('',#10553,.F.);
#10553 = EDGE_LOOP('',(#10554,#10560,#10561,#10562));
#10554 = ORIENTED_EDGE('',*,*,#10555,.T.);
#10555 = EDGE_CURVE('',#9578,#9800,#10556,.T.);
#10556 = LINE('',#10557,#10558);
#10557 = CARTESIAN_POINT('',(-3.05,-2.1,0.1));
#10558 = VECTOR('',#10559,1.);
#10559 = DIRECTION('',(3.445092848398E-16,1.,0.));
#10560 = ORIENTED_EDGE('',*,*,#9807,.T.);
#10561 = ORIENTED_EDGE('',*,*,#10538,.F.);
#10562 = ORIENTED_EDGE('',*,*,#9585,.F.);
#10563 = CYLINDRICAL_SURFACE('',#10564,0.1);
#10564 = AXIS2_PLACEMENT_3D('',#10565,#10566,#10567);
#10565 = CARTESIAN_POINT('',(-3.05,-2.1,0.2));
#10566 = DIRECTION('',(-3.445092848398E-16,-1.,0.));
#10567 = DIRECTION('',(-0.,0.,-1.));
#10568 = ADVANCED_FACE('',(#10569),#10580,.F.);
#10569 = FACE_BOUND('',#10570,.F.);
#10570 = EDGE_LOOP('',(#10571,#10577,#10578,#10579));
#10571 = ORIENTED_EDGE('',*,*,#10572,.T.);
#10572 = EDGE_CURVE('',#9570,#9792,#10573,.T.);
#10573 = LINE('',#10574,#10575);
#10574 = CARTESIAN_POINT('',(-4.2,-2.1,0.1));
#10575 = VECTOR('',#10576,1.);
#10576 = DIRECTION('',(3.445092848398E-16,1.,0.));
#10577 = ORIENTED_EDGE('',*,*,#9799,.T.);
#10578 = ORIENTED_EDGE('',*,*,#10555,.F.);
#10579 = ORIENTED_EDGE('',*,*,#9577,.F.);
#10580 = PLANE('',#10581);
#10581 = AXIS2_PLACEMENT_3D('',#10582,#10583,#10584);
#10582 = CARTESIAN_POINT('',(-4.2,-2.1,0.1));
#10583 = DIRECTION('',(0.,0.,-1.));
#10584 = DIRECTION('',(1.,-3.445092848398E-16,0.));
#10585 = ADVANCED_FACE('',(#10586),#10597,.F.);
#10586 = FACE_BOUND('',#10587,.F.);
#10587 = EDGE_LOOP('',(#10588,#10594,#10595,#10596));
#10588 = ORIENTED_EDGE('',*,*,#10589,.T.);
#10589 = EDGE_CURVE('',#9562,#9784,#10590,.T.);
#10590 = LINE('',#10591,#10592);
#10591 = CARTESIAN_POINT('',(-4.2,-2.1,-8.326672684689E-17));
#10592 = VECTOR('',#10593,1.);
#10593 = DIRECTION('',(3.445092848398E-16,1.,0.));
#10594 = ORIENTED_EDGE('',*,*,#9791,.T.);
#10595 = ORIENTED_EDGE('',*,*,#10572,.F.);
#10596 = ORIENTED_EDGE('',*,*,#9569,.F.);
#10597 = PLANE('',#10598);
#10598 = AXIS2_PLACEMENT_3D('',#10599,#10600,#10601);
#10599 = CARTESIAN_POINT('',(-4.2,-2.1,-8.326672684689E-17));
#10600 = DIRECTION('',(1.,-3.445092848398E-16,0.));
#10601 = DIRECTION('',(0.,0.,1.));
#10602 = ADVANCED_FACE('',(#10603),#10614,.F.);
#10603 = FACE_BOUND('',#10604,.F.);
#10604 = EDGE_LOOP('',(#10605,#10611,#10612,#10613));
#10605 = ORIENTED_EDGE('',*,*,#10606,.T.);
#10606 = EDGE_CURVE('',#9553,#9775,#10607,.T.);
#10607 = LINE('',#10608,#10609);
#10608 = CARTESIAN_POINT('',(-3.05,-2.1,-8.326672684689E-17));
#10609 = VECTOR('',#10610,1.);
#10610 = DIRECTION('',(3.445092848398E-16,1.,0.));
#10611 = ORIENTED_EDGE('',*,*,#9783,.T.);
#10612 = ORIENTED_EDGE('',*,*,#10589,.F.);
#10613 = ORIENTED_EDGE('',*,*,#9561,.F.);
#10614 = PLANE('',#10615);
#10615 = AXIS2_PLACEMENT_3D('',#10616,#10617,#10618);
#10616 = CARTESIAN_POINT('',(-3.05,-2.1,-8.326672684689E-17));
#10617 = DIRECTION('',(0.,0.,1.));
#10618 = DIRECTION('',(-1.,3.445092848398E-16,0.));
#10619 = ADVANCED_FACE('',(#10620),#10631,.T.);
#10620 = FACE_BOUND('',#10621,.T.);
#10621 = EDGE_LOOP('',(#10622,#10623,#10624,#10625));
#10622 = ORIENTED_EDGE('',*,*,#9552,.T.);
#10623 = ORIENTED_EDGE('',*,*,#10606,.T.);
#10624 = ORIENTED_EDGE('',*,*,#9774,.F.);
#10625 = ORIENTED_EDGE('',*,*,#10626,.F.);
#10626 = EDGE_CURVE('',#9545,#9767,#10627,.T.);
#10627 = LINE('',#10628,#10629);
#10628 = CARTESIAN_POINT('',(-2.85,-2.1,0.2));
#10629 = VECTOR('',#10630,1.);
#10630 = DIRECTION('',(3.445092848398E-16,1.,0.));
#10631 = CYLINDRICAL_SURFACE('',#10632,0.2);
#10632 = AXIS2_PLACEMENT_3D('',#10633,#10634,#10635);
#10633 = CARTESIAN_POINT('',(-3.05,-2.1,0.2));
#10634 = DIRECTION('',(-3.445092848398E-16,-1.,-0.));
#10635 = DIRECTION('',(1.,-3.445092848398E-16,1.387778780781E-16));
#10636 = ADVANCED_FACE('',(#10637),#10643,.F.);
#10637 = FACE_BOUND('',#10638,.F.);
#10638 = EDGE_LOOP('',(#10639,#10640,#10641,#10642));
#10639 = ORIENTED_EDGE('',*,*,#9748,.T.);
#10640 = ORIENTED_EDGE('',*,*,#9766,.T.);
#10641 = ORIENTED_EDGE('',*,*,#10626,.F.);
#10642 = ORIENTED_EDGE('',*,*,#9544,.F.);
#10643 = PLANE('',#10644);
#10644 = AXIS2_PLACEMENT_3D('',#10645,#10646,#10647);
#10645 = CARTESIAN_POINT('',(-2.85,-2.1,0.7));
#10646 = DIRECTION('',(-1.,3.445092848398E-16,0.));
#10647 = DIRECTION('',(0.,0.,-1.));
#10648 = ADVANCED_FACE('',(#10649),#10660,.T.);
#10649 = FACE_BOUND('',#10650,.T.);
#10650 = EDGE_LOOP('',(#10651,#10652,#10653,#10654));
#10651 = ORIENTED_EDGE('',*,*,#9916,.T.);
#10652 = ORIENTED_EDGE('',*,*,#10475,.T.);
#10653 = ORIENTED_EDGE('',*,*,#9694,.F.);
#10654 = ORIENTED_EDGE('',*,*,#10655,.F.);
#10655 = EDGE_CURVE('',#9909,#9687,#10656,.T.);
#10656 = LINE('',#10657,#10658);
#10657 = CARTESIAN_POINT('',(-2.95,1.71,0.7));
#10658 = VECTOR('',#10659,1.);
#10659 = DIRECTION('',(3.445092848398E-16,1.,0.));
#10660 = CYLINDRICAL_SURFACE('',#10661,0.2);
#10661 = AXIS2_PLACEMENT_3D('',#10662,#10663,#10664);
#10662 = CARTESIAN_POINT('',(-2.75,1.71,0.7));
#10663 = DIRECTION('',(-3.445092848398E-16,-1.,-0.));
#10664 = DIRECTION('',(-1.,3.445092848398E-16,4.440892098501E-15));
#10665 = ADVANCED_FACE('',(#10666),#10677,.F.);
#10666 = FACE_BOUND('',#10667,.F.);
#10667 = EDGE_LOOP('',(#10668,#10674,#10675,#10676));
#10668 = ORIENTED_EDGE('',*,*,#10669,.T.);
#10669 = EDGE_CURVE('',#9900,#9678,#10670,.T.);
#10670 = LINE('',#10671,#10672);
#10671 = CARTESIAN_POINT('',(-2.95,1.71,0.2));
#10672 = VECTOR('',#10673,1.);
#10673 = DIRECTION('',(3.445092848398E-16,1.,0.));
#10674 = ORIENTED_EDGE('',*,*,#9686,.T.);
#10675 = ORIENTED_EDGE('',*,*,#10655,.F.);
#10676 = ORIENTED_EDGE('',*,*,#9908,.F.);
#10677 = PLANE('',#10678);
#10678 = AXIS2_PLACEMENT_3D('',#10679,#10680,#10681);
#10679 = CARTESIAN_POINT('',(-2.95,1.71,0.2));
#10680 = DIRECTION('',(1.,-3.445092848398E-16,0.));
#10681 = DIRECTION('',(0.,0.,1.));
#10682 = ADVANCED_FACE('',(#10683),#10694,.F.);
#10683 = FACE_BOUND('',#10684,.F.);
#10684 = EDGE_LOOP('',(#10685,#10691,#10692,#10693));
#10685 = ORIENTED_EDGE('',*,*,#10686,.T.);
#10686 = EDGE_CURVE('',#9892,#9670,#10687,.T.);
#10687 = LINE('',#10688,#10689);
#10688 = CARTESIAN_POINT('',(-3.05,1.71,0.1));
#10689 = VECTOR('',#10690,1.);
#10690 = DIRECTION('',(3.445092848398E-16,1.,0.));
#10691 = ORIENTED_EDGE('',*,*,#9677,.T.);
#10692 = ORIENTED_EDGE('',*,*,#10669,.F.);
#10693 = ORIENTED_EDGE('',*,*,#9899,.F.);
#10694 = CYLINDRICAL_SURFACE('',#10695,0.1);
#10695 = AXIS2_PLACEMENT_3D('',#10696,#10697,#10698);
#10696 = CARTESIAN_POINT('',(-3.05,1.71,0.2));
#10697 = DIRECTION('',(-3.445092848398E-16,-1.,0.));
#10698 = DIRECTION('',(-0.,0.,-1.));
#10699 = ADVANCED_FACE('',(#10700),#10711,.F.);
#10700 = FACE_BOUND('',#10701,.F.);
#10701 = EDGE_LOOP('',(#10702,#10708,#10709,#10710));
#10702 = ORIENTED_EDGE('',*,*,#10703,.T.);
#10703 = EDGE_CURVE('',#9884,#9662,#10704,.T.);
#10704 = LINE('',#10705,#10706);
#10705 = CARTESIAN_POINT('',(-4.2,1.71,0.1));
#10706 = VECTOR('',#10707,1.);
#10707 = DIRECTION('',(3.445092848398E-16,1.,0.));
#10708 = ORIENTED_EDGE('',*,*,#9669,.T.);
#10709 = ORIENTED_EDGE('',*,*,#10686,.F.);
#10710 = ORIENTED_EDGE('',*,*,#9891,.F.);
#10711 = PLANE('',#10712);
#10712 = AXIS2_PLACEMENT_3D('',#10713,#10714,#10715);
#10713 = CARTESIAN_POINT('',(-4.2,1.71,0.1));
#10714 = DIRECTION('',(0.,0.,-1.));
#10715 = DIRECTION('',(1.,-3.445092848398E-16,0.));
#10716 = ADVANCED_FACE('',(#10717),#10728,.F.);
#10717 = FACE_BOUND('',#10718,.F.);
#10718 = EDGE_LOOP('',(#10719,#10725,#10726,#10727));
#10719 = ORIENTED_EDGE('',*,*,#10720,.T.);
#10720 = EDGE_CURVE('',#9876,#9654,#10721,.T.);
#10721 = LINE('',#10722,#10723);
#10722 = CARTESIAN_POINT('',(-4.2,1.71,-8.326672684689E-17));
#10723 = VECTOR('',#10724,1.);
#10724 = DIRECTION('',(3.445092848398E-16,1.,0.));
#10725 = ORIENTED_EDGE('',*,*,#9661,.T.);
#10726 = ORIENTED_EDGE('',*,*,#10703,.F.);
#10727 = ORIENTED_EDGE('',*,*,#9883,.F.);
#10728 = PLANE('',#10729);
#10729 = AXIS2_PLACEMENT_3D('',#10730,#10731,#10732);
#10730 = CARTESIAN_POINT('',(-4.2,1.71,-8.326672684689E-17));
#10731 = DIRECTION('',(1.,-3.445092848398E-16,0.));
#10732 = DIRECTION('',(0.,0.,1.));
#10733 = ADVANCED_FACE('',(#10734),#10745,.F.);
#10734 = FACE_BOUND('',#10735,.F.);
#10735 = EDGE_LOOP('',(#10736,#10742,#10743,#10744));
#10736 = ORIENTED_EDGE('',*,*,#10737,.T.);
#10737 = EDGE_CURVE('',#9867,#9645,#10738,.T.);
#10738 = LINE('',#10739,#10740);
#10739 = CARTESIAN_POINT('',(-3.05,1.71,-8.326672684689E-17));
#10740 = VECTOR('',#10741,1.);
#10741 = DIRECTION('',(3.445092848398E-16,1.,0.));
#10742 = ORIENTED_EDGE('',*,*,#9653,.T.);
#10743 = ORIENTED_EDGE('',*,*,#10720,.F.);
#10744 = ORIENTED_EDGE('',*,*,#9875,.F.);
#10745 = PLANE('',#10746);
#10746 = AXIS2_PLACEMENT_3D('',#10747,#10748,#10749);
#10747 = CARTESIAN_POINT('',(-3.05,1.71,-8.326672684689E-17));
#10748 = DIRECTION('',(0.,0.,1.));
#10749 = DIRECTION('',(-1.,3.445092848398E-16,0.));
#10750 = ADVANCED_FACE('',(#10751),#10762,.T.);
#10751 = FACE_BOUND('',#10752,.T.);
#10752 = EDGE_LOOP('',(#10753,#10754,#10755,#10756));
#10753 = ORIENTED_EDGE('',*,*,#9866,.T.);
#10754 = ORIENTED_EDGE('',*,*,#10737,.T.);
#10755 = ORIENTED_EDGE('',*,*,#9644,.F.);
#10756 = ORIENTED_EDGE('',*,*,#10757,.F.);
#10757 = EDGE_CURVE('',#9859,#9637,#10758,.T.);
#10758 = LINE('',#10759,#10760);
#10759 = CARTESIAN_POINT('',(-2.85,1.71,0.2));
#10760 = VECTOR('',#10761,1.);
#10761 = DIRECTION('',(3.445092848398E-16,1.,0.));
#10762 = CYLINDRICAL_SURFACE('',#10763,0.2);
#10763 = AXIS2_PLACEMENT_3D('',#10764,#10765,#10766);
#10764 = CARTESIAN_POINT('',(-3.05,1.71,0.2));
#10765 = DIRECTION('',(-3.445092848398E-16,-1.,-0.));
#10766 = DIRECTION('',(1.,-3.445092848398E-16,1.387778780781E-16));
#10767 = ADVANCED_FACE('',(#10768),#10774,.F.);
#10768 = FACE_BOUND('',#10769,.F.);
#10769 = EDGE_LOOP('',(#10770,#10771,#10772,#10773));
#10770 = ORIENTED_EDGE('',*,*,#9941,.T.);
#10771 = ORIENTED_EDGE('',*,*,#9636,.T.);
#10772 = ORIENTED_EDGE('',*,*,#10757,.F.);
#10773 = ORIENTED_EDGE('',*,*,#9858,.F.);
#10774 = PLANE('',#10775);
#10775 = AXIS2_PLACEMENT_3D('',#10776,#10777,#10778);
#10776 = CARTESIAN_POINT('',(-2.85,1.71,0.7));
#10777 = DIRECTION('',(-1.,3.445092848398E-16,0.));
#10778 = DIRECTION('',(0.,0.,-1.));
#10779 = ADVANCED_FACE('',(#10780),#10791,.T.);
#10780 = FACE_BOUND('',#10781,.T.);
#10781 = EDGE_LOOP('',(#10782,#10783,#10784,#10785));
#10782 = ORIENTED_EDGE('',*,*,#10047,.T.);
#10783 = ORIENTED_EDGE('',*,*,#10456,.T.);
#10784 = ORIENTED_EDGE('',*,*,#10270,.F.);
#10785 = ORIENTED_EDGE('',*,*,#10786,.F.);
#10786 = EDGE_CURVE('',#10040,#10263,#10787,.T.);
#10787 = LINE('',#10788,#10789);
#10788 = CARTESIAN_POINT('',(-2.95,-0.83,0.7));
#10789 = VECTOR('',#10790,1.);
#10790 = DIRECTION('',(3.445092848398E-16,1.,0.));
#10791 = CYLINDRICAL_SURFACE('',#10792,0.2);
#10792 = AXIS2_PLACEMENT_3D('',#10793,#10794,#10795);
#10793 = CARTESIAN_POINT('',(-2.75,-0.83,0.7));
#10794 = DIRECTION('',(-3.445092848398E-16,-1.,-0.));
#10795 = DIRECTION('',(-1.,3.445092848398E-16,4.440892098501E-15));
#10796 = ADVANCED_FACE('',(#10797),#10808,.F.);
#10797 = FACE_BOUND('',#10798,.F.);
#10798 = EDGE_LOOP('',(#10799,#10805,#10806,#10807));
#10799 = ORIENTED_EDGE('',*,*,#10800,.T.);
#10800 = EDGE_CURVE('',#10031,#10254,#10801,.T.);
#10801 = LINE('',#10802,#10803);
#10802 = CARTESIAN_POINT('',(-2.95,-0.83,0.2));
#10803 = VECTOR('',#10804,1.);
#10804 = DIRECTION('',(3.445092848398E-16,1.,0.));
#10805 = ORIENTED_EDGE('',*,*,#10262,.T.);
#10806 = ORIENTED_EDGE('',*,*,#10786,.F.);
#10807 = ORIENTED_EDGE('',*,*,#10039,.F.);
#10808 = PLANE('',#10809);
#10809 = AXIS2_PLACEMENT_3D('',#10810,#10811,#10812);
#10810 = CARTESIAN_POINT('',(-2.95,-0.83,0.2));
#10811 = DIRECTION('',(1.,-3.445092848398E-16,0.));
#10812 = DIRECTION('',(0.,0.,1.));
#10813 = ADVANCED_FACE('',(#10814),#10825,.F.);
#10814 = FACE_BOUND('',#10815,.F.);
#10815 = EDGE_LOOP('',(#10816,#10822,#10823,#10824));
#10816 = ORIENTED_EDGE('',*,*,#10817,.T.);
#10817 = EDGE_CURVE('',#10023,#10246,#10818,.T.);
#10818 = LINE('',#10819,#10820);
#10819 = CARTESIAN_POINT('',(-3.05,-0.83,0.1));
#10820 = VECTOR('',#10821,1.);
#10821 = DIRECTION('',(3.445092848398E-16,1.,0.));
#10822 = ORIENTED_EDGE('',*,*,#10253,.T.);
#10823 = ORIENTED_EDGE('',*,*,#10800,.F.);
#10824 = ORIENTED_EDGE('',*,*,#10030,.F.);
#10825 = CYLINDRICAL_SURFACE('',#10826,0.1);
#10826 = AXIS2_PLACEMENT_3D('',#10827,#10828,#10829);
#10827 = CARTESIAN_POINT('',(-3.05,-0.83,0.2));
#10828 = DIRECTION('',(-3.445092848398E-16,-1.,0.));
#10829 = DIRECTION('',(-0.,0.,-1.));
#10830 = ADVANCED_FACE('',(#10831),#10842,.F.);
#10831 = FACE_BOUND('',#10832,.F.);
#10832 = EDGE_LOOP('',(#10833,#10839,#10840,#10841));
#10833 = ORIENTED_EDGE('',*,*,#10834,.T.);
#10834 = EDGE_CURVE('',#10015,#10238,#10835,.T.);
#10835 = LINE('',#10836,#10837);
#10836 = CARTESIAN_POINT('',(-4.2,-0.83,0.1));
#10837 = VECTOR('',#10838,1.);
#10838 = DIRECTION('',(3.445092848398E-16,1.,0.));
#10839 = ORIENTED_EDGE('',*,*,#10245,.T.);
#10840 = ORIENTED_EDGE('',*,*,#10817,.F.);
#10841 = ORIENTED_EDGE('',*,*,#10022,.F.);
#10842 = PLANE('',#10843);
#10843 = AXIS2_PLACEMENT_3D('',#10844,#10845,#10846);
#10844 = CARTESIAN_POINT('',(-4.2,-0.83,0.1));
#10845 = DIRECTION('',(0.,0.,-1.));
#10846 = DIRECTION('',(1.,-3.445092848398E-16,0.));
#10847 = ADVANCED_FACE('',(#10848),#10859,.F.);
#10848 = FACE_BOUND('',#10849,.F.);
#10849 = EDGE_LOOP('',(#10850,#10856,#10857,#10858));
#10850 = ORIENTED_EDGE('',*,*,#10851,.T.);
#10851 = EDGE_CURVE('',#10007,#10230,#10852,.T.);
#10852 = LINE('',#10853,#10854);
#10853 = CARTESIAN_POINT('',(-4.2,-0.83,-8.326672684689E-17));
#10854 = VECTOR('',#10855,1.);
#10855 = DIRECTION('',(3.445092848398E-16,1.,0.));
#10856 = ORIENTED_EDGE('',*,*,#10237,.T.);
#10857 = ORIENTED_EDGE('',*,*,#10834,.F.);
#10858 = ORIENTED_EDGE('',*,*,#10014,.F.);
#10859 = PLANE('',#10860);
#10860 = AXIS2_PLACEMENT_3D('',#10861,#10862,#10863);
#10861 = CARTESIAN_POINT('',(-4.2,-0.83,-8.326672684689E-17));
#10862 = DIRECTION('',(1.,-3.445092848398E-16,0.));
#10863 = DIRECTION('',(0.,0.,1.));
#10864 = ADVANCED_FACE('',(#10865),#10876,.F.);
#10865 = FACE_BOUND('',#10866,.F.);
#10866 = EDGE_LOOP('',(#10867,#10873,#10874,#10875));
#10867 = ORIENTED_EDGE('',*,*,#10868,.T.);
#10868 = EDGE_CURVE('',#9998,#10221,#10869,.T.);
#10869 = LINE('',#10870,#10871);
#10870 = CARTESIAN_POINT('',(-3.05,-0.83,-8.326672684689E-17));
#10871 = VECTOR('',#10872,1.);
#10872 = DIRECTION('',(3.445092848398E-16,1.,0.));
#10873 = ORIENTED_EDGE('',*,*,#10229,.T.);
#10874 = ORIENTED_EDGE('',*,*,#10851,.F.);
#10875 = ORIENTED_EDGE('',*,*,#10006,.F.);
#10876 = PLANE('',#10877);
#10877 = AXIS2_PLACEMENT_3D('',#10878,#10879,#10880);
#10878 = CARTESIAN_POINT('',(-3.05,-0.83,-8.326672684689E-17));
#10879 = DIRECTION('',(0.,0.,1.));
#10880 = DIRECTION('',(-1.,3.445092848398E-16,0.));
#10881 = ADVANCED_FACE('',(#10882),#10893,.T.);
#10882 = FACE_BOUND('',#10883,.T.);
#10883 = EDGE_LOOP('',(#10884,#10885,#10886,#10887));
#10884 = ORIENTED_EDGE('',*,*,#9997,.T.);
#10885 = ORIENTED_EDGE('',*,*,#10868,.T.);
#10886 = ORIENTED_EDGE('',*,*,#10220,.F.);
#10887 = ORIENTED_EDGE('',*,*,#10888,.F.);
#10888 = EDGE_CURVE('',#9990,#10213,#10889,.T.);
#10889 = LINE('',#10890,#10891);
#10890 = CARTESIAN_POINT('',(-2.85,-0.83,0.2));
#10891 = VECTOR('',#10892,1.);
#10892 = DIRECTION('',(3.445092848398E-16,1.,0.));
#10893 = CYLINDRICAL_SURFACE('',#10894,0.2);
#10894 = AXIS2_PLACEMENT_3D('',#10895,#10896,#10897);
#10895 = CARTESIAN_POINT('',(-3.05,-0.83,0.2));
#10896 = DIRECTION('',(-3.445092848398E-16,-1.,-0.));
#10897 = DIRECTION('',(1.,-3.445092848398E-16,1.387778780781E-16));
#10898 = ADVANCED_FACE('',(#10899),#10905,.F.);
#10899 = FACE_BOUND('',#10900,.F.);
#10900 = EDGE_LOOP('',(#10901,#10902,#10903,#10904));
#10901 = ORIENTED_EDGE('',*,*,#10194,.T.);
#10902 = ORIENTED_EDGE('',*,*,#10212,.T.);
#10903 = ORIENTED_EDGE('',*,*,#10888,.F.);
#10904 = ORIENTED_EDGE('',*,*,#9989,.F.);
#10905 = PLANE('',#10906);
#10906 = AXIS2_PLACEMENT_3D('',#10907,#10908,#10909);
#10907 = CARTESIAN_POINT('',(-2.85,-0.83,0.7));
#10908 = DIRECTION('',(-1.,3.445092848398E-16,0.));
#10909 = DIRECTION('',(0.,0.,-1.));
#10910 = ADVANCED_FACE('',(#10911),#10922,.T.);
#10911 = FACE_BOUND('',#10912,.T.);
#10912 = EDGE_LOOP('',(#10913,#10914,#10915,#10916));
#10913 = ORIENTED_EDGE('',*,*,#10362,.T.);
#10914 = ORIENTED_EDGE('',*,*,#10494,.T.);
#10915 = ORIENTED_EDGE('',*,*,#10139,.F.);
#10916 = ORIENTED_EDGE('',*,*,#10917,.F.);
#10917 = EDGE_CURVE('',#10355,#10132,#10918,.T.);
#10918 = LINE('',#10919,#10920);
#10919 = CARTESIAN_POINT('',(-2.95,0.44,0.7));
#10920 = VECTOR('',#10921,1.);
#10921 = DIRECTION('',(3.445092848398E-16,1.,0.));
#10922 = CYLINDRICAL_SURFACE('',#10923,0.2);
#10923 = AXIS2_PLACEMENT_3D('',#10924,#10925,#10926);
#10924 = CARTESIAN_POINT('',(-2.75,0.44,0.7));
#10925 = DIRECTION('',(-3.445092848398E-16,-1.,-0.));
#10926 = DIRECTION('',(-1.,3.445092848398E-16,4.440892098501E-15));
#10927 = ADVANCED_FACE('',(#10928),#10939,.F.);
#10928 = FACE_BOUND('',#10929,.F.);
#10929 = EDGE_LOOP('',(#10930,#10936,#10937,#10938));
#10930 = ORIENTED_EDGE('',*,*,#10931,.T.);
#10931 = EDGE_CURVE('',#10346,#10123,#10932,.T.);
#10932 = LINE('',#10933,#10934);
#10933 = CARTESIAN_POINT('',(-2.95,0.44,0.2));
#10934 = VECTOR('',#10935,1.);
#10935 = DIRECTION('',(3.445092848398E-16,1.,0.));
#10936 = ORIENTED_EDGE('',*,*,#10131,.T.);
#10937 = ORIENTED_EDGE('',*,*,#10917,.F.);
#10938 = ORIENTED_EDGE('',*,*,#10354,.F.);
#10939 = PLANE('',#10940);
#10940 = AXIS2_PLACEMENT_3D('',#10941,#10942,#10943);
#10941 = CARTESIAN_POINT('',(-2.95,0.44,0.2));
#10942 = DIRECTION('',(1.,-3.445092848398E-16,0.));
#10943 = DIRECTION('',(0.,0.,1.));
#10944 = ADVANCED_FACE('',(#10945),#10956,.F.);
#10945 = FACE_BOUND('',#10946,.F.);
#10946 = EDGE_LOOP('',(#10947,#10953,#10954,#10955));
#10947 = ORIENTED_EDGE('',*,*,#10948,.T.);
#10948 = EDGE_CURVE('',#10338,#10115,#10949,.T.);
#10949 = LINE('',#10950,#10951);
#10950 = CARTESIAN_POINT('',(-3.05,0.44,0.1));
#10951 = VECTOR('',#10952,1.);
#10952 = DIRECTION('',(3.445092848398E-16,1.,0.));
#10953 = ORIENTED_EDGE('',*,*,#10122,.T.);
#10954 = ORIENTED_EDGE('',*,*,#10931,.F.);
#10955 = ORIENTED_EDGE('',*,*,#10345,.F.);
#10956 = CYLINDRICAL_SURFACE('',#10957,0.1);
#10957 = AXIS2_PLACEMENT_3D('',#10958,#10959,#10960);
#10958 = CARTESIAN_POINT('',(-3.05,0.44,0.2));
#10959 = DIRECTION('',(-3.445092848398E-16,-1.,0.));
#10960 = DIRECTION('',(-0.,0.,-1.));
#10961 = ADVANCED_FACE('',(#10962),#10973,.F.);
#10962 = FACE_BOUND('',#10963,.F.);
#10963 = EDGE_LOOP('',(#10964,#10970,#10971,#10972));
#10964 = ORIENTED_EDGE('',*,*,#10965,.T.);
#10965 = EDGE_CURVE('',#10330,#10107,#10966,.T.);
#10966 = LINE('',#10967,#10968);
#10967 = CARTESIAN_POINT('',(-4.2,0.44,0.1));
#10968 = VECTOR('',#10969,1.);
#10969 = DIRECTION('',(3.445092848398E-16,1.,0.));
#10970 = ORIENTED_EDGE('',*,*,#10114,.T.);
#10971 = ORIENTED_EDGE('',*,*,#10948,.F.);
#10972 = ORIENTED_EDGE('',*,*,#10337,.F.);
#10973 = PLANE('',#10974);
#10974 = AXIS2_PLACEMENT_3D('',#10975,#10976,#10977);
#10975 = CARTESIAN_POINT('',(-4.2,0.44,0.1));
#10976 = DIRECTION('',(0.,0.,-1.));
#10977 = DIRECTION('',(1.,-3.445092848398E-16,0.));
#10978 = ADVANCED_FACE('',(#10979),#10990,.F.);
#10979 = FACE_BOUND('',#10980,.F.);
#10980 = EDGE_LOOP('',(#10981,#10987,#10988,#10989));
#10981 = ORIENTED_EDGE('',*,*,#10982,.T.);
#10982 = EDGE_CURVE('',#10322,#10099,#10983,.T.);
#10983 = LINE('',#10984,#10985);
#10984 = CARTESIAN_POINT('',(-4.2,0.44,-8.326672684689E-17));
#10985 = VECTOR('',#10986,1.);
#10986 = DIRECTION('',(3.445092848398E-16,1.,0.));
#10987 = ORIENTED_EDGE('',*,*,#10106,.T.);
#10988 = ORIENTED_EDGE('',*,*,#10965,.F.);
#10989 = ORIENTED_EDGE('',*,*,#10329,.F.);
#10990 = PLANE('',#10991);
#10991 = AXIS2_PLACEMENT_3D('',#10992,#10993,#10994);
#10992 = CARTESIAN_POINT('',(-4.2,0.44,-8.326672684689E-17));
#10993 = DIRECTION('',(1.,-3.445092848398E-16,0.));
#10994 = DIRECTION('',(0.,0.,1.));
#10995 = ADVANCED_FACE('',(#10996),#11007,.F.);
#10996 = FACE_BOUND('',#10997,.F.);
#10997 = EDGE_LOOP('',(#10998,#11004,#11005,#11006));
#10998 = ORIENTED_EDGE('',*,*,#10999,.T.);
#10999 = EDGE_CURVE('',#10313,#10090,#11000,.T.);
#11000 = LINE('',#11001,#11002);
#11001 = CARTESIAN_POINT('',(-3.05,0.44,-8.326672684689E-17));
#11002 = VECTOR('',#11003,1.);
#11003 = DIRECTION('',(3.445092848398E-16,1.,0.));
#11004 = ORIENTED_EDGE('',*,*,#10098,.T.);
#11005 = ORIENTED_EDGE('',*,*,#10982,.F.);
#11006 = ORIENTED_EDGE('',*,*,#10321,.F.);
#11007 = PLANE('',#11008);
#11008 = AXIS2_PLACEMENT_3D('',#11009,#11010,#11011);
#11009 = CARTESIAN_POINT('',(-3.05,0.44,-8.326672684689E-17));
#11010 = DIRECTION('',(0.,0.,1.));
#11011 = DIRECTION('',(-1.,3.445092848398E-16,0.));
#11012 = ADVANCED_FACE('',(#11013),#11024,.T.);
#11013 = FACE_BOUND('',#11014,.T.);
#11014 = EDGE_LOOP('',(#11015,#11016,#11017,#11018));
#11015 = ORIENTED_EDGE('',*,*,#10312,.T.);
#11016 = ORIENTED_EDGE('',*,*,#10999,.T.);
#11017 = ORIENTED_EDGE('',*,*,#10089,.F.);
#11018 = ORIENTED_EDGE('',*,*,#11019,.F.);
#11019 = EDGE_CURVE('',#10305,#10082,#11020,.T.);
#11020 = LINE('',#11021,#11022);
#11021 = CARTESIAN_POINT('',(-2.85,0.44,0.2));
#11022 = VECTOR('',#11023,1.);
#11023 = DIRECTION('',(3.445092848398E-16,1.,0.));
#11024 = CYLINDRICAL_SURFACE('',#11025,0.2);
#11025 = AXIS2_PLACEMENT_3D('',#11026,#11027,#11028);
#11026 = CARTESIAN_POINT('',(-3.05,0.44,0.2));
#11027 = DIRECTION('',(-3.445092848398E-16,-1.,-0.));
#11028 = DIRECTION('',(1.,-3.445092848398E-16,1.387778780781E-16));
#11029 = ADVANCED_FACE('',(#11030),#11036,.F.);
#11030 = FACE_BOUND('',#11031,.F.);
#11031 = EDGE_LOOP('',(#11032,#11033,#11034,#11035));
#11032 = ORIENTED_EDGE('',*,*,#10387,.T.);
#11033 = ORIENTED_EDGE('',*,*,#10081,.T.);
#11034 = ORIENTED_EDGE('',*,*,#11019,.F.);
#11035 = ORIENTED_EDGE('',*,*,#10304,.F.);
#11036 = PLANE('',#11037);
#11037 = AXIS2_PLACEMENT_3D('',#11038,#11039,#11040);
#11038 = CARTESIAN_POINT('',(-2.85,0.44,0.7));
#11039 = DIRECTION('',(-1.,3.445092848398E-16,0.));
#11040 = DIRECTION('',(0.,0.,-1.));
#11041 = ( GEOMETRIC_REPRESENTATION_CONTEXT(3) 
GLOBAL_UNCERTAINTY_ASSIGNED_CONTEXT((#11045)) 
GLOBAL_UNIT_ASSIGNED_CONTEXT((#11042,#11043,#11044)) 
REPRESENTATION_CONTEXT('Context #1',
  '3D Context with UNIT and UNCERTAINTY') );
#11042 = ( LENGTH_UNIT() NAMED_UNIT(*) SI_UNIT(.MILLI.,.METRE.) );
#11043 = ( NAMED_UNIT(*) PLANE_ANGLE_UNIT() SI_UNIT($,.RADIAN.) );
#11044 = ( NAMED_UNIT(*) SI_UNIT($,.STERADIAN.) SOLID_ANGLE_UNIT() );
#11045 = UNCERTAINTY_MEASURE_WITH_UNIT(LENGTH_MEASURE(5.E-06),#11042,
  'distance_accuracy_value','confusion accuracy');
#11046 = CONTEXT_DEPENDENT_SHAPE_REPRESENTATION(#11047,#11049);
#11047 = ( REPRESENTATION_RELATIONSHIP('','',#6433,#6410) 
REPRESENTATION_RELATIONSHIP_WITH_TRANSFORMATION(#11048) 
SHAPE_REPRESENTATION_RELATIONSHIP() );
#11048 = ITEM_DEFINED_TRANSFORMATION('','',#11,#6411);
#11049 = PRODUCT_DEFINITION_SHAPE('Placement','Placement of an item',
  #11050);
#11050 = NEXT_ASSEMBLY_USAGE_OCCURRENCE('5','=>[0:1:1:7]','',#6405,#6428
  ,$);
#11051 = PRODUCT_RELATED_PRODUCT_CATEGORY('part',$,(#6430));
#11052 = SHAPE_DEFINITION_REPRESENTATION(#11053,#11059);
#11053 = PRODUCT_DEFINITION_SHAPE('','',#11054);
#11054 = PRODUCT_DEFINITION('design','',#11055,#11058);
#11055 = PRODUCT_DEFINITION_FORMATION('','',#11056);
#11056 = PRODUCT('Encoder_PCB','Encoder_PCB','',(#11057));
#11057 = PRODUCT_CONTEXT('',#2,'mechanical');
#11058 = PRODUCT_DEFINITION_CONTEXT('part definition',#2,'design');
#11059 = ADVANCED_BREP_SHAPE_REPRESENTATION('',(#11,#11060),#11506);
#11060 = MANIFOLD_SOLID_BREP('',#11061);
#11061 = CLOSED_SHELL('',(#11062,#11104,#11135,#11166,#11262,#11358,
    #11375,#11392,#11409,#11426,#11438,#11455,#11472,#11489));
#11062 = ADVANCED_FACE('',(#11063),#11099,.T.);
#11063 = FACE_BOUND('',#11064,.T.);
#11064 = EDGE_LOOP('',(#11065,#11075,#11084,#11092));
#11065 = ORIENTED_EDGE('',*,*,#11066,.T.);
#11066 = EDGE_CURVE('',#11067,#11069,#11071,.T.);
#11067 = VERTEX_POINT('',#11068);
#11068 = CARTESIAN_POINT('',(160.8,-93.,0.));
#11069 = VERTEX_POINT('',#11070);
#11070 = CARTESIAN_POINT('',(160.8,-93.,1.6));
#11071 = LINE('',#11072,#11073);
#11072 = CARTESIAN_POINT('',(160.8,-93.,0.));
#11073 = VECTOR('',#11074,1.);
#11074 = DIRECTION('',(0.,0.,1.));
#11075 = ORIENTED_EDGE('',*,*,#11076,.T.);
#11076 = EDGE_CURVE('',#11069,#11077,#11079,.T.);
#11077 = VERTEX_POINT('',#11078);
#11078 = CARTESIAN_POINT('',(163.8,-96.,1.6));
#11079 = CIRCLE('',#11080,3.000001172987);
#11080 = AXIS2_PLACEMENT_3D('',#11081,#11082,#11083);
#11081 = CARTESIAN_POINT('',(160.79999882701,-96.00000117298,1.6));
#11082 = DIRECTION('',(0.,0.,-1.));
#11083 = DIRECTION('',(3.909953710804E-07,1.,0.));
#11084 = ORIENTED_EDGE('',*,*,#11085,.F.);
#11085 = EDGE_CURVE('',#11086,#11077,#11088,.T.);
#11086 = VERTEX_POINT('',#11087);
#11087 = CARTESIAN_POINT('',(163.8,-96.,0.));
#11088 = LINE('',#11089,#11090);
#11089 = CARTESIAN_POINT('',(163.8,-96.,0.));
#11090 = VECTOR('',#11091,1.);
#11091 = DIRECTION('',(0.,0.,1.));
#11092 = ORIENTED_EDGE('',*,*,#11093,.F.);
#11093 = EDGE_CURVE('',#11067,#11086,#11094,.T.);
#11094 = CIRCLE('',#11095,3.000001172987);
#11095 = AXIS2_PLACEMENT_3D('',#11096,#11097,#11098);
#11096 = CARTESIAN_POINT('',(160.79999882701,-96.00000117298,0.));
#11097 = DIRECTION('',(0.,0.,-1.));
#11098 = DIRECTION('',(3.909953710804E-07,1.,0.));
#11099 = CYLINDRICAL_SURFACE('',#11100,3.000001172987);
#11100 = AXIS2_PLACEMENT_3D('',#11101,#11102,#11103);
#11101 = CARTESIAN_POINT('',(160.79999882701,-96.00000117298,0.));
#11102 = DIRECTION('',(0.,0.,-1.));
#11103 = DIRECTION('',(3.909953710804E-07,1.,0.));
#11104 = ADVANCED_FACE('',(#11105),#11130,.T.);
#11105 = FACE_BOUND('',#11106,.T.);
#11106 = EDGE_LOOP('',(#11107,#11117,#11123,#11124));
#11107 = ORIENTED_EDGE('',*,*,#11108,.T.);
#11108 = EDGE_CURVE('',#11109,#11111,#11113,.T.);
#11109 = VERTEX_POINT('',#11110);
#11110 = CARTESIAN_POINT('',(144.8,-93.,0.));
#11111 = VERTEX_POINT('',#11112);
#11112 = CARTESIAN_POINT('',(144.8,-93.,1.6));
#11113 = LINE('',#11114,#11115);
#11114 = CARTESIAN_POINT('',(144.8,-93.,0.));
#11115 = VECTOR('',#11116,1.);
#11116 = DIRECTION('',(0.,0.,1.));
#11117 = ORIENTED_EDGE('',*,*,#11118,.T.);
#11118 = EDGE_CURVE('',#11111,#11069,#11119,.T.);
#11119 = LINE('',#11120,#11121);
#11120 = CARTESIAN_POINT('',(144.8,-93.,1.6));
#11121 = VECTOR('',#11122,1.);
#11122 = DIRECTION('',(1.,0.,0.));
#11123 = ORIENTED_EDGE('',*,*,#11066,.F.);
#11124 = ORIENTED_EDGE('',*,*,#11125,.F.);
#11125 = EDGE_CURVE('',#11109,#11067,#11126,.T.);
#11126 = LINE('',#11127,#11128);
#11127 = CARTESIAN_POINT('',(144.8,-93.,0.));
#11128 = VECTOR('',#11129,1.);
#11129 = DIRECTION('',(1.,0.,0.));
#11130 = PLANE('',#11131);
#11131 = AXIS2_PLACEMENT_3D('',#11132,#11133,#11134);
#11132 = CARTESIAN_POINT('',(144.8,-93.,0.));
#11133 = DIRECTION('',(0.,1.,0.));
#11134 = DIRECTION('',(1.,0.,0.));
#11135 = ADVANCED_FACE('',(#11136),#11161,.T.);
#11136 = FACE_BOUND('',#11137,.T.);
#11137 = EDGE_LOOP('',(#11138,#11139,#11147,#11155));
#11138 = ORIENTED_EDGE('',*,*,#11085,.T.);
#11139 = ORIENTED_EDGE('',*,*,#11140,.T.);
#11140 = EDGE_CURVE('',#11077,#11141,#11143,.T.);
#11141 = VERTEX_POINT('',#11142);
#11142 = CARTESIAN_POINT('',(163.8,-112.,1.6));
#11143 = LINE('',#11144,#11145);
#11144 = CARTESIAN_POINT('',(163.8,-96.,1.6));
#11145 = VECTOR('',#11146,1.);
#11146 = DIRECTION('',(0.,-1.,0.));
#11147 = ORIENTED_EDGE('',*,*,#11148,.F.);
#11148 = EDGE_CURVE('',#11149,#11141,#11151,.T.);
#11149 = VERTEX_POINT('',#11150);
#11150 = CARTESIAN_POINT('',(163.8,-112.,0.));
#11151 = LINE('',#11152,#11153);
#11152 = CARTESIAN_POINT('',(163.8,-112.,0.));
#11153 = VECTOR('',#11154,1.);
#11154 = DIRECTION('',(0.,0.,1.));
#11155 = ORIENTED_EDGE('',*,*,#11156,.F.);
#11156 = EDGE_CURVE('',#11086,#11149,#11157,.T.);
#11157 = LINE('',#11158,#11159);
#11158 = CARTESIAN_POINT('',(163.8,-96.,0.));
#11159 = VECTOR('',#11160,1.);
#11160 = DIRECTION('',(0.,-1.,0.));
#11161 = PLANE('',#11162);
#11162 = AXIS2_PLACEMENT_3D('',#11163,#11164,#11165);
#11163 = CARTESIAN_POINT('',(163.8,-96.,0.));
#11164 = DIRECTION('',(1.,0.,-0.));
#11165 = DIRECTION('',(0.,-1.,0.));
#11166 = ADVANCED_FACE('',(#11167,#11213,#11224,#11235,#11246),#11257,
  .T.);
#11167 = FACE_BOUND('',#11168,.T.);
#11168 = EDGE_LOOP('',(#11169,#11170,#11171,#11180,#11188,#11197,#11205,
    #11212));
#11169 = ORIENTED_EDGE('',*,*,#11093,.T.);
#11170 = ORIENTED_EDGE('',*,*,#11156,.T.);
#11171 = ORIENTED_EDGE('',*,*,#11172,.T.);
#11172 = EDGE_CURVE('',#11149,#11173,#11175,.T.);
#11173 = VERTEX_POINT('',#11174);
#11174 = CARTESIAN_POINT('',(160.8,-115.,0.));
#11175 = CIRCLE('',#11176,3.000001172987);
#11176 = AXIS2_PLACEMENT_3D('',#11177,#11178,#11179);
#11177 = CARTESIAN_POINT('',(160.79999882701,-111.999998827,0.));
#11178 = DIRECTION('',(0.,0.,-1.));
#11179 = DIRECTION('',(1.,-3.909953663434E-07,0.));
#11180 = ORIENTED_EDGE('',*,*,#11181,.T.);
#11181 = EDGE_CURVE('',#11173,#11182,#11184,.T.);
#11182 = VERTEX_POINT('',#11183);
#11183 = CARTESIAN_POINT('',(144.8,-115.,0.));
#11184 = LINE('',#11185,#11186);
#11185 = CARTESIAN_POINT('',(160.8,-115.,0.));
#11186 = VECTOR('',#11187,1.);
#11187 = DIRECTION('',(-1.,0.,0.));
#11188 = ORIENTED_EDGE('',*,*,#11189,.T.);
#11189 = EDGE_CURVE('',#11182,#11190,#11192,.T.);
#11190 = VERTEX_POINT('',#11191);
#11191 = CARTESIAN_POINT('',(141.8,-112.,0.));
#11192 = CIRCLE('',#11193,3.000001172987);
#11193 = AXIS2_PLACEMENT_3D('',#11194,#11195,#11196);
#11194 = CARTESIAN_POINT('',(144.80000117298,-111.999998827,0.));
#11195 = DIRECTION('',(0.,0.,-1.));
#11196 = DIRECTION('',(-3.909953710804E-07,-1.,-0.));
#11197 = ORIENTED_EDGE('',*,*,#11198,.T.);
#11198 = EDGE_CURVE('',#11190,#11199,#11201,.T.);
#11199 = VERTEX_POINT('',#11200);
#11200 = CARTESIAN_POINT('',(141.8,-96.,0.));
#11201 = LINE('',#11202,#11203);
#11202 = CARTESIAN_POINT('',(141.8,-112.,0.));
#11203 = VECTOR('',#11204,1.);
#11204 = DIRECTION('',(0.,1.,0.));
#11205 = ORIENTED_EDGE('',*,*,#11206,.T.);
#11206 = EDGE_CURVE('',#11199,#11109,#11207,.T.);
#11207 = CIRCLE('',#11208,3.000001172987);
#11208 = AXIS2_PLACEMENT_3D('',#11209,#11210,#11211);
#11209 = CARTESIAN_POINT('',(144.80000117298,-96.00000117298,0.));
#11210 = DIRECTION('',(0.,0.,-1.));
#11211 = DIRECTION('',(-1.,3.909953663434E-07,0.));
#11212 = ORIENTED_EDGE('',*,*,#11125,.T.);
#11213 = FACE_BOUND('',#11214,.T.);
#11214 = EDGE_LOOP('',(#11215));
#11215 = ORIENTED_EDGE('',*,*,#11216,.F.);
#11216 = EDGE_CURVE('',#11217,#11217,#11219,.T.);
#11217 = VERTEX_POINT('',#11218);
#11218 = CARTESIAN_POINT('',(160.8,-113.1,0.));
#11219 = CIRCLE('',#11220,1.1);
#11220 = AXIS2_PLACEMENT_3D('',#11221,#11222,#11223);
#11221 = CARTESIAN_POINT('',(160.8,-112.,0.));
#11222 = DIRECTION('',(-0.,0.,-1.));
#11223 = DIRECTION('',(-0.,-1.,0.));
#11224 = FACE_BOUND('',#11225,.T.);
#11225 = EDGE_LOOP('',(#11226));
#11226 = ORIENTED_EDGE('',*,*,#11227,.F.);
#11227 = EDGE_CURVE('',#11228,#11228,#11230,.T.);
#11228 = VERTEX_POINT('',#11229);
#11229 = CARTESIAN_POINT('',(144.8,-113.1,0.));
#11230 = CIRCLE('',#11231,1.1);
#11231 = AXIS2_PLACEMENT_3D('',#11232,#11233,#11234);
#11232 = CARTESIAN_POINT('',(144.8,-112.,0.));
#11233 = DIRECTION('',(-0.,0.,-1.));
#11234 = DIRECTION('',(-0.,-1.,0.));
#11235 = FACE_BOUND('',#11236,.T.);
#11236 = EDGE_LOOP('',(#11237));
#11237 = ORIENTED_EDGE('',*,*,#11238,.F.);
#11238 = EDGE_CURVE('',#11239,#11239,#11241,.T.);
#11239 = VERTEX_POINT('',#11240);
#11240 = CARTESIAN_POINT('',(160.8,-97.1,0.));
#11241 = CIRCLE('',#11242,1.1);
#11242 = AXIS2_PLACEMENT_3D('',#11243,#11244,#11245);
#11243 = CARTESIAN_POINT('',(160.8,-96.,0.));
#11244 = DIRECTION('',(-0.,0.,-1.));
#11245 = DIRECTION('',(-0.,-1.,0.));
#11246 = FACE_BOUND('',#11247,.T.);
#11247 = EDGE_LOOP('',(#11248));
#11248 = ORIENTED_EDGE('',*,*,#11249,.F.);
#11249 = EDGE_CURVE('',#11250,#11250,#11252,.T.);
#11250 = VERTEX_POINT('',#11251);
#11251 = CARTESIAN_POINT('',(144.8,-97.1,0.));
#11252 = CIRCLE('',#11253,1.1);
#11253 = AXIS2_PLACEMENT_3D('',#11254,#11255,#11256);
#11254 = CARTESIAN_POINT('',(144.8,-96.,0.));
#11255 = DIRECTION('',(-0.,0.,-1.));
#11256 = DIRECTION('',(-0.,-1.,0.));
#11257 = PLANE('',#11258);
#11258 = AXIS2_PLACEMENT_3D('',#11259,#11260,#11261);
#11259 = CARTESIAN_POINT('',(152.8,-104.,0.));
#11260 = DIRECTION('',(-0.,-0.,-1.));
#11261 = DIRECTION('',(-1.,0.,0.));
#11262 = ADVANCED_FACE('',(#11263,#11309,#11320,#11331,#11342),#11353,
  .F.);
#11263 = FACE_BOUND('',#11264,.F.);
#11264 = EDGE_LOOP('',(#11265,#11266,#11267,#11276,#11284,#11293,#11301,
    #11308));
#11265 = ORIENTED_EDGE('',*,*,#11076,.T.);
#11266 = ORIENTED_EDGE('',*,*,#11140,.T.);
#11267 = ORIENTED_EDGE('',*,*,#11268,.T.);
#11268 = EDGE_CURVE('',#11141,#11269,#11271,.T.);
#11269 = VERTEX_POINT('',#11270);
#11270 = CARTESIAN_POINT('',(160.8,-115.,1.6));
#11271 = CIRCLE('',#11272,3.000001172987);
#11272 = AXIS2_PLACEMENT_3D('',#11273,#11274,#11275);
#11273 = CARTESIAN_POINT('',(160.79999882701,-111.999998827,1.6));
#11274 = DIRECTION('',(0.,0.,-1.));
#11275 = DIRECTION('',(1.,-3.909953663434E-07,0.));
#11276 = ORIENTED_EDGE('',*,*,#11277,.T.);
#11277 = EDGE_CURVE('',#11269,#11278,#11280,.T.);
#11278 = VERTEX_POINT('',#11279);
#11279 = CARTESIAN_POINT('',(144.8,-115.,1.6));
#11280 = LINE('',#11281,#11282);
#11281 = CARTESIAN_POINT('',(160.8,-115.,1.6));
#11282 = VECTOR('',#11283,1.);
#11283 = DIRECTION('',(-1.,0.,0.));
#11284 = ORIENTED_EDGE('',*,*,#11285,.T.);
#11285 = EDGE_CURVE('',#11278,#11286,#11288,.T.);
#11286 = VERTEX_POINT('',#11287);
#11287 = CARTESIAN_POINT('',(141.8,-112.,1.6));
#11288 = CIRCLE('',#11289,3.000001172987);
#11289 = AXIS2_PLACEMENT_3D('',#11290,#11291,#11292);
#11290 = CARTESIAN_POINT('',(144.80000117298,-111.999998827,1.6));
#11291 = DIRECTION('',(0.,0.,-1.));
#11292 = DIRECTION('',(-3.909953710804E-07,-1.,-0.));
#11293 = ORIENTED_EDGE('',*,*,#11294,.T.);
#11294 = EDGE_CURVE('',#11286,#11295,#11297,.T.);
#11295 = VERTEX_POINT('',#11296);
#11296 = CARTESIAN_POINT('',(141.8,-96.,1.6));
#11297 = LINE('',#11298,#11299);
#11298 = CARTESIAN_POINT('',(141.8,-112.,1.6));
#11299 = VECTOR('',#11300,1.);
#11300 = DIRECTION('',(0.,1.,0.));
#11301 = ORIENTED_EDGE('',*,*,#11302,.T.);
#11302 = EDGE_CURVE('',#11295,#11111,#11303,.T.);
#11303 = CIRCLE('',#11304,3.000001172987);
#11304 = AXIS2_PLACEMENT_3D('',#11305,#11306,#11307);
#11305 = CARTESIAN_POINT('',(144.80000117298,-96.00000117298,1.6));
#11306 = DIRECTION('',(0.,0.,-1.));
#11307 = DIRECTION('',(-1.,3.909953663434E-07,0.));
#11308 = ORIENTED_EDGE('',*,*,#11118,.T.);
#11309 = FACE_BOUND('',#11310,.F.);
#11310 = EDGE_LOOP('',(#11311));
#11311 = ORIENTED_EDGE('',*,*,#11312,.F.);
#11312 = EDGE_CURVE('',#11313,#11313,#11315,.T.);
#11313 = VERTEX_POINT('',#11314);
#11314 = CARTESIAN_POINT('',(160.8,-113.1,1.6));
#11315 = CIRCLE('',#11316,1.1);
#11316 = AXIS2_PLACEMENT_3D('',#11317,#11318,#11319);
#11317 = CARTESIAN_POINT('',(160.8,-112.,1.6));
#11318 = DIRECTION('',(-0.,0.,-1.));
#11319 = DIRECTION('',(-0.,-1.,0.));
#11320 = FACE_BOUND('',#11321,.F.);
#11321 = EDGE_LOOP('',(#11322));
#11322 = ORIENTED_EDGE('',*,*,#11323,.F.);
#11323 = EDGE_CURVE('',#11324,#11324,#11326,.T.);
#11324 = VERTEX_POINT('',#11325);
#11325 = CARTESIAN_POINT('',(144.8,-113.1,1.6));
#11326 = CIRCLE('',#11327,1.1);
#11327 = AXIS2_PLACEMENT_3D('',#11328,#11329,#11330);
#11328 = CARTESIAN_POINT('',(144.8,-112.,1.6));
#11329 = DIRECTION('',(-0.,0.,-1.));
#11330 = DIRECTION('',(-0.,-1.,0.));
#11331 = FACE_BOUND('',#11332,.F.);
#11332 = EDGE_LOOP('',(#11333));
#11333 = ORIENTED_EDGE('',*,*,#11334,.F.);
#11334 = EDGE_CURVE('',#11335,#11335,#11337,.T.);
#11335 = VERTEX_POINT('',#11336);
#11336 = CARTESIAN_POINT('',(160.8,-97.1,1.6));
#11337 = CIRCLE('',#11338,1.1);
#11338 = AXIS2_PLACEMENT_3D('',#11339,#11340,#11341);
#11339 = CARTESIAN_POINT('',(160.8,-96.,1.6));
#11340 = DIRECTION('',(-0.,0.,-1.));
#11341 = DIRECTION('',(-0.,-1.,0.));
#11342 = FACE_BOUND('',#11343,.F.);
#11343 = EDGE_LOOP('',(#11344));
#11344 = ORIENTED_EDGE('',*,*,#11345,.F.);
#11345 = EDGE_CURVE('',#11346,#11346,#11348,.T.);
#11346 = VERTEX_POINT('',#11347);
#11347 = CARTESIAN_POINT('',(144.8,-97.1,1.6));
#11348 = CIRCLE('',#11349,1.1);
#11349 = AXIS2_PLACEMENT_3D('',#11350,#11351,#11352);
#11350 = CARTESIAN_POINT('',(144.8,-96.,1.6));
#11351 = DIRECTION('',(-0.,0.,-1.));
#11352 = DIRECTION('',(-0.,-1.,0.));
#11353 = PLANE('',#11354);
#11354 = AXIS2_PLACEMENT_3D('',#11355,#11356,#11357);
#11355 = CARTESIAN_POINT('',(152.8,-104.,1.6));
#11356 = DIRECTION('',(-0.,-0.,-1.));
#11357 = DIRECTION('',(-1.,0.,0.));
#11358 = ADVANCED_FACE('',(#11359),#11370,.T.);
#11359 = FACE_BOUND('',#11360,.T.);
#11360 = EDGE_LOOP('',(#11361,#11367,#11368,#11369));
#11361 = ORIENTED_EDGE('',*,*,#11362,.T.);
#11362 = EDGE_CURVE('',#11199,#11295,#11363,.T.);
#11363 = LINE('',#11364,#11365);
#11364 = CARTESIAN_POINT('',(141.8,-96.,0.));
#11365 = VECTOR('',#11366,1.);
#11366 = DIRECTION('',(0.,0.,1.));
#11367 = ORIENTED_EDGE('',*,*,#11302,.T.);
#11368 = ORIENTED_EDGE('',*,*,#11108,.F.);
#11369 = ORIENTED_EDGE('',*,*,#11206,.F.);
#11370 = CYLINDRICAL_SURFACE('',#11371,3.000001172987);
#11371 = AXIS2_PLACEMENT_3D('',#11372,#11373,#11374);
#11372 = CARTESIAN_POINT('',(144.80000117298,-96.00000117298,0.));
#11373 = DIRECTION('',(0.,0.,-1.));
#11374 = DIRECTION('',(-1.,3.909953663434E-07,0.));
#11375 = ADVANCED_FACE('',(#11376),#11387,.T.);
#11376 = FACE_BOUND('',#11377,.T.);
#11377 = EDGE_LOOP('',(#11378,#11379,#11380,#11386));
#11378 = ORIENTED_EDGE('',*,*,#11148,.T.);
#11379 = ORIENTED_EDGE('',*,*,#11268,.T.);
#11380 = ORIENTED_EDGE('',*,*,#11381,.F.);
#11381 = EDGE_CURVE('',#11173,#11269,#11382,.T.);
#11382 = LINE('',#11383,#11384);
#11383 = CARTESIAN_POINT('',(160.8,-115.,0.));
#11384 = VECTOR('',#11385,1.);
#11385 = DIRECTION('',(0.,0.,1.));
#11386 = ORIENTED_EDGE('',*,*,#11172,.F.);
#11387 = CYLINDRICAL_SURFACE('',#11388,3.000001172987);
#11388 = AXIS2_PLACEMENT_3D('',#11389,#11390,#11391);
#11389 = CARTESIAN_POINT('',(160.79999882701,-111.999998827,0.));
#11390 = DIRECTION('',(0.,0.,-1.));
#11391 = DIRECTION('',(1.,-3.909953663434E-07,0.));
#11392 = ADVANCED_FACE('',(#11393),#11404,.T.);
#11393 = FACE_BOUND('',#11394,.T.);
#11394 = EDGE_LOOP('',(#11395,#11401,#11402,#11403));
#11395 = ORIENTED_EDGE('',*,*,#11396,.T.);
#11396 = EDGE_CURVE('',#11190,#11286,#11397,.T.);
#11397 = LINE('',#11398,#11399);
#11398 = CARTESIAN_POINT('',(141.8,-112.,0.));
#11399 = VECTOR('',#11400,1.);
#11400 = DIRECTION('',(0.,0.,1.));
#11401 = ORIENTED_EDGE('',*,*,#11294,.T.);
#11402 = ORIENTED_EDGE('',*,*,#11362,.F.);
#11403 = ORIENTED_EDGE('',*,*,#11198,.F.);
#11404 = PLANE('',#11405);
#11405 = AXIS2_PLACEMENT_3D('',#11406,#11407,#11408);
#11406 = CARTESIAN_POINT('',(141.8,-112.,0.));
#11407 = DIRECTION('',(-1.,0.,0.));
#11408 = DIRECTION('',(0.,1.,0.));
#11409 = ADVANCED_FACE('',(#11410),#11421,.T.);
#11410 = FACE_BOUND('',#11411,.T.);
#11411 = EDGE_LOOP('',(#11412,#11413,#11414,#11420));
#11412 = ORIENTED_EDGE('',*,*,#11381,.T.);
#11413 = ORIENTED_EDGE('',*,*,#11277,.T.);
#11414 = ORIENTED_EDGE('',*,*,#11415,.F.);
#11415 = EDGE_CURVE('',#11182,#11278,#11416,.T.);
#11416 = LINE('',#11417,#11418);
#11417 = CARTESIAN_POINT('',(144.8,-115.,0.));
#11418 = VECTOR('',#11419,1.);
#11419 = DIRECTION('',(0.,0.,1.));
#11420 = ORIENTED_EDGE('',*,*,#11181,.F.);
#11421 = PLANE('',#11422);
#11422 = AXIS2_PLACEMENT_3D('',#11423,#11424,#11425);
#11423 = CARTESIAN_POINT('',(160.8,-115.,0.));
#11424 = DIRECTION('',(0.,-1.,0.));
#11425 = DIRECTION('',(-1.,0.,0.));
#11426 = ADVANCED_FACE('',(#11427),#11433,.T.);
#11427 = FACE_BOUND('',#11428,.T.);
#11428 = EDGE_LOOP('',(#11429,#11430,#11431,#11432));
#11429 = ORIENTED_EDGE('',*,*,#11415,.T.);
#11430 = ORIENTED_EDGE('',*,*,#11285,.T.);
#11431 = ORIENTED_EDGE('',*,*,#11396,.F.);
#11432 = ORIENTED_EDGE('',*,*,#11189,.F.);
#11433 = CYLINDRICAL_SURFACE('',#11434,3.000001172987);
#11434 = AXIS2_PLACEMENT_3D('',#11435,#11436,#11437);
#11435 = CARTESIAN_POINT('',(144.80000117298,-111.999998827,0.));
#11436 = DIRECTION('',(0.,0.,-1.));
#11437 = DIRECTION('',(-3.909953710804E-07,-1.,-0.));
#11438 = ADVANCED_FACE('',(#11439),#11450,.F.);
#11439 = FACE_BOUND('',#11440,.T.);
#11440 = EDGE_LOOP('',(#11441,#11442,#11448,#11449));
#11441 = ORIENTED_EDGE('',*,*,#11216,.T.);
#11442 = ORIENTED_EDGE('',*,*,#11443,.T.);
#11443 = EDGE_CURVE('',#11217,#11313,#11444,.T.);
#11444 = LINE('',#11445,#11446);
#11445 = CARTESIAN_POINT('',(160.8,-113.1,-4.5E-02));
#11446 = VECTOR('',#11447,1.);
#11447 = DIRECTION('',(0.,0.,1.));
#11448 = ORIENTED_EDGE('',*,*,#11312,.F.);
#11449 = ORIENTED_EDGE('',*,*,#11443,.F.);
#11450 = CYLINDRICAL_SURFACE('',#11451,1.1);
#11451 = AXIS2_PLACEMENT_3D('',#11452,#11453,#11454);
#11452 = CARTESIAN_POINT('',(160.8,-112.,-4.5E-02));
#11453 = DIRECTION('',(-0.,-0.,-1.));
#11454 = DIRECTION('',(-0.,-1.,0.));
#11455 = ADVANCED_FACE('',(#11456),#11467,.F.);
#11456 = FACE_BOUND('',#11457,.T.);
#11457 = EDGE_LOOP('',(#11458,#11459,#11465,#11466));
#11458 = ORIENTED_EDGE('',*,*,#11227,.T.);
#11459 = ORIENTED_EDGE('',*,*,#11460,.T.);
#11460 = EDGE_CURVE('',#11228,#11324,#11461,.T.);
#11461 = LINE('',#11462,#11463);
#11462 = CARTESIAN_POINT('',(144.8,-113.1,-4.5E-02));
#11463 = VECTOR('',#11464,1.);
#11464 = DIRECTION('',(0.,0.,1.));
#11465 = ORIENTED_EDGE('',*,*,#11323,.F.);
#11466 = ORIENTED_EDGE('',*,*,#11460,.F.);
#11467 = CYLINDRICAL_SURFACE('',#11468,1.1);
#11468 = AXIS2_PLACEMENT_3D('',#11469,#11470,#11471);
#11469 = CARTESIAN_POINT('',(144.8,-112.,-4.5E-02));
#11470 = DIRECTION('',(-0.,-0.,-1.));
#11471 = DIRECTION('',(-0.,-1.,0.));
#11472 = ADVANCED_FACE('',(#11473),#11484,.F.);
#11473 = FACE_BOUND('',#11474,.T.);
#11474 = EDGE_LOOP('',(#11475,#11476,#11482,#11483));
#11475 = ORIENTED_EDGE('',*,*,#11238,.T.);
#11476 = ORIENTED_EDGE('',*,*,#11477,.T.);
#11477 = EDGE_CURVE('',#11239,#11335,#11478,.T.);
#11478 = LINE('',#11479,#11480);
#11479 = CARTESIAN_POINT('',(160.8,-97.1,-4.5E-02));
#11480 = VECTOR('',#11481,1.);
#11481 = DIRECTION('',(0.,0.,1.));
#11482 = ORIENTED_EDGE('',*,*,#11334,.F.);
#11483 = ORIENTED_EDGE('',*,*,#11477,.F.);
#11484 = CYLINDRICAL_SURFACE('',#11485,1.1);
#11485 = AXIS2_PLACEMENT_3D('',#11486,#11487,#11488);
#11486 = CARTESIAN_POINT('',(160.8,-96.,-4.5E-02));
#11487 = DIRECTION('',(-0.,-0.,-1.));
#11488 = DIRECTION('',(-0.,-1.,0.));
#11489 = ADVANCED_FACE('',(#11490),#11501,.F.);
#11490 = FACE_BOUND('',#11491,.T.);
#11491 = EDGE_LOOP('',(#11492,#11493,#11499,#11500));
#11492 = ORIENTED_EDGE('',*,*,#11249,.T.);
#11493 = ORIENTED_EDGE('',*,*,#11494,.T.);
#11494 = EDGE_CURVE('',#11250,#11346,#11495,.T.);
#11495 = LINE('',#11496,#11497);
#11496 = CARTESIAN_POINT('',(144.8,-97.1,-4.5E-02));
#11497 = VECTOR('',#11498,1.);
#11498 = DIRECTION('',(0.,0.,1.));
#11499 = ORIENTED_EDGE('',*,*,#11345,.F.);
#11500 = ORIENTED_EDGE('',*,*,#11494,.F.);
#11501 = CYLINDRICAL_SURFACE('',#11502,1.1);
#11502 = AXIS2_PLACEMENT_3D('',#11503,#11504,#11505);
#11503 = CARTESIAN_POINT('',(144.8,-96.,-4.5E-02));
#11504 = DIRECTION('',(-0.,-0.,-1.));
#11505 = DIRECTION('',(-0.,-1.,0.));
#11506 = ( GEOMETRIC_REPRESENTATION_CONTEXT(3) 
GLOBAL_UNCERTAINTY_ASSIGNED_CONTEXT((#11510)) 
GLOBAL_UNIT_ASSIGNED_CONTEXT((#11507,#11508,#11509)) 
REPRESENTATION_CONTEXT('Context #1',
  '3D Context with UNIT and UNCERTAINTY') );
#11507 = ( LENGTH_UNIT() NAMED_UNIT(*) SI_UNIT(.MILLI.,.METRE.) );
#11508 = ( NAMED_UNIT(*) PLANE_ANGLE_UNIT() SI_UNIT($,.RADIAN.) );
#11509 = ( NAMED_UNIT(*) SI_UNIT($,.STERADIAN.) SOLID_ANGLE_UNIT() );
#11510 = UNCERTAINTY_MEASURE_WITH_UNIT(LENGTH_MEASURE(1.E-07),#11507,
  'distance_accuracy_value','confusion accuracy');
#11511 = CONTEXT_DEPENDENT_SHAPE_REPRESENTATION(#11512,#11514);
#11512 = ( REPRESENTATION_RELATIONSHIP('','',#11059,#10) 
REPRESENTATION_RELATIONSHIP_WITH_TRANSFORMATION(#11513) 
SHAPE_REPRESENTATION_RELATIONSHIP() );
#11513 = ITEM_DEFINED_TRANSFORMATION('','',#11,#27);
#11514 = PRODUCT_DEFINITION_SHAPE('Placement','Placement of an item',
  #11515);
#11515 = NEXT_ASSEMBLY_USAGE_OCCURRENCE('7','=>[0:1:1:8]','',#5,#11054,$
  );
#11516 = PRODUCT_RELATED_PRODUCT_CATEGORY('part',$,(#11056));
#11517 = MECHANICAL_DESIGN_GEOMETRIC_PRESENTATION_REPRESENTATION('',(
    #11518,#11526,#11533,#11540,#11547,#11554,#11561,#11568,#11575,
    #11582,#11589,#11596,#11603,#11610,#11617,#11624,#11631,#11638,
    #11645,#11652,#11659,#11666,#11673,#11680,#11687,#11694,#11701,
    #11708,#11715,#11723,#11730,#11737,#11744,#11751,#11758,#11765,
    #11772,#11779,#11786,#11793,#11800,#11807,#11814,#11821,#11828,
    #11835,#11842,#11849,#11856,#11863,#11870,#11877,#11884,#11891,
    #11898,#11905,#11912,#11919,#11926,#11933,#11940,#11947,#11954,
    #11961,#11968,#11975,#11982,#11989,#11996,#12003,#12010,#12017,
    #12024,#12031,#12038,#12045,#12052,#12059,#12066,#12073,#12080,
    #12087,#12094,#12101,#12108,#12115,#12122,#12129,#12136,#12143,
    #12150,#12157,#12164,#12171,#12178,#12185,#12192,#12199,#12206,
    #12213,#12220,#12227,#12234,#12241,#12248,#12255,#12262,#12269,
    #12276,#12283,#12290,#12297,#12304,#12311,#12318,#12325,#12332,
    #12339,#12346,#12353,#12360,#12367,#12374,#12381,#12388,#12395,
    #12402,#12409,#12416,#12423,#12430,#12437,#12444,#12451,#12458,
    #12465,#12472,#12479,#12486,#12493,#12500,#12507,#12514,#12521,
    #12528,#12535,#12542,#12549,#12556,#12563,#12570,#12577,#12584,
    #12591,#12598,#12605,#12612,#12619,#12626,#12633,#12640,#12647,
    #12654,#12661,#12668,#12675,#12682,#12689,#12696,#12703,#12710,
    #12717,#12724,#12731,#12738,#12745,#12752,#12759,#12766,#12773,
    #12780,#12787,#12794,#12801,#12808,#12815,#12822,#12829,#12836,
    #12843,#12850,#12857,#12864,#12871,#12878,#12885),#5560);
#11518 = STYLED_ITEM('color',(#11519),#70);
#11519 = PRESENTATION_STYLE_ASSIGNMENT((#11520));
#11520 = SURFACE_STYLE_USAGE(.BOTH.,#11521);
#11521 = SURFACE_SIDE_STYLE('',(#11522));
#11522 = SURFACE_STYLE_FILL_AREA(#11523);
#11523 = FILL_AREA_STYLE('',(#11524));
#11524 = FILL_AREA_STYLE_COLOUR('',#11525);
#11525 = COLOUR_RGB('',0.147999998088,0.144999993226,0.144999993226);
#11526 = STYLED_ITEM('color',(#11527),#110);
#11527 = PRESENTATION_STYLE_ASSIGNMENT((#11528));
#11528 = SURFACE_STYLE_USAGE(.BOTH.,#11529);
#11529 = SURFACE_SIDE_STYLE('',(#11530));
#11530 = SURFACE_STYLE_FILL_AREA(#11531);
#11531 = FILL_AREA_STYLE('',(#11532));
#11532 = FILL_AREA_STYLE_COLOUR('',#11525);
#11533 = STYLED_ITEM('color',(#11534),#141);
#11534 = PRESENTATION_STYLE_ASSIGNMENT((#11535));
#11535 = SURFACE_STYLE_USAGE(.BOTH.,#11536);
#11536 = SURFACE_SIDE_STYLE('',(#11537));
#11537 = SURFACE_STYLE_FILL_AREA(#11538);
#11538 = FILL_AREA_STYLE('',(#11539));
#11539 = FILL_AREA_STYLE_COLOUR('',#11525);
#11540 = STYLED_ITEM('color',(#11541),#172);
#11541 = PRESENTATION_STYLE_ASSIGNMENT((#11542));
#11542 = SURFACE_STYLE_USAGE(.BOTH.,#11543);
#11543 = SURFACE_SIDE_STYLE('',(#11544));
#11544 = SURFACE_STYLE_FILL_AREA(#11545);
#11545 = FILL_AREA_STYLE('',(#11546));
#11546 = FILL_AREA_STYLE_COLOUR('',#11525);
#11547 = STYLED_ITEM('color',(#11548),#637);
#11548 = PRESENTATION_STYLE_ASSIGNMENT((#11549));
#11549 = SURFACE_STYLE_USAGE(.BOTH.,#11550);
#11550 = SURFACE_SIDE_STYLE('',(#11551));
#11551 = SURFACE_STYLE_FILL_AREA(#11552);
#11552 = FILL_AREA_STYLE('',(#11553));
#11553 = FILL_AREA_STYLE_COLOUR('',#11525);
#11554 = STYLED_ITEM('color',(#11555),#1102);
#11555 = PRESENTATION_STYLE_ASSIGNMENT((#11556));
#11556 = SURFACE_STYLE_USAGE(.BOTH.,#11557);
#11557 = SURFACE_SIDE_STYLE('',(#11558));
#11558 = SURFACE_STYLE_FILL_AREA(#11559);
#11559 = FILL_AREA_STYLE('',(#11560));
#11560 = FILL_AREA_STYLE_COLOUR('',#11525);
#11561 = STYLED_ITEM('color',(#11562),#1119);
#11562 = PRESENTATION_STYLE_ASSIGNMENT((#11563));
#11563 = SURFACE_STYLE_USAGE(.BOTH.,#11564);
#11564 = SURFACE_SIDE_STYLE('',(#11565));
#11565 = SURFACE_STYLE_FILL_AREA(#11566);
#11566 = FILL_AREA_STYLE('',(#11567));
#11567 = FILL_AREA_STYLE_COLOUR('',#11525);
#11568 = STYLED_ITEM('color',(#11569),#1136);
#11569 = PRESENTATION_STYLE_ASSIGNMENT((#11570));
#11570 = SURFACE_STYLE_USAGE(.BOTH.,#11571);
#11571 = SURFACE_SIDE_STYLE('',(#11572));
#11572 = SURFACE_STYLE_FILL_AREA(#11573);
#11573 = FILL_AREA_STYLE('',(#11574));
#11574 = FILL_AREA_STYLE_COLOUR('',#11525);
#11575 = STYLED_ITEM('color',(#11576),#1153);
#11576 = PRESENTATION_STYLE_ASSIGNMENT((#11577));
#11577 = SURFACE_STYLE_USAGE(.BOTH.,#11578);
#11578 = SURFACE_SIDE_STYLE('',(#11579));
#11579 = SURFACE_STYLE_FILL_AREA(#11580);
#11580 = FILL_AREA_STYLE('',(#11581));
#11581 = FILL_AREA_STYLE_COLOUR('',#11525);
#11582 = STYLED_ITEM('color',(#11583),#1170);
#11583 = PRESENTATION_STYLE_ASSIGNMENT((#11584));
#11584 = SURFACE_STYLE_USAGE(.BOTH.,#11585);
#11585 = SURFACE_SIDE_STYLE('',(#11586));
#11586 = SURFACE_STYLE_FILL_AREA(#11587);
#11587 = FILL_AREA_STYLE('',(#11588));
#11588 = FILL_AREA_STYLE_COLOUR('',#11525);
#11589 = STYLED_ITEM('color',(#11590),#1187);
#11590 = PRESENTATION_STYLE_ASSIGNMENT((#11591));
#11591 = SURFACE_STYLE_USAGE(.BOTH.,#11592);
#11592 = SURFACE_SIDE_STYLE('',(#11593));
#11593 = SURFACE_STYLE_FILL_AREA(#11594);
#11594 = FILL_AREA_STYLE('',(#11595));
#11595 = FILL_AREA_STYLE_COLOUR('',#11525);
#11596 = STYLED_ITEM('color',(#11597),#1204);
#11597 = PRESENTATION_STYLE_ASSIGNMENT((#11598));
#11598 = SURFACE_STYLE_USAGE(.BOTH.,#11599);
#11599 = SURFACE_SIDE_STYLE('',(#11600));
#11600 = SURFACE_STYLE_FILL_AREA(#11601);
#11601 = FILL_AREA_STYLE('',(#11602));
#11602 = FILL_AREA_STYLE_COLOUR('',#11525);
#11603 = STYLED_ITEM('color',(#11604),#1221);
#11604 = PRESENTATION_STYLE_ASSIGNMENT((#11605));
#11605 = SURFACE_STYLE_USAGE(.BOTH.,#11606);
#11606 = SURFACE_SIDE_STYLE('',(#11607));
#11607 = SURFACE_STYLE_FILL_AREA(#11608);
#11608 = FILL_AREA_STYLE('',(#11609));
#11609 = FILL_AREA_STYLE_COLOUR('',#11525);
#11610 = STYLED_ITEM('color',(#11611),#1238);
#11611 = PRESENTATION_STYLE_ASSIGNMENT((#11612));
#11612 = SURFACE_STYLE_USAGE(.BOTH.,#11613);
#11613 = SURFACE_SIDE_STYLE('',(#11614));
#11614 = SURFACE_STYLE_FILL_AREA(#11615);
#11615 = FILL_AREA_STYLE('',(#11616));
#11616 = FILL_AREA_STYLE_COLOUR('',#11525);
#11617 = STYLED_ITEM('color',(#11618),#1255);
#11618 = PRESENTATION_STYLE_ASSIGNMENT((#11619));
#11619 = SURFACE_STYLE_USAGE(.BOTH.,#11620);
#11620 = SURFACE_SIDE_STYLE('',(#11621));
#11621 = SURFACE_STYLE_FILL_AREA(#11622);
#11622 = FILL_AREA_STYLE('',(#11623));
#11623 = FILL_AREA_STYLE_COLOUR('',#11525);
#11624 = STYLED_ITEM('color',(#11625),#1272);
#11625 = PRESENTATION_STYLE_ASSIGNMENT((#11626));
#11626 = SURFACE_STYLE_USAGE(.BOTH.,#11627);
#11627 = SURFACE_SIDE_STYLE('',(#11628));
#11628 = SURFACE_STYLE_FILL_AREA(#11629);
#11629 = FILL_AREA_STYLE('',(#11630));
#11630 = FILL_AREA_STYLE_COLOUR('',#11525);
#11631 = STYLED_ITEM('color',(#11632),#1289);
#11632 = PRESENTATION_STYLE_ASSIGNMENT((#11633));
#11633 = SURFACE_STYLE_USAGE(.BOTH.,#11634);
#11634 = SURFACE_SIDE_STYLE('',(#11635));
#11635 = SURFACE_STYLE_FILL_AREA(#11636);
#11636 = FILL_AREA_STYLE('',(#11637));
#11637 = FILL_AREA_STYLE_COLOUR('',#11525);
#11638 = STYLED_ITEM('color',(#11639),#1306);
#11639 = PRESENTATION_STYLE_ASSIGNMENT((#11640));
#11640 = SURFACE_STYLE_USAGE(.BOTH.,#11641);
#11641 = SURFACE_SIDE_STYLE('',(#11642));
#11642 = SURFACE_STYLE_FILL_AREA(#11643);
#11643 = FILL_AREA_STYLE('',(#11644));
#11644 = FILL_AREA_STYLE_COLOUR('',#11525);
#11645 = STYLED_ITEM('color',(#11646),#1323);
#11646 = PRESENTATION_STYLE_ASSIGNMENT((#11647));
#11647 = SURFACE_STYLE_USAGE(.BOTH.,#11648);
#11648 = SURFACE_SIDE_STYLE('',(#11649));
#11649 = SURFACE_STYLE_FILL_AREA(#11650);
#11650 = FILL_AREA_STYLE('',(#11651));
#11651 = FILL_AREA_STYLE_COLOUR('',#11525);
#11652 = STYLED_ITEM('color',(#11653),#1340);
#11653 = PRESENTATION_STYLE_ASSIGNMENT((#11654));
#11654 = SURFACE_STYLE_USAGE(.BOTH.,#11655);
#11655 = SURFACE_SIDE_STYLE('',(#11656));
#11656 = SURFACE_STYLE_FILL_AREA(#11657);
#11657 = FILL_AREA_STYLE('',(#11658));
#11658 = FILL_AREA_STYLE_COLOUR('',#11525);
#11659 = STYLED_ITEM('color',(#11660),#1357);
#11660 = PRESENTATION_STYLE_ASSIGNMENT((#11661));
#11661 = SURFACE_STYLE_USAGE(.BOTH.,#11662);
#11662 = SURFACE_SIDE_STYLE('',(#11663));
#11663 = SURFACE_STYLE_FILL_AREA(#11664);
#11664 = FILL_AREA_STYLE('',(#11665));
#11665 = FILL_AREA_STYLE_COLOUR('',#11525);
#11666 = STYLED_ITEM('color',(#11667),#1374);
#11667 = PRESENTATION_STYLE_ASSIGNMENT((#11668));
#11668 = SURFACE_STYLE_USAGE(.BOTH.,#11669);
#11669 = SURFACE_SIDE_STYLE('',(#11670));
#11670 = SURFACE_STYLE_FILL_AREA(#11671);
#11671 = FILL_AREA_STYLE('',(#11672));
#11672 = FILL_AREA_STYLE_COLOUR('',#11525);
#11673 = STYLED_ITEM('color',(#11674),#1391);
#11674 = PRESENTATION_STYLE_ASSIGNMENT((#11675));
#11675 = SURFACE_STYLE_USAGE(.BOTH.,#11676);
#11676 = SURFACE_SIDE_STYLE('',(#11677));
#11677 = SURFACE_STYLE_FILL_AREA(#11678);
#11678 = FILL_AREA_STYLE('',(#11679));
#11679 = FILL_AREA_STYLE_COLOUR('',#11525);
#11680 = STYLED_ITEM('color',(#11681),#1408);
#11681 = PRESENTATION_STYLE_ASSIGNMENT((#11682));
#11682 = SURFACE_STYLE_USAGE(.BOTH.,#11683);
#11683 = SURFACE_SIDE_STYLE('',(#11684));
#11684 = SURFACE_STYLE_FILL_AREA(#11685);
#11685 = FILL_AREA_STYLE('',(#11686));
#11686 = FILL_AREA_STYLE_COLOUR('',#11525);
#11687 = STYLED_ITEM('color',(#11688),#1425);
#11688 = PRESENTATION_STYLE_ASSIGNMENT((#11689));
#11689 = SURFACE_STYLE_USAGE(.BOTH.,#11690);
#11690 = SURFACE_SIDE_STYLE('',(#11691));
#11691 = SURFACE_STYLE_FILL_AREA(#11692);
#11692 = FILL_AREA_STYLE('',(#11693));
#11693 = FILL_AREA_STYLE_COLOUR('',#11525);
#11694 = STYLED_ITEM('color',(#11695),#1442);
#11695 = PRESENTATION_STYLE_ASSIGNMENT((#11696));
#11696 = SURFACE_STYLE_USAGE(.BOTH.,#11697);
#11697 = SURFACE_SIDE_STYLE('',(#11698));
#11698 = SURFACE_STYLE_FILL_AREA(#11699);
#11699 = FILL_AREA_STYLE('',(#11700));
#11700 = FILL_AREA_STYLE_COLOUR('',#11525);
#11701 = STYLED_ITEM('color',(#11702),#1459);
#11702 = PRESENTATION_STYLE_ASSIGNMENT((#11703));
#11703 = SURFACE_STYLE_USAGE(.BOTH.,#11704);
#11704 = SURFACE_SIDE_STYLE('',(#11705));
#11705 = SURFACE_STYLE_FILL_AREA(#11706);
#11706 = FILL_AREA_STYLE('',(#11707));
#11707 = FILL_AREA_STYLE_COLOUR('',#11525);
#11708 = STYLED_ITEM('color',(#11709),#1476);
#11709 = PRESENTATION_STYLE_ASSIGNMENT((#11710));
#11710 = SURFACE_STYLE_USAGE(.BOTH.,#11711);
#11711 = SURFACE_SIDE_STYLE('',(#11712));
#11712 = SURFACE_STYLE_FILL_AREA(#11713);
#11713 = FILL_AREA_STYLE('',(#11714));
#11714 = FILL_AREA_STYLE_COLOUR('',#11525);
#11715 = STYLED_ITEM('color',(#11716),#1488);
#11716 = PRESENTATION_STYLE_ASSIGNMENT((#11717));
#11717 = SURFACE_STYLE_USAGE(.BOTH.,#11718);
#11718 = SURFACE_SIDE_STYLE('',(#11719));
#11719 = SURFACE_STYLE_FILL_AREA(#11720);
#11720 = FILL_AREA_STYLE('',(#11721));
#11721 = FILL_AREA_STYLE_COLOUR('',#11722);
#11722 = COLOUR_RGB('',0.859000020776,0.737999965183,0.495999988746);
#11723 = STYLED_ITEM('color',(#11724),#1519);
#11724 = PRESENTATION_STYLE_ASSIGNMENT((#11725));
#11725 = SURFACE_STYLE_USAGE(.BOTH.,#11726);
#11726 = SURFACE_SIDE_STYLE('',(#11727));
#11727 = SURFACE_STYLE_FILL_AREA(#11728);
#11728 = FILL_AREA_STYLE('',(#11729));
#11729 = FILL_AREA_STYLE_COLOUR('',#11722);
#11730 = STYLED_ITEM('color',(#11731),#1568);
#11731 = PRESENTATION_STYLE_ASSIGNMENT((#11732));
#11732 = SURFACE_STYLE_USAGE(.BOTH.,#11733);
#11733 = SURFACE_SIDE_STYLE('',(#11734));
#11734 = SURFACE_STYLE_FILL_AREA(#11735);
#11735 = FILL_AREA_STYLE('',(#11736));
#11736 = FILL_AREA_STYLE_COLOUR('',#11722);
#11737 = STYLED_ITEM('color',(#11738),#1592);
#11738 = PRESENTATION_STYLE_ASSIGNMENT((#11739));
#11739 = SURFACE_STYLE_USAGE(.BOTH.,#11740);
#11740 = SURFACE_SIDE_STYLE('',(#11741));
#11741 = SURFACE_STYLE_FILL_AREA(#11742);
#11742 = FILL_AREA_STYLE('',(#11743));
#11743 = FILL_AREA_STYLE_COLOUR('',#11722);
#11744 = STYLED_ITEM('color',(#11745),#1634);
#11745 = PRESENTATION_STYLE_ASSIGNMENT((#11746));
#11746 = SURFACE_STYLE_USAGE(.BOTH.,#11747);
#11747 = SURFACE_SIDE_STYLE('',(#11748));
#11748 = SURFACE_STYLE_FILL_AREA(#11749);
#11749 = FILL_AREA_STYLE('',(#11750));
#11750 = FILL_AREA_STYLE_COLOUR('',#11722);
#11751 = STYLED_ITEM('color',(#11752),#1690);
#11752 = PRESENTATION_STYLE_ASSIGNMENT((#11753));
#11753 = SURFACE_STYLE_USAGE(.BOTH.,#11754);
#11754 = SURFACE_SIDE_STYLE('',(#11755));
#11755 = SURFACE_STYLE_FILL_AREA(#11756);
#11756 = FILL_AREA_STYLE('',(#11757));
#11757 = FILL_AREA_STYLE_COLOUR('',#11722);
#11758 = STYLED_ITEM('color',(#11759),#1714);
#11759 = PRESENTATION_STYLE_ASSIGNMENT((#11760));
#11760 = SURFACE_STYLE_USAGE(.BOTH.,#11761);
#11761 = SURFACE_SIDE_STYLE('',(#11762));
#11762 = SURFACE_STYLE_FILL_AREA(#11763);
#11763 = FILL_AREA_STYLE('',(#11764));
#11764 = FILL_AREA_STYLE_COLOUR('',#11722);
#11765 = STYLED_ITEM('color',(#11766),#1763);
#11766 = PRESENTATION_STYLE_ASSIGNMENT((#11767));
#11767 = SURFACE_STYLE_USAGE(.BOTH.,#11768);
#11768 = SURFACE_SIDE_STYLE('',(#11769));
#11769 = SURFACE_STYLE_FILL_AREA(#11770);
#11770 = FILL_AREA_STYLE('',(#11771));
#11771 = FILL_AREA_STYLE_COLOUR('',#11722);
#11772 = STYLED_ITEM('color',(#11773),#1780);
#11773 = PRESENTATION_STYLE_ASSIGNMENT((#11774));
#11774 = SURFACE_STYLE_USAGE(.BOTH.,#11775);
#11775 = SURFACE_SIDE_STYLE('',(#11776));
#11776 = SURFACE_STYLE_FILL_AREA(#11777);
#11777 = FILL_AREA_STYLE('',(#11778));
#11778 = FILL_AREA_STYLE_COLOUR('',#11722);
#11779 = STYLED_ITEM('color',(#11780),#1811);
#11780 = PRESENTATION_STYLE_ASSIGNMENT((#11781));
#11781 = SURFACE_STYLE_USAGE(.BOTH.,#11782);
#11782 = SURFACE_SIDE_STYLE('',(#11783));
#11783 = SURFACE_STYLE_FILL_AREA(#11784);
#11784 = FILL_AREA_STYLE('',(#11785));
#11785 = FILL_AREA_STYLE_COLOUR('',#11722);
#11786 = STYLED_ITEM('color',(#11787),#1860);
#11787 = PRESENTATION_STYLE_ASSIGNMENT((#11788));
#11788 = SURFACE_STYLE_USAGE(.BOTH.,#11789);
#11789 = SURFACE_SIDE_STYLE('',(#11790));
#11790 = SURFACE_STYLE_FILL_AREA(#11791);
#11791 = FILL_AREA_STYLE('',(#11792));
#11792 = FILL_AREA_STYLE_COLOUR('',#11722);
#11793 = STYLED_ITEM('color',(#11794),#1884);
#11794 = PRESENTATION_STYLE_ASSIGNMENT((#11795));
#11795 = SURFACE_STYLE_USAGE(.BOTH.,#11796);
#11796 = SURFACE_SIDE_STYLE('',(#11797));
#11797 = SURFACE_STYLE_FILL_AREA(#11798);
#11798 = FILL_AREA_STYLE('',(#11799));
#11799 = FILL_AREA_STYLE_COLOUR('',#11722);
#11800 = STYLED_ITEM('color',(#11801),#1926);
#11801 = PRESENTATION_STYLE_ASSIGNMENT((#11802));
#11802 = SURFACE_STYLE_USAGE(.BOTH.,#11803);
#11803 = SURFACE_SIDE_STYLE('',(#11804));
#11804 = SURFACE_STYLE_FILL_AREA(#11805);
#11805 = FILL_AREA_STYLE('',(#11806));
#11806 = FILL_AREA_STYLE_COLOUR('',#11722);
#11807 = STYLED_ITEM('color',(#11808),#1982);
#11808 = PRESENTATION_STYLE_ASSIGNMENT((#11809));
#11809 = SURFACE_STYLE_USAGE(.BOTH.,#11810);
#11810 = SURFACE_SIDE_STYLE('',(#11811));
#11811 = SURFACE_STYLE_FILL_AREA(#11812);
#11812 = FILL_AREA_STYLE('',(#11813));
#11813 = FILL_AREA_STYLE_COLOUR('',#11722);
#11814 = STYLED_ITEM('color',(#11815),#2006);
#11815 = PRESENTATION_STYLE_ASSIGNMENT((#11816));
#11816 = SURFACE_STYLE_USAGE(.BOTH.,#11817);
#11817 = SURFACE_SIDE_STYLE('',(#11818));
#11818 = SURFACE_STYLE_FILL_AREA(#11819);
#11819 = FILL_AREA_STYLE('',(#11820));
#11820 = FILL_AREA_STYLE_COLOUR('',#11722);
#11821 = STYLED_ITEM('color',(#11822),#2055);
#11822 = PRESENTATION_STYLE_ASSIGNMENT((#11823));
#11823 = SURFACE_STYLE_USAGE(.BOTH.,#11824);
#11824 = SURFACE_SIDE_STYLE('',(#11825));
#11825 = SURFACE_STYLE_FILL_AREA(#11826);
#11826 = FILL_AREA_STYLE('',(#11827));
#11827 = FILL_AREA_STYLE_COLOUR('',#11722);
#11828 = STYLED_ITEM('color',(#11829),#2072);
#11829 = PRESENTATION_STYLE_ASSIGNMENT((#11830));
#11830 = SURFACE_STYLE_USAGE(.BOTH.,#11831);
#11831 = SURFACE_SIDE_STYLE('',(#11832));
#11832 = SURFACE_STYLE_FILL_AREA(#11833);
#11833 = FILL_AREA_STYLE('',(#11834));
#11834 = FILL_AREA_STYLE_COLOUR('',#11722);
#11835 = STYLED_ITEM('color',(#11836),#2103);
#11836 = PRESENTATION_STYLE_ASSIGNMENT((#11837));
#11837 = SURFACE_STYLE_USAGE(.BOTH.,#11838);
#11838 = SURFACE_SIDE_STYLE('',(#11839));
#11839 = SURFACE_STYLE_FILL_AREA(#11840);
#11840 = FILL_AREA_STYLE('',(#11841));
#11841 = FILL_AREA_STYLE_COLOUR('',#11722);
#11842 = STYLED_ITEM('color',(#11843),#2152);
#11843 = PRESENTATION_STYLE_ASSIGNMENT((#11844));
#11844 = SURFACE_STYLE_USAGE(.BOTH.,#11845);
#11845 = SURFACE_SIDE_STYLE('',(#11846));
#11846 = SURFACE_STYLE_FILL_AREA(#11847);
#11847 = FILL_AREA_STYLE('',(#11848));
#11848 = FILL_AREA_STYLE_COLOUR('',#11722);
#11849 = STYLED_ITEM('color',(#11850),#2176);
#11850 = PRESENTATION_STYLE_ASSIGNMENT((#11851));
#11851 = SURFACE_STYLE_USAGE(.BOTH.,#11852);
#11852 = SURFACE_SIDE_STYLE('',(#11853));
#11853 = SURFACE_STYLE_FILL_AREA(#11854);
#11854 = FILL_AREA_STYLE('',(#11855));
#11855 = FILL_AREA_STYLE_COLOUR('',#11722);
#11856 = STYLED_ITEM('color',(#11857),#2218);
#11857 = PRESENTATION_STYLE_ASSIGNMENT((#11858));
#11858 = SURFACE_STYLE_USAGE(.BOTH.,#11859);
#11859 = SURFACE_SIDE_STYLE('',(#11860));
#11860 = SURFACE_STYLE_FILL_AREA(#11861);
#11861 = FILL_AREA_STYLE('',(#11862));
#11862 = FILL_AREA_STYLE_COLOUR('',#11722);
#11863 = STYLED_ITEM('color',(#11864),#2274);
#11864 = PRESENTATION_STYLE_ASSIGNMENT((#11865));
#11865 = SURFACE_STYLE_USAGE(.BOTH.,#11866);
#11866 = SURFACE_SIDE_STYLE('',(#11867));
#11867 = SURFACE_STYLE_FILL_AREA(#11868);
#11868 = FILL_AREA_STYLE('',(#11869));
#11869 = FILL_AREA_STYLE_COLOUR('',#11722);
#11870 = STYLED_ITEM('color',(#11871),#2298);
#11871 = PRESENTATION_STYLE_ASSIGNMENT((#11872));
#11872 = SURFACE_STYLE_USAGE(.BOTH.,#11873);
#11873 = SURFACE_SIDE_STYLE('',(#11874));
#11874 = SURFACE_STYLE_FILL_AREA(#11875);
#11875 = FILL_AREA_STYLE('',(#11876));
#11876 = FILL_AREA_STYLE_COLOUR('',#11722);
#11877 = STYLED_ITEM('color',(#11878),#2347);
#11878 = PRESENTATION_STYLE_ASSIGNMENT((#11879));
#11879 = SURFACE_STYLE_USAGE(.BOTH.,#11880);
#11880 = SURFACE_SIDE_STYLE('',(#11881));
#11881 = SURFACE_STYLE_FILL_AREA(#11882);
#11882 = FILL_AREA_STYLE('',(#11883));
#11883 = FILL_AREA_STYLE_COLOUR('',#11722);
#11884 = STYLED_ITEM('color',(#11885),#2364);
#11885 = PRESENTATION_STYLE_ASSIGNMENT((#11886));
#11886 = SURFACE_STYLE_USAGE(.BOTH.,#11887);
#11887 = SURFACE_SIDE_STYLE('',(#11888));
#11888 = SURFACE_STYLE_FILL_AREA(#11889);
#11889 = FILL_AREA_STYLE('',(#11890));
#11890 = FILL_AREA_STYLE_COLOUR('',#11722);
#11891 = STYLED_ITEM('color',(#11892),#2395);
#11892 = PRESENTATION_STYLE_ASSIGNMENT((#11893));
#11893 = SURFACE_STYLE_USAGE(.BOTH.,#11894);
#11894 = SURFACE_SIDE_STYLE('',(#11895));
#11895 = SURFACE_STYLE_FILL_AREA(#11896);
#11896 = FILL_AREA_STYLE('',(#11897));
#11897 = FILL_AREA_STYLE_COLOUR('',#11722);
#11898 = STYLED_ITEM('color',(#11899),#2444);
#11899 = PRESENTATION_STYLE_ASSIGNMENT((#11900));
#11900 = SURFACE_STYLE_USAGE(.BOTH.,#11901);
#11901 = SURFACE_SIDE_STYLE('',(#11902));
#11902 = SURFACE_STYLE_FILL_AREA(#11903);
#11903 = FILL_AREA_STYLE('',(#11904));
#11904 = FILL_AREA_STYLE_COLOUR('',#11722);
#11905 = STYLED_ITEM('color',(#11906),#2468);
#11906 = PRESENTATION_STYLE_ASSIGNMENT((#11907));
#11907 = SURFACE_STYLE_USAGE(.BOTH.,#11908);
#11908 = SURFACE_SIDE_STYLE('',(#11909));
#11909 = SURFACE_STYLE_FILL_AREA(#11910);
#11910 = FILL_AREA_STYLE('',(#11911));
#11911 = FILL_AREA_STYLE_COLOUR('',#11722);
#11912 = STYLED_ITEM('color',(#11913),#2510);
#11913 = PRESENTATION_STYLE_ASSIGNMENT((#11914));
#11914 = SURFACE_STYLE_USAGE(.BOTH.,#11915);
#11915 = SURFACE_SIDE_STYLE('',(#11916));
#11916 = SURFACE_STYLE_FILL_AREA(#11917);
#11917 = FILL_AREA_STYLE('',(#11918));
#11918 = FILL_AREA_STYLE_COLOUR('',#11722);
#11919 = STYLED_ITEM('color',(#11920),#2541);
#11920 = PRESENTATION_STYLE_ASSIGNMENT((#11921));
#11921 = SURFACE_STYLE_USAGE(.BOTH.,#11922);
#11922 = SURFACE_SIDE_STYLE('',(#11923));
#11923 = SURFACE_STYLE_FILL_AREA(#11924);
#11924 = FILL_AREA_STYLE('',(#11925));
#11925 = FILL_AREA_STYLE_COLOUR('',#11722);
#11926 = STYLED_ITEM('color',(#11927),#2590);
#11927 = PRESENTATION_STYLE_ASSIGNMENT((#11928));
#11928 = SURFACE_STYLE_USAGE(.BOTH.,#11929);
#11929 = SURFACE_SIDE_STYLE('',(#11930));
#11930 = SURFACE_STYLE_FILL_AREA(#11931);
#11931 = FILL_AREA_STYLE('',(#11932));
#11932 = FILL_AREA_STYLE_COLOUR('',#11722);
#11933 = STYLED_ITEM('color',(#11934),#2614);
#11934 = PRESENTATION_STYLE_ASSIGNMENT((#11935));
#11935 = SURFACE_STYLE_USAGE(.BOTH.,#11936);
#11936 = SURFACE_SIDE_STYLE('',(#11937));
#11937 = SURFACE_STYLE_FILL_AREA(#11938);
#11938 = FILL_AREA_STYLE('',(#11939));
#11939 = FILL_AREA_STYLE_COLOUR('',#11722);
#11940 = STYLED_ITEM('color',(#11941),#2656);
#11941 = PRESENTATION_STYLE_ASSIGNMENT((#11942));
#11942 = SURFACE_STYLE_USAGE(.BOTH.,#11943);
#11943 = SURFACE_SIDE_STYLE('',(#11944));
#11944 = SURFACE_STYLE_FILL_AREA(#11945);
#11945 = FILL_AREA_STYLE('',(#11946));
#11946 = FILL_AREA_STYLE_COLOUR('',#11722);
#11947 = STYLED_ITEM('color',(#11948),#2687);
#11948 = PRESENTATION_STYLE_ASSIGNMENT((#11949));
#11949 = SURFACE_STYLE_USAGE(.BOTH.,#11950);
#11950 = SURFACE_SIDE_STYLE('',(#11951));
#11951 = SURFACE_STYLE_FILL_AREA(#11952);
#11952 = FILL_AREA_STYLE('',(#11953));
#11953 = FILL_AREA_STYLE_COLOUR('',#11722);
#11954 = STYLED_ITEM('color',(#11955),#2711);
#11955 = PRESENTATION_STYLE_ASSIGNMENT((#11956));
#11956 = SURFACE_STYLE_USAGE(.BOTH.,#11957);
#11957 = SURFACE_SIDE_STYLE('',(#11958));
#11958 = SURFACE_STYLE_FILL_AREA(#11959);
#11959 = FILL_AREA_STYLE('',(#11960));
#11960 = FILL_AREA_STYLE_COLOUR('',#11722);
#11961 = STYLED_ITEM('color',(#11962),#2735);
#11962 = PRESENTATION_STYLE_ASSIGNMENT((#11963));
#11963 = SURFACE_STYLE_USAGE(.BOTH.,#11964);
#11964 = SURFACE_SIDE_STYLE('',(#11965));
#11965 = SURFACE_STYLE_FILL_AREA(#11966);
#11966 = FILL_AREA_STYLE('',(#11967));
#11967 = FILL_AREA_STYLE_COLOUR('',#11722);
#11968 = STYLED_ITEM('color',(#11969),#2752);
#11969 = PRESENTATION_STYLE_ASSIGNMENT((#11970));
#11970 = SURFACE_STYLE_USAGE(.BOTH.,#11971);
#11971 = SURFACE_SIDE_STYLE('',(#11972));
#11972 = SURFACE_STYLE_FILL_AREA(#11973);
#11973 = FILL_AREA_STYLE('',(#11974));
#11974 = FILL_AREA_STYLE_COLOUR('',#11722);
#11975 = STYLED_ITEM('color',(#11976),#2783);
#11976 = PRESENTATION_STYLE_ASSIGNMENT((#11977));
#11977 = SURFACE_STYLE_USAGE(.BOTH.,#11978);
#11978 = SURFACE_SIDE_STYLE('',(#11979));
#11979 = SURFACE_STYLE_FILL_AREA(#11980);
#11980 = FILL_AREA_STYLE('',(#11981));
#11981 = FILL_AREA_STYLE_COLOUR('',#11722);
#11982 = STYLED_ITEM('color',(#11983),#2807);
#11983 = PRESENTATION_STYLE_ASSIGNMENT((#11984));
#11984 = SURFACE_STYLE_USAGE(.BOTH.,#11985);
#11985 = SURFACE_SIDE_STYLE('',(#11986));
#11986 = SURFACE_STYLE_FILL_AREA(#11987);
#11987 = FILL_AREA_STYLE('',(#11988));
#11988 = FILL_AREA_STYLE_COLOUR('',#11722);
#11989 = STYLED_ITEM('color',(#11990),#2831);
#11990 = PRESENTATION_STYLE_ASSIGNMENT((#11991));
#11991 = SURFACE_STYLE_USAGE(.BOTH.,#11992);
#11992 = SURFACE_SIDE_STYLE('',(#11993));
#11993 = SURFACE_STYLE_FILL_AREA(#11994);
#11994 = FILL_AREA_STYLE('',(#11995));
#11995 = FILL_AREA_STYLE_COLOUR('',#11722);
#11996 = STYLED_ITEM('color',(#11997),#2848);
#11997 = PRESENTATION_STYLE_ASSIGNMENT((#11998));
#11998 = SURFACE_STYLE_USAGE(.BOTH.,#11999);
#11999 = SURFACE_SIDE_STYLE('',(#12000));
#12000 = SURFACE_STYLE_FILL_AREA(#12001);
#12001 = FILL_AREA_STYLE('',(#12002));
#12002 = FILL_AREA_STYLE_COLOUR('',#11722);
#12003 = STYLED_ITEM('color',(#12004),#2879);
#12004 = PRESENTATION_STYLE_ASSIGNMENT((#12005));
#12005 = SURFACE_STYLE_USAGE(.BOTH.,#12006);
#12006 = SURFACE_SIDE_STYLE('',(#12007));
#12007 = SURFACE_STYLE_FILL_AREA(#12008);
#12008 = FILL_AREA_STYLE('',(#12009));
#12009 = FILL_AREA_STYLE_COLOUR('',#11722);
#12010 = STYLED_ITEM('color',(#12011),#2903);
#12011 = PRESENTATION_STYLE_ASSIGNMENT((#12012));
#12012 = SURFACE_STYLE_USAGE(.BOTH.,#12013);
#12013 = SURFACE_SIDE_STYLE('',(#12014));
#12014 = SURFACE_STYLE_FILL_AREA(#12015);
#12015 = FILL_AREA_STYLE('',(#12016));
#12016 = FILL_AREA_STYLE_COLOUR('',#11722);
#12017 = STYLED_ITEM('color',(#12018),#2927);
#12018 = PRESENTATION_STYLE_ASSIGNMENT((#12019));
#12019 = SURFACE_STYLE_USAGE(.BOTH.,#12020);
#12020 = SURFACE_SIDE_STYLE('',(#12021));
#12021 = SURFACE_STYLE_FILL_AREA(#12022);
#12022 = FILL_AREA_STYLE('',(#12023));
#12023 = FILL_AREA_STYLE_COLOUR('',#11722);
#12024 = STYLED_ITEM('color',(#12025),#2944);
#12025 = PRESENTATION_STYLE_ASSIGNMENT((#12026));
#12026 = SURFACE_STYLE_USAGE(.BOTH.,#12027);
#12027 = SURFACE_SIDE_STYLE('',(#12028));
#12028 = SURFACE_STYLE_FILL_AREA(#12029);
#12029 = FILL_AREA_STYLE('',(#12030));
#12030 = FILL_AREA_STYLE_COLOUR('',#11722);
#12031 = STYLED_ITEM('color',(#12032),#2975);
#12032 = PRESENTATION_STYLE_ASSIGNMENT((#12033));
#12033 = SURFACE_STYLE_USAGE(.BOTH.,#12034);
#12034 = SURFACE_SIDE_STYLE('',(#12035));
#12035 = SURFACE_STYLE_FILL_AREA(#12036);
#12036 = FILL_AREA_STYLE('',(#12037));
#12037 = FILL_AREA_STYLE_COLOUR('',#11722);
#12038 = STYLED_ITEM('color',(#12039),#2999);
#12039 = PRESENTATION_STYLE_ASSIGNMENT((#12040));
#12040 = SURFACE_STYLE_USAGE(.BOTH.,#12041);
#12041 = SURFACE_SIDE_STYLE('',(#12042));
#12042 = SURFACE_STYLE_FILL_AREA(#12043);
#12043 = FILL_AREA_STYLE('',(#12044));
#12044 = FILL_AREA_STYLE_COLOUR('',#11722);
#12045 = STYLED_ITEM('color',(#12046),#3023);
#12046 = PRESENTATION_STYLE_ASSIGNMENT((#12047));
#12047 = SURFACE_STYLE_USAGE(.BOTH.,#12048);
#12048 = SURFACE_SIDE_STYLE('',(#12049));
#12049 = SURFACE_STYLE_FILL_AREA(#12050);
#12050 = FILL_AREA_STYLE('',(#12051));
#12051 = FILL_AREA_STYLE_COLOUR('',#11722);
#12052 = STYLED_ITEM('color',(#12053),#3040);
#12053 = PRESENTATION_STYLE_ASSIGNMENT((#12054));
#12054 = SURFACE_STYLE_USAGE(.BOTH.,#12055);
#12055 = SURFACE_SIDE_STYLE('',(#12056));
#12056 = SURFACE_STYLE_FILL_AREA(#12057);
#12057 = FILL_AREA_STYLE('',(#12058));
#12058 = FILL_AREA_STYLE_COLOUR('',#11722);
#12059 = STYLED_ITEM('color',(#12060),#3071);
#12060 = PRESENTATION_STYLE_ASSIGNMENT((#12061));
#12061 = SURFACE_STYLE_USAGE(.BOTH.,#12062);
#12062 = SURFACE_SIDE_STYLE('',(#12063));
#12063 = SURFACE_STYLE_FILL_AREA(#12064);
#12064 = FILL_AREA_STYLE('',(#12065));
#12065 = FILL_AREA_STYLE_COLOUR('',#11722);
#12066 = STYLED_ITEM('color',(#12067),#3095);
#12067 = PRESENTATION_STYLE_ASSIGNMENT((#12068));
#12068 = SURFACE_STYLE_USAGE(.BOTH.,#12069);
#12069 = SURFACE_SIDE_STYLE('',(#12070));
#12070 = SURFACE_STYLE_FILL_AREA(#12071);
#12071 = FILL_AREA_STYLE('',(#12072));
#12072 = FILL_AREA_STYLE_COLOUR('',#11722);
#12073 = STYLED_ITEM('color',(#12074),#3119);
#12074 = PRESENTATION_STYLE_ASSIGNMENT((#12075));
#12075 = SURFACE_STYLE_USAGE(.BOTH.,#12076);
#12076 = SURFACE_SIDE_STYLE('',(#12077));
#12077 = SURFACE_STYLE_FILL_AREA(#12078);
#12078 = FILL_AREA_STYLE('',(#12079));
#12079 = FILL_AREA_STYLE_COLOUR('',#11722);
#12080 = STYLED_ITEM('color',(#12081),#3136);
#12081 = PRESENTATION_STYLE_ASSIGNMENT((#12082));
#12082 = SURFACE_STYLE_USAGE(.BOTH.,#12083);
#12083 = SURFACE_SIDE_STYLE('',(#12084));
#12084 = SURFACE_STYLE_FILL_AREA(#12085);
#12085 = FILL_AREA_STYLE('',(#12086));
#12086 = FILL_AREA_STYLE_COLOUR('',#11722);
#12087 = STYLED_ITEM('color',(#12088),#3167);
#12088 = PRESENTATION_STYLE_ASSIGNMENT((#12089));
#12089 = SURFACE_STYLE_USAGE(.BOTH.,#12090);
#12090 = SURFACE_SIDE_STYLE('',(#12091));
#12091 = SURFACE_STYLE_FILL_AREA(#12092);
#12092 = FILL_AREA_STYLE('',(#12093));
#12093 = FILL_AREA_STYLE_COLOUR('',#11722);
#12094 = STYLED_ITEM('color',(#12095),#3191);
#12095 = PRESENTATION_STYLE_ASSIGNMENT((#12096));
#12096 = SURFACE_STYLE_USAGE(.BOTH.,#12097);
#12097 = SURFACE_SIDE_STYLE('',(#12098));
#12098 = SURFACE_STYLE_FILL_AREA(#12099);
#12099 = FILL_AREA_STYLE('',(#12100));
#12100 = FILL_AREA_STYLE_COLOUR('',#11722);
#12101 = STYLED_ITEM('color',(#12102),#3215);
#12102 = PRESENTATION_STYLE_ASSIGNMENT((#12103));
#12103 = SURFACE_STYLE_USAGE(.BOTH.,#12104);
#12104 = SURFACE_SIDE_STYLE('',(#12105));
#12105 = SURFACE_STYLE_FILL_AREA(#12106);
#12106 = FILL_AREA_STYLE('',(#12107));
#12107 = FILL_AREA_STYLE_COLOUR('',#11722);
#12108 = STYLED_ITEM('color',(#12109),#3232);
#12109 = PRESENTATION_STYLE_ASSIGNMENT((#12110));
#12110 = SURFACE_STYLE_USAGE(.BOTH.,#12111);
#12111 = SURFACE_SIDE_STYLE('',(#12112));
#12112 = SURFACE_STYLE_FILL_AREA(#12113);
#12113 = FILL_AREA_STYLE('',(#12114));
#12114 = FILL_AREA_STYLE_COLOUR('',#11722);
#12115 = STYLED_ITEM('color',(#12116),#3263);
#12116 = PRESENTATION_STYLE_ASSIGNMENT((#12117));
#12117 = SURFACE_STYLE_USAGE(.BOTH.,#12118);
#12118 = SURFACE_SIDE_STYLE('',(#12119));
#12119 = SURFACE_STYLE_FILL_AREA(#12120);
#12120 = FILL_AREA_STYLE('',(#12121));
#12121 = FILL_AREA_STYLE_COLOUR('',#11722);
#12122 = STYLED_ITEM('color',(#12123),#3287);
#12123 = PRESENTATION_STYLE_ASSIGNMENT((#12124));
#12124 = SURFACE_STYLE_USAGE(.BOTH.,#12125);
#12125 = SURFACE_SIDE_STYLE('',(#12126));
#12126 = SURFACE_STYLE_FILL_AREA(#12127);
#12127 = FILL_AREA_STYLE('',(#12128));
#12128 = FILL_AREA_STYLE_COLOUR('',#11722);
#12129 = STYLED_ITEM('color',(#12130),#3311);
#12130 = PRESENTATION_STYLE_ASSIGNMENT((#12131));
#12131 = SURFACE_STYLE_USAGE(.BOTH.,#12132);
#12132 = SURFACE_SIDE_STYLE('',(#12133));
#12133 = SURFACE_STYLE_FILL_AREA(#12134);
#12134 = FILL_AREA_STYLE('',(#12135));
#12135 = FILL_AREA_STYLE_COLOUR('',#11722);
#12136 = STYLED_ITEM('color',(#12137),#3328);
#12137 = PRESENTATION_STYLE_ASSIGNMENT((#12138));
#12138 = SURFACE_STYLE_USAGE(.BOTH.,#12139);
#12139 = SURFACE_SIDE_STYLE('',(#12140));
#12140 = SURFACE_STYLE_FILL_AREA(#12141);
#12141 = FILL_AREA_STYLE('',(#12142));
#12142 = FILL_AREA_STYLE_COLOUR('',#11722);
#12143 = STYLED_ITEM('color',(#12144),#3359);
#12144 = PRESENTATION_STYLE_ASSIGNMENT((#12145));
#12145 = SURFACE_STYLE_USAGE(.BOTH.,#12146);
#12146 = SURFACE_SIDE_STYLE('',(#12147));
#12147 = SURFACE_STYLE_FILL_AREA(#12148);
#12148 = FILL_AREA_STYLE('',(#12149));
#12149 = FILL_AREA_STYLE_COLOUR('',#11722);
#12150 = STYLED_ITEM('color',(#12151),#3383);
#12151 = PRESENTATION_STYLE_ASSIGNMENT((#12152));
#12152 = SURFACE_STYLE_USAGE(.BOTH.,#12153);
#12153 = SURFACE_SIDE_STYLE('',(#12154));
#12154 = SURFACE_STYLE_FILL_AREA(#12155);
#12155 = FILL_AREA_STYLE('',(#12156));
#12156 = FILL_AREA_STYLE_COLOUR('',#11722);
#12157 = STYLED_ITEM('color',(#12158),#3407);
#12158 = PRESENTATION_STYLE_ASSIGNMENT((#12159));
#12159 = SURFACE_STYLE_USAGE(.BOTH.,#12160);
#12160 = SURFACE_SIDE_STYLE('',(#12161));
#12161 = SURFACE_STYLE_FILL_AREA(#12162);
#12162 = FILL_AREA_STYLE('',(#12163));
#12163 = FILL_AREA_STYLE_COLOUR('',#11722);
#12164 = STYLED_ITEM('color',(#12165),#3424);
#12165 = PRESENTATION_STYLE_ASSIGNMENT((#12166));
#12166 = SURFACE_STYLE_USAGE(.BOTH.,#12167);
#12167 = SURFACE_SIDE_STYLE('',(#12168));
#12168 = SURFACE_STYLE_FILL_AREA(#12169);
#12169 = FILL_AREA_STYLE('',(#12170));
#12170 = FILL_AREA_STYLE_COLOUR('',#11722);
#12171 = STYLED_ITEM('color',(#12172),#3441);
#12172 = PRESENTATION_STYLE_ASSIGNMENT((#12173));
#12173 = SURFACE_STYLE_USAGE(.BOTH.,#12174);
#12174 = SURFACE_SIDE_STYLE('',(#12175));
#12175 = SURFACE_STYLE_FILL_AREA(#12176);
#12176 = FILL_AREA_STYLE('',(#12177));
#12177 = FILL_AREA_STYLE_COLOUR('',#11722);
#12178 = STYLED_ITEM('color',(#12179),#3472);
#12179 = PRESENTATION_STYLE_ASSIGNMENT((#12180));
#12180 = SURFACE_STYLE_USAGE(.BOTH.,#12181);
#12181 = SURFACE_SIDE_STYLE('',(#12182));
#12182 = SURFACE_STYLE_FILL_AREA(#12183);
#12183 = FILL_AREA_STYLE('',(#12184));
#12184 = FILL_AREA_STYLE_COLOUR('',#11722);
#12185 = STYLED_ITEM('color',(#12186),#3489);
#12186 = PRESENTATION_STYLE_ASSIGNMENT((#12187));
#12187 = SURFACE_STYLE_USAGE(.BOTH.,#12188);
#12188 = SURFACE_SIDE_STYLE('',(#12189));
#12189 = SURFACE_STYLE_FILL_AREA(#12190);
#12190 = FILL_AREA_STYLE('',(#12191));
#12191 = FILL_AREA_STYLE_COLOUR('',#11722);
#12192 = STYLED_ITEM('color',(#12193),#3506);
#12193 = PRESENTATION_STYLE_ASSIGNMENT((#12194));
#12194 = SURFACE_STYLE_USAGE(.BOTH.,#12195);
#12195 = SURFACE_SIDE_STYLE('',(#12196));
#12196 = SURFACE_STYLE_FILL_AREA(#12197);
#12197 = FILL_AREA_STYLE('',(#12198));
#12198 = FILL_AREA_STYLE_COLOUR('',#11722);
#12199 = STYLED_ITEM('color',(#12200),#3537);
#12200 = PRESENTATION_STYLE_ASSIGNMENT((#12201));
#12201 = SURFACE_STYLE_USAGE(.BOTH.,#12202);
#12202 = SURFACE_SIDE_STYLE('',(#12203));
#12203 = SURFACE_STYLE_FILL_AREA(#12204);
#12204 = FILL_AREA_STYLE('',(#12205));
#12205 = FILL_AREA_STYLE_COLOUR('',#11722);
#12206 = STYLED_ITEM('color',(#12207),#3568);
#12207 = PRESENTATION_STYLE_ASSIGNMENT((#12208));
#12208 = SURFACE_STYLE_USAGE(.BOTH.,#12209);
#12209 = SURFACE_SIDE_STYLE('',(#12210));
#12210 = SURFACE_STYLE_FILL_AREA(#12211);
#12211 = FILL_AREA_STYLE('',(#12212));
#12212 = FILL_AREA_STYLE_COLOUR('',#11722);
#12213 = STYLED_ITEM('color',(#12214),#3585);
#12214 = PRESENTATION_STYLE_ASSIGNMENT((#12215));
#12215 = SURFACE_STYLE_USAGE(.BOTH.,#12216);
#12216 = SURFACE_SIDE_STYLE('',(#12217));
#12217 = SURFACE_STYLE_FILL_AREA(#12218);
#12218 = FILL_AREA_STYLE('',(#12219));
#12219 = FILL_AREA_STYLE_COLOUR('',#11722);
#12220 = STYLED_ITEM('color',(#12221),#3602);
#12221 = PRESENTATION_STYLE_ASSIGNMENT((#12222));
#12222 = SURFACE_STYLE_USAGE(.BOTH.,#12223);
#12223 = SURFACE_SIDE_STYLE('',(#12224));
#12224 = SURFACE_STYLE_FILL_AREA(#12225);
#12225 = FILL_AREA_STYLE('',(#12226));
#12226 = FILL_AREA_STYLE_COLOUR('',#11722);
#12227 = STYLED_ITEM('color',(#12228),#3619);
#12228 = PRESENTATION_STYLE_ASSIGNMENT((#12229));
#12229 = SURFACE_STYLE_USAGE(.BOTH.,#12230);
#12230 = SURFACE_SIDE_STYLE('',(#12231));
#12231 = SURFACE_STYLE_FILL_AREA(#12232);
#12232 = FILL_AREA_STYLE('',(#12233));
#12233 = FILL_AREA_STYLE_COLOUR('',#11722);
#12234 = STYLED_ITEM('color',(#12235),#3650);
#12235 = PRESENTATION_STYLE_ASSIGNMENT((#12236));
#12236 = SURFACE_STYLE_USAGE(.BOTH.,#12237);
#12237 = SURFACE_SIDE_STYLE('',(#12238));
#12238 = SURFACE_STYLE_FILL_AREA(#12239);
#12239 = FILL_AREA_STYLE('',(#12240));
#12240 = FILL_AREA_STYLE_COLOUR('',#11722);
#12241 = STYLED_ITEM('color',(#12242),#3667);
#12242 = PRESENTATION_STYLE_ASSIGNMENT((#12243));
#12243 = SURFACE_STYLE_USAGE(.BOTH.,#12244);
#12244 = SURFACE_SIDE_STYLE('',(#12245));
#12245 = SURFACE_STYLE_FILL_AREA(#12246);
#12246 = FILL_AREA_STYLE('',(#12247));
#12247 = FILL_AREA_STYLE_COLOUR('',#11722);
#12248 = STYLED_ITEM('color',(#12249),#3698);
#12249 = PRESENTATION_STYLE_ASSIGNMENT((#12250));
#12250 = SURFACE_STYLE_USAGE(.BOTH.,#12251);
#12251 = SURFACE_SIDE_STYLE('',(#12252));
#12252 = SURFACE_STYLE_FILL_AREA(#12253);
#12253 = FILL_AREA_STYLE('',(#12254));
#12254 = FILL_AREA_STYLE_COLOUR('',#11722);
#12255 = STYLED_ITEM('color',(#12256),#3715);
#12256 = PRESENTATION_STYLE_ASSIGNMENT((#12257));
#12257 = SURFACE_STYLE_USAGE(.BOTH.,#12258);
#12258 = SURFACE_SIDE_STYLE('',(#12259));
#12259 = SURFACE_STYLE_FILL_AREA(#12260);
#12260 = FILL_AREA_STYLE('',(#12261));
#12261 = FILL_AREA_STYLE_COLOUR('',#11722);
#12262 = STYLED_ITEM('color',(#12263),#3732);
#12263 = PRESENTATION_STYLE_ASSIGNMENT((#12264));
#12264 = SURFACE_STYLE_USAGE(.BOTH.,#12265);
#12265 = SURFACE_SIDE_STYLE('',(#12266));
#12266 = SURFACE_STYLE_FILL_AREA(#12267);
#12267 = FILL_AREA_STYLE('',(#12268));
#12268 = FILL_AREA_STYLE_COLOUR('',#11722);
#12269 = STYLED_ITEM('color',(#12270),#3763);
#12270 = PRESENTATION_STYLE_ASSIGNMENT((#12271));
#12271 = SURFACE_STYLE_USAGE(.BOTH.,#12272);
#12272 = SURFACE_SIDE_STYLE('',(#12273));
#12273 = SURFACE_STYLE_FILL_AREA(#12274);
#12274 = FILL_AREA_STYLE('',(#12275));
#12275 = FILL_AREA_STYLE_COLOUR('',#11722);
#12276 = STYLED_ITEM('color',(#12277),#3794);
#12277 = PRESENTATION_STYLE_ASSIGNMENT((#12278));
#12278 = SURFACE_STYLE_USAGE(.BOTH.,#12279);
#12279 = SURFACE_SIDE_STYLE('',(#12280));
#12280 = SURFACE_STYLE_FILL_AREA(#12281);
#12281 = FILL_AREA_STYLE('',(#12282));
#12282 = FILL_AREA_STYLE_COLOUR('',#11722);
#12283 = STYLED_ITEM('color',(#12284),#3811);
#12284 = PRESENTATION_STYLE_ASSIGNMENT((#12285));
#12285 = SURFACE_STYLE_USAGE(.BOTH.,#12286);
#12286 = SURFACE_SIDE_STYLE('',(#12287));
#12287 = SURFACE_STYLE_FILL_AREA(#12288);
#12288 = FILL_AREA_STYLE('',(#12289));
#12289 = FILL_AREA_STYLE_COLOUR('',#11722);
#12290 = STYLED_ITEM('color',(#12291),#3828);
#12291 = PRESENTATION_STYLE_ASSIGNMENT((#12292));
#12292 = SURFACE_STYLE_USAGE(.BOTH.,#12293);
#12293 = SURFACE_SIDE_STYLE('',(#12294));
#12294 = SURFACE_STYLE_FILL_AREA(#12295);
#12295 = FILL_AREA_STYLE('',(#12296));
#12296 = FILL_AREA_STYLE_COLOUR('',#11722);
#12297 = STYLED_ITEM('color',(#12298),#3845);
#12298 = PRESENTATION_STYLE_ASSIGNMENT((#12299));
#12299 = SURFACE_STYLE_USAGE(.BOTH.,#12300);
#12300 = SURFACE_SIDE_STYLE('',(#12301));
#12301 = SURFACE_STYLE_FILL_AREA(#12302);
#12302 = FILL_AREA_STYLE('',(#12303));
#12303 = FILL_AREA_STYLE_COLOUR('',#11722);
#12304 = STYLED_ITEM('color',(#12305),#3876);
#12305 = PRESENTATION_STYLE_ASSIGNMENT((#12306));
#12306 = SURFACE_STYLE_USAGE(.BOTH.,#12307);
#12307 = SURFACE_SIDE_STYLE('',(#12308));
#12308 = SURFACE_STYLE_FILL_AREA(#12309);
#12309 = FILL_AREA_STYLE('',(#12310));
#12310 = FILL_AREA_STYLE_COLOUR('',#11722);
#12311 = STYLED_ITEM('color',(#12312),#3893);
#12312 = PRESENTATION_STYLE_ASSIGNMENT((#12313));
#12313 = SURFACE_STYLE_USAGE(.BOTH.,#12314);
#12314 = SURFACE_SIDE_STYLE('',(#12315));
#12315 = SURFACE_STYLE_FILL_AREA(#12316);
#12316 = FILL_AREA_STYLE('',(#12317));
#12317 = FILL_AREA_STYLE_COLOUR('',#11722);
#12318 = STYLED_ITEM('color',(#12319),#3924);
#12319 = PRESENTATION_STYLE_ASSIGNMENT((#12320));
#12320 = SURFACE_STYLE_USAGE(.BOTH.,#12321);
#12321 = SURFACE_SIDE_STYLE('',(#12322));
#12322 = SURFACE_STYLE_FILL_AREA(#12323);
#12323 = FILL_AREA_STYLE('',(#12324));
#12324 = FILL_AREA_STYLE_COLOUR('',#11722);
#12325 = STYLED_ITEM('color',(#12326),#3941);
#12326 = PRESENTATION_STYLE_ASSIGNMENT((#12327));
#12327 = SURFACE_STYLE_USAGE(.BOTH.,#12328);
#12328 = SURFACE_SIDE_STYLE('',(#12329));
#12329 = SURFACE_STYLE_FILL_AREA(#12330);
#12330 = FILL_AREA_STYLE('',(#12331));
#12331 = FILL_AREA_STYLE_COLOUR('',#11722);
#12332 = STYLED_ITEM('color',(#12333),#3958);
#12333 = PRESENTATION_STYLE_ASSIGNMENT((#12334));
#12334 = SURFACE_STYLE_USAGE(.BOTH.,#12335);
#12335 = SURFACE_SIDE_STYLE('',(#12336));
#12336 = SURFACE_STYLE_FILL_AREA(#12337);
#12337 = FILL_AREA_STYLE('',(#12338));
#12338 = FILL_AREA_STYLE_COLOUR('',#11722);
#12339 = STYLED_ITEM('color',(#12340),#3989);
#12340 = PRESENTATION_STYLE_ASSIGNMENT((#12341));
#12341 = SURFACE_STYLE_USAGE(.BOTH.,#12342);
#12342 = SURFACE_SIDE_STYLE('',(#12343));
#12343 = SURFACE_STYLE_FILL_AREA(#12344);
#12344 = FILL_AREA_STYLE('',(#12345));
#12345 = FILL_AREA_STYLE_COLOUR('',#11722);
#12346 = STYLED_ITEM('color',(#12347),#4020);
#12347 = PRESENTATION_STYLE_ASSIGNMENT((#12348));
#12348 = SURFACE_STYLE_USAGE(.BOTH.,#12349);
#12349 = SURFACE_SIDE_STYLE('',(#12350));
#12350 = SURFACE_STYLE_FILL_AREA(#12351);
#12351 = FILL_AREA_STYLE('',(#12352));
#12352 = FILL_AREA_STYLE_COLOUR('',#11722);
#12353 = STYLED_ITEM('color',(#12354),#4037);
#12354 = PRESENTATION_STYLE_ASSIGNMENT((#12355));
#12355 = SURFACE_STYLE_USAGE(.BOTH.,#12356);
#12356 = SURFACE_SIDE_STYLE('',(#12357));
#12357 = SURFACE_STYLE_FILL_AREA(#12358);
#12358 = FILL_AREA_STYLE('',(#12359));
#12359 = FILL_AREA_STYLE_COLOUR('',#11722);
#12360 = STYLED_ITEM('color',(#12361),#4054);
#12361 = PRESENTATION_STYLE_ASSIGNMENT((#12362));
#12362 = SURFACE_STYLE_USAGE(.BOTH.,#12363);
#12363 = SURFACE_SIDE_STYLE('',(#12364));
#12364 = SURFACE_STYLE_FILL_AREA(#12365);
#12365 = FILL_AREA_STYLE('',(#12366));
#12366 = FILL_AREA_STYLE_COLOUR('',#11722);
#12367 = STYLED_ITEM('color',(#12368),#4071);
#12368 = PRESENTATION_STYLE_ASSIGNMENT((#12369));
#12369 = SURFACE_STYLE_USAGE(.BOTH.,#12370);
#12370 = SURFACE_SIDE_STYLE('',(#12371));
#12371 = SURFACE_STYLE_FILL_AREA(#12372);
#12372 = FILL_AREA_STYLE('',(#12373));
#12373 = FILL_AREA_STYLE_COLOUR('',#11722);
#12374 = STYLED_ITEM('color',(#12375),#4102);
#12375 = PRESENTATION_STYLE_ASSIGNMENT((#12376));
#12376 = SURFACE_STYLE_USAGE(.BOTH.,#12377);
#12377 = SURFACE_SIDE_STYLE('',(#12378));
#12378 = SURFACE_STYLE_FILL_AREA(#12379);
#12379 = FILL_AREA_STYLE('',(#12380));
#12380 = FILL_AREA_STYLE_COLOUR('',#11722);
#12381 = STYLED_ITEM('color',(#12382),#4119);
#12382 = PRESENTATION_STYLE_ASSIGNMENT((#12383));
#12383 = SURFACE_STYLE_USAGE(.BOTH.,#12384);
#12384 = SURFACE_SIDE_STYLE('',(#12385));
#12385 = SURFACE_STYLE_FILL_AREA(#12386);
#12386 = FILL_AREA_STYLE('',(#12387));
#12387 = FILL_AREA_STYLE_COLOUR('',#11722);
#12388 = STYLED_ITEM('color',(#12389),#4150);
#12389 = PRESENTATION_STYLE_ASSIGNMENT((#12390));
#12390 = SURFACE_STYLE_USAGE(.BOTH.,#12391);
#12391 = SURFACE_SIDE_STYLE('',(#12392));
#12392 = SURFACE_STYLE_FILL_AREA(#12393);
#12393 = FILL_AREA_STYLE('',(#12394));
#12394 = FILL_AREA_STYLE_COLOUR('',#11722);
#12395 = STYLED_ITEM('color',(#12396),#4167);
#12396 = PRESENTATION_STYLE_ASSIGNMENT((#12397));
#12397 = SURFACE_STYLE_USAGE(.BOTH.,#12398);
#12398 = SURFACE_SIDE_STYLE('',(#12399));
#12399 = SURFACE_STYLE_FILL_AREA(#12400);
#12400 = FILL_AREA_STYLE('',(#12401));
#12401 = FILL_AREA_STYLE_COLOUR('',#11722);
#12402 = STYLED_ITEM('color',(#12403),#4184);
#12403 = PRESENTATION_STYLE_ASSIGNMENT((#12404));
#12404 = SURFACE_STYLE_USAGE(.BOTH.,#12405);
#12405 = SURFACE_SIDE_STYLE('',(#12406));
#12406 = SURFACE_STYLE_FILL_AREA(#12407);
#12407 = FILL_AREA_STYLE('',(#12408));
#12408 = FILL_AREA_STYLE_COLOUR('',#11722);
#12409 = STYLED_ITEM('color',(#12410),#4215);
#12410 = PRESENTATION_STYLE_ASSIGNMENT((#12411));
#12411 = SURFACE_STYLE_USAGE(.BOTH.,#12412);
#12412 = SURFACE_SIDE_STYLE('',(#12413));
#12413 = SURFACE_STYLE_FILL_AREA(#12414);
#12414 = FILL_AREA_STYLE('',(#12415));
#12415 = FILL_AREA_STYLE_COLOUR('',#11722);
#12416 = STYLED_ITEM('color',(#12417),#4232);
#12417 = PRESENTATION_STYLE_ASSIGNMENT((#12418));
#12418 = SURFACE_STYLE_USAGE(.BOTH.,#12419);
#12419 = SURFACE_SIDE_STYLE('',(#12420));
#12420 = SURFACE_STYLE_FILL_AREA(#12421);
#12421 = FILL_AREA_STYLE('',(#12422));
#12422 = FILL_AREA_STYLE_COLOUR('',#11722);
#12423 = STYLED_ITEM('color',(#12424),#4263);
#12424 = PRESENTATION_STYLE_ASSIGNMENT((#12425));
#12425 = SURFACE_STYLE_USAGE(.BOTH.,#12426);
#12426 = SURFACE_SIDE_STYLE('',(#12427));
#12427 = SURFACE_STYLE_FILL_AREA(#12428);
#12428 = FILL_AREA_STYLE('',(#12429));
#12429 = FILL_AREA_STYLE_COLOUR('',#11722);
#12430 = STYLED_ITEM('color',(#12431),#4280);
#12431 = PRESENTATION_STYLE_ASSIGNMENT((#12432));
#12432 = SURFACE_STYLE_USAGE(.BOTH.,#12433);
#12433 = SURFACE_SIDE_STYLE('',(#12434));
#12434 = SURFACE_STYLE_FILL_AREA(#12435);
#12435 = FILL_AREA_STYLE('',(#12436));
#12436 = FILL_AREA_STYLE_COLOUR('',#11722);
#12437 = STYLED_ITEM('color',(#12438),#4297);
#12438 = PRESENTATION_STYLE_ASSIGNMENT((#12439));
#12439 = SURFACE_STYLE_USAGE(.BOTH.,#12440);
#12440 = SURFACE_SIDE_STYLE('',(#12441));
#12441 = SURFACE_STYLE_FILL_AREA(#12442);
#12442 = FILL_AREA_STYLE('',(#12443));
#12443 = FILL_AREA_STYLE_COLOUR('',#11722);
#12444 = STYLED_ITEM('color',(#12445),#4328);
#12445 = PRESENTATION_STYLE_ASSIGNMENT((#12446));
#12446 = SURFACE_STYLE_USAGE(.BOTH.,#12447);
#12447 = SURFACE_SIDE_STYLE('',(#12448));
#12448 = SURFACE_STYLE_FILL_AREA(#12449);
#12449 = FILL_AREA_STYLE('',(#12450));
#12450 = FILL_AREA_STYLE_COLOUR('',#11722);
#12451 = STYLED_ITEM('color',(#12452),#4359);
#12452 = PRESENTATION_STYLE_ASSIGNMENT((#12453));
#12453 = SURFACE_STYLE_USAGE(.BOTH.,#12454);
#12454 = SURFACE_SIDE_STYLE('',(#12455));
#12455 = SURFACE_STYLE_FILL_AREA(#12456);
#12456 = FILL_AREA_STYLE('',(#12457));
#12457 = FILL_AREA_STYLE_COLOUR('',#11722);
#12458 = STYLED_ITEM('color',(#12459),#4383);
#12459 = PRESENTATION_STYLE_ASSIGNMENT((#12460));
#12460 = SURFACE_STYLE_USAGE(.BOTH.,#12461);
#12461 = SURFACE_SIDE_STYLE('',(#12462));
#12462 = SURFACE_STYLE_FILL_AREA(#12463);
#12463 = FILL_AREA_STYLE('',(#12464));
#12464 = FILL_AREA_STYLE_COLOUR('',#11722);
#12465 = STYLED_ITEM('color',(#12466),#4407);
#12466 = PRESENTATION_STYLE_ASSIGNMENT((#12467));
#12467 = SURFACE_STYLE_USAGE(.BOTH.,#12468);
#12468 = SURFACE_SIDE_STYLE('',(#12469));
#12469 = SURFACE_STYLE_FILL_AREA(#12470);
#12470 = FILL_AREA_STYLE('',(#12471));
#12471 = FILL_AREA_STYLE_COLOUR('',#11722);
#12472 = STYLED_ITEM('color',(#12473),#4424);
#12473 = PRESENTATION_STYLE_ASSIGNMENT((#12474));
#12474 = SURFACE_STYLE_USAGE(.BOTH.,#12475);
#12475 = SURFACE_SIDE_STYLE('',(#12476));
#12476 = SURFACE_STYLE_FILL_AREA(#12477);
#12477 = FILL_AREA_STYLE('',(#12478));
#12478 = FILL_AREA_STYLE_COLOUR('',#11722);
#12479 = STYLED_ITEM('color',(#12480),#4455);
#12480 = PRESENTATION_STYLE_ASSIGNMENT((#12481));
#12481 = SURFACE_STYLE_USAGE(.BOTH.,#12482);
#12482 = SURFACE_SIDE_STYLE('',(#12483));
#12483 = SURFACE_STYLE_FILL_AREA(#12484);
#12484 = FILL_AREA_STYLE('',(#12485));
#12485 = FILL_AREA_STYLE_COLOUR('',#11722);
#12486 = STYLED_ITEM('color',(#12487),#4479);
#12487 = PRESENTATION_STYLE_ASSIGNMENT((#12488));
#12488 = SURFACE_STYLE_USAGE(.BOTH.,#12489);
#12489 = SURFACE_SIDE_STYLE('',(#12490));
#12490 = SURFACE_STYLE_FILL_AREA(#12491);
#12491 = FILL_AREA_STYLE('',(#12492));
#12492 = FILL_AREA_STYLE_COLOUR('',#11722);
#12493 = STYLED_ITEM('color',(#12494),#4503);
#12494 = PRESENTATION_STYLE_ASSIGNMENT((#12495));
#12495 = SURFACE_STYLE_USAGE(.BOTH.,#12496);
#12496 = SURFACE_SIDE_STYLE('',(#12497));
#12497 = SURFACE_STYLE_FILL_AREA(#12498);
#12498 = FILL_AREA_STYLE('',(#12499));
#12499 = FILL_AREA_STYLE_COLOUR('',#11722);
#12500 = STYLED_ITEM('color',(#12501),#4520);
#12501 = PRESENTATION_STYLE_ASSIGNMENT((#12502));
#12502 = SURFACE_STYLE_USAGE(.BOTH.,#12503);
#12503 = SURFACE_SIDE_STYLE('',(#12504));
#12504 = SURFACE_STYLE_FILL_AREA(#12505);
#12505 = FILL_AREA_STYLE('',(#12506));
#12506 = FILL_AREA_STYLE_COLOUR('',#11722);
#12507 = STYLED_ITEM('color',(#12508),#4551);
#12508 = PRESENTATION_STYLE_ASSIGNMENT((#12509));
#12509 = SURFACE_STYLE_USAGE(.BOTH.,#12510);
#12510 = SURFACE_SIDE_STYLE('',(#12511));
#12511 = SURFACE_STYLE_FILL_AREA(#12512);
#12512 = FILL_AREA_STYLE('',(#12513));
#12513 = FILL_AREA_STYLE_COLOUR('',#11722);
#12514 = STYLED_ITEM('color',(#12515),#4575);
#12515 = PRESENTATION_STYLE_ASSIGNMENT((#12516));
#12516 = SURFACE_STYLE_USAGE(.BOTH.,#12517);
#12517 = SURFACE_SIDE_STYLE('',(#12518));
#12518 = SURFACE_STYLE_FILL_AREA(#12519);
#12519 = FILL_AREA_STYLE('',(#12520));
#12520 = FILL_AREA_STYLE_COLOUR('',#11722);
#12521 = STYLED_ITEM('color',(#12522),#4599);
#12522 = PRESENTATION_STYLE_ASSIGNMENT((#12523));
#12523 = SURFACE_STYLE_USAGE(.BOTH.,#12524);
#12524 = SURFACE_SIDE_STYLE('',(#12525));
#12525 = SURFACE_STYLE_FILL_AREA(#12526);
#12526 = FILL_AREA_STYLE('',(#12527));
#12527 = FILL_AREA_STYLE_COLOUR('',#11722);
#12528 = STYLED_ITEM('color',(#12529),#4616);
#12529 = PRESENTATION_STYLE_ASSIGNMENT((#12530));
#12530 = SURFACE_STYLE_USAGE(.BOTH.,#12531);
#12531 = SURFACE_SIDE_STYLE('',(#12532));
#12532 = SURFACE_STYLE_FILL_AREA(#12533);
#12533 = FILL_AREA_STYLE('',(#12534));
#12534 = FILL_AREA_STYLE_COLOUR('',#11722);
#12535 = STYLED_ITEM('color',(#12536),#4647);
#12536 = PRESENTATION_STYLE_ASSIGNMENT((#12537));
#12537 = SURFACE_STYLE_USAGE(.BOTH.,#12538);
#12538 = SURFACE_SIDE_STYLE('',(#12539));
#12539 = SURFACE_STYLE_FILL_AREA(#12540);
#12540 = FILL_AREA_STYLE('',(#12541));
#12541 = FILL_AREA_STYLE_COLOUR('',#11722);
#12542 = STYLED_ITEM('color',(#12543),#4671);
#12543 = PRESENTATION_STYLE_ASSIGNMENT((#12544));
#12544 = SURFACE_STYLE_USAGE(.BOTH.,#12545);
#12545 = SURFACE_SIDE_STYLE('',(#12546));
#12546 = SURFACE_STYLE_FILL_AREA(#12547);
#12547 = FILL_AREA_STYLE('',(#12548));
#12548 = FILL_AREA_STYLE_COLOUR('',#11722);
#12549 = STYLED_ITEM('color',(#12550),#4695);
#12550 = PRESENTATION_STYLE_ASSIGNMENT((#12551));
#12551 = SURFACE_STYLE_USAGE(.BOTH.,#12552);
#12552 = SURFACE_SIDE_STYLE('',(#12553));
#12553 = SURFACE_STYLE_FILL_AREA(#12554);
#12554 = FILL_AREA_STYLE('',(#12555));
#12555 = FILL_AREA_STYLE_COLOUR('',#11722);
#12556 = STYLED_ITEM('color',(#12557),#4712);
#12557 = PRESENTATION_STYLE_ASSIGNMENT((#12558));
#12558 = SURFACE_STYLE_USAGE(.BOTH.,#12559);
#12559 = SURFACE_SIDE_STYLE('',(#12560));
#12560 = SURFACE_STYLE_FILL_AREA(#12561);
#12561 = FILL_AREA_STYLE('',(#12562));
#12562 = FILL_AREA_STYLE_COLOUR('',#11722);
#12563 = STYLED_ITEM('color',(#12564),#4743);
#12564 = PRESENTATION_STYLE_ASSIGNMENT((#12565));
#12565 = SURFACE_STYLE_USAGE(.BOTH.,#12566);
#12566 = SURFACE_SIDE_STYLE('',(#12567));
#12567 = SURFACE_STYLE_FILL_AREA(#12568);
#12568 = FILL_AREA_STYLE('',(#12569));
#12569 = FILL_AREA_STYLE_COLOUR('',#11722);
#12570 = STYLED_ITEM('color',(#12571),#4767);
#12571 = PRESENTATION_STYLE_ASSIGNMENT((#12572));
#12572 = SURFACE_STYLE_USAGE(.BOTH.,#12573);
#12573 = SURFACE_SIDE_STYLE('',(#12574));
#12574 = SURFACE_STYLE_FILL_AREA(#12575);
#12575 = FILL_AREA_STYLE('',(#12576));
#12576 = FILL_AREA_STYLE_COLOUR('',#11722);
#12577 = STYLED_ITEM('color',(#12578),#4791);
#12578 = PRESENTATION_STYLE_ASSIGNMENT((#12579));
#12579 = SURFACE_STYLE_USAGE(.BOTH.,#12580);
#12580 = SURFACE_SIDE_STYLE('',(#12581));
#12581 = SURFACE_STYLE_FILL_AREA(#12582);
#12582 = FILL_AREA_STYLE('',(#12583));
#12583 = FILL_AREA_STYLE_COLOUR('',#11722);
#12584 = STYLED_ITEM('color',(#12585),#4808);
#12585 = PRESENTATION_STYLE_ASSIGNMENT((#12586));
#12586 = SURFACE_STYLE_USAGE(.BOTH.,#12587);
#12587 = SURFACE_SIDE_STYLE('',(#12588));
#12588 = SURFACE_STYLE_FILL_AREA(#12589);
#12589 = FILL_AREA_STYLE('',(#12590));
#12590 = FILL_AREA_STYLE_COLOUR('',#11722);
#12591 = STYLED_ITEM('color',(#12592),#4839);
#12592 = PRESENTATION_STYLE_ASSIGNMENT((#12593));
#12593 = SURFACE_STYLE_USAGE(.BOTH.,#12594);
#12594 = SURFACE_SIDE_STYLE('',(#12595));
#12595 = SURFACE_STYLE_FILL_AREA(#12596);
#12596 = FILL_AREA_STYLE('',(#12597));
#12597 = FILL_AREA_STYLE_COLOUR('',#11722);
#12598 = STYLED_ITEM('color',(#12599),#4863);
#12599 = PRESENTATION_STYLE_ASSIGNMENT((#12600));
#12600 = SURFACE_STYLE_USAGE(.BOTH.,#12601);
#12601 = SURFACE_SIDE_STYLE('',(#12602));
#12602 = SURFACE_STYLE_FILL_AREA(#12603);
#12603 = FILL_AREA_STYLE('',(#12604));
#12604 = FILL_AREA_STYLE_COLOUR('',#11722);
#12605 = STYLED_ITEM('color',(#12606),#4887);
#12606 = PRESENTATION_STYLE_ASSIGNMENT((#12607));
#12607 = SURFACE_STYLE_USAGE(.BOTH.,#12608);
#12608 = SURFACE_SIDE_STYLE('',(#12609));
#12609 = SURFACE_STYLE_FILL_AREA(#12610);
#12610 = FILL_AREA_STYLE('',(#12611));
#12611 = FILL_AREA_STYLE_COLOUR('',#11722);
#12612 = STYLED_ITEM('color',(#12613),#4904);
#12613 = PRESENTATION_STYLE_ASSIGNMENT((#12614));
#12614 = SURFACE_STYLE_USAGE(.BOTH.,#12615);
#12615 = SURFACE_SIDE_STYLE('',(#12616));
#12616 = SURFACE_STYLE_FILL_AREA(#12617);
#12617 = FILL_AREA_STYLE('',(#12618));
#12618 = FILL_AREA_STYLE_COLOUR('',#11722);
#12619 = STYLED_ITEM('color',(#12620),#4935);
#12620 = PRESENTATION_STYLE_ASSIGNMENT((#12621));
#12621 = SURFACE_STYLE_USAGE(.BOTH.,#12622);
#12622 = SURFACE_SIDE_STYLE('',(#12623));
#12623 = SURFACE_STYLE_FILL_AREA(#12624);
#12624 = FILL_AREA_STYLE('',(#12625));
#12625 = FILL_AREA_STYLE_COLOUR('',#11722);
#12626 = STYLED_ITEM('color',(#12627),#4959);
#12627 = PRESENTATION_STYLE_ASSIGNMENT((#12628));
#12628 = SURFACE_STYLE_USAGE(.BOTH.,#12629);
#12629 = SURFACE_SIDE_STYLE('',(#12630));
#12630 = SURFACE_STYLE_FILL_AREA(#12631);
#12631 = FILL_AREA_STYLE('',(#12632));
#12632 = FILL_AREA_STYLE_COLOUR('',#11722);
#12633 = STYLED_ITEM('color',(#12634),#4983);
#12634 = PRESENTATION_STYLE_ASSIGNMENT((#12635));
#12635 = SURFACE_STYLE_USAGE(.BOTH.,#12636);
#12636 = SURFACE_SIDE_STYLE('',(#12637));
#12637 = SURFACE_STYLE_FILL_AREA(#12638);
#12638 = FILL_AREA_STYLE('',(#12639));
#12639 = FILL_AREA_STYLE_COLOUR('',#11722);
#12640 = STYLED_ITEM('color',(#12641),#5000);
#12641 = PRESENTATION_STYLE_ASSIGNMENT((#12642));
#12642 = SURFACE_STYLE_USAGE(.BOTH.,#12643);
#12643 = SURFACE_SIDE_STYLE('',(#12644));
#12644 = SURFACE_STYLE_FILL_AREA(#12645);
#12645 = FILL_AREA_STYLE('',(#12646));
#12646 = FILL_AREA_STYLE_COLOUR('',#11722);
#12647 = STYLED_ITEM('color',(#12648),#5031);
#12648 = PRESENTATION_STYLE_ASSIGNMENT((#12649));
#12649 = SURFACE_STYLE_USAGE(.BOTH.,#12650);
#12650 = SURFACE_SIDE_STYLE('',(#12651));
#12651 = SURFACE_STYLE_FILL_AREA(#12652);
#12652 = FILL_AREA_STYLE('',(#12653));
#12653 = FILL_AREA_STYLE_COLOUR('',#11722);
#12654 = STYLED_ITEM('color',(#12655),#5055);
#12655 = PRESENTATION_STYLE_ASSIGNMENT((#12656));
#12656 = SURFACE_STYLE_USAGE(.BOTH.,#12657);
#12657 = SURFACE_SIDE_STYLE('',(#12658));
#12658 = SURFACE_STYLE_FILL_AREA(#12659);
#12659 = FILL_AREA_STYLE('',(#12660));
#12660 = FILL_AREA_STYLE_COLOUR('',#11722);
#12661 = STYLED_ITEM('color',(#12662),#5079);
#12662 = PRESENTATION_STYLE_ASSIGNMENT((#12663));
#12663 = SURFACE_STYLE_USAGE(.BOTH.,#12664);
#12664 = SURFACE_SIDE_STYLE('',(#12665));
#12665 = SURFACE_STYLE_FILL_AREA(#12666);
#12666 = FILL_AREA_STYLE('',(#12667));
#12667 = FILL_AREA_STYLE_COLOUR('',#11722);
#12668 = STYLED_ITEM('color',(#12669),#5096);
#12669 = PRESENTATION_STYLE_ASSIGNMENT((#12670));
#12670 = SURFACE_STYLE_USAGE(.BOTH.,#12671);
#12671 = SURFACE_SIDE_STYLE('',(#12672));
#12672 = SURFACE_STYLE_FILL_AREA(#12673);
#12673 = FILL_AREA_STYLE('',(#12674));
#12674 = FILL_AREA_STYLE_COLOUR('',#11722);
#12675 = STYLED_ITEM('color',(#12676),#5113);
#12676 = PRESENTATION_STYLE_ASSIGNMENT((#12677));
#12677 = SURFACE_STYLE_USAGE(.BOTH.,#12678);
#12678 = SURFACE_SIDE_STYLE('',(#12679));
#12679 = SURFACE_STYLE_FILL_AREA(#12680);
#12680 = FILL_AREA_STYLE('',(#12681));
#12681 = FILL_AREA_STYLE_COLOUR('',#11722);
#12682 = STYLED_ITEM('color',(#12683),#5130);
#12683 = PRESENTATION_STYLE_ASSIGNMENT((#12684));
#12684 = SURFACE_STYLE_USAGE(.BOTH.,#12685);
#12685 = SURFACE_SIDE_STYLE('',(#12686));
#12686 = SURFACE_STYLE_FILL_AREA(#12687);
#12687 = FILL_AREA_STYLE('',(#12688));
#12688 = FILL_AREA_STYLE_COLOUR('',#11722);
#12689 = STYLED_ITEM('color',(#12690),#5142);
#12690 = PRESENTATION_STYLE_ASSIGNMENT((#12691));
#12691 = SURFACE_STYLE_USAGE(.BOTH.,#12692);
#12692 = SURFACE_SIDE_STYLE('',(#12693));
#12693 = SURFACE_STYLE_FILL_AREA(#12694);
#12694 = FILL_AREA_STYLE('',(#12695));
#12695 = FILL_AREA_STYLE_COLOUR('',#11722);
#12696 = STYLED_ITEM('color',(#12697),#5159);
#12697 = PRESENTATION_STYLE_ASSIGNMENT((#12698));
#12698 = SURFACE_STYLE_USAGE(.BOTH.,#12699);
#12699 = SURFACE_SIDE_STYLE('',(#12700));
#12700 = SURFACE_STYLE_FILL_AREA(#12701);
#12701 = FILL_AREA_STYLE('',(#12702));
#12702 = FILL_AREA_STYLE_COLOUR('',#11722);
#12703 = STYLED_ITEM('color',(#12704),#5176);
#12704 = PRESENTATION_STYLE_ASSIGNMENT((#12705));
#12705 = SURFACE_STYLE_USAGE(.BOTH.,#12706);
#12706 = SURFACE_SIDE_STYLE('',(#12707));
#12707 = SURFACE_STYLE_FILL_AREA(#12708);
#12708 = FILL_AREA_STYLE('',(#12709));
#12709 = FILL_AREA_STYLE_COLOUR('',#11722);
#12710 = STYLED_ITEM('color',(#12711),#5188);
#12711 = PRESENTATION_STYLE_ASSIGNMENT((#12712));
#12712 = SURFACE_STYLE_USAGE(.BOTH.,#12713);
#12713 = SURFACE_SIDE_STYLE('',(#12714));
#12714 = SURFACE_STYLE_FILL_AREA(#12715);
#12715 = FILL_AREA_STYLE('',(#12716));
#12716 = FILL_AREA_STYLE_COLOUR('',#11722);
#12717 = STYLED_ITEM('color',(#12718),#5205);
#12718 = PRESENTATION_STYLE_ASSIGNMENT((#12719));
#12719 = SURFACE_STYLE_USAGE(.BOTH.,#12720);
#12720 = SURFACE_SIDE_STYLE('',(#12721));
#12721 = SURFACE_STYLE_FILL_AREA(#12722);
#12722 = FILL_AREA_STYLE('',(#12723));
#12723 = FILL_AREA_STYLE_COLOUR('',#11722);
#12724 = STYLED_ITEM('color',(#12725),#5222);
#12725 = PRESENTATION_STYLE_ASSIGNMENT((#12726));
#12726 = SURFACE_STYLE_USAGE(.BOTH.,#12727);
#12727 = SURFACE_SIDE_STYLE('',(#12728));
#12728 = SURFACE_STYLE_FILL_AREA(#12729);
#12729 = FILL_AREA_STYLE('',(#12730));
#12730 = FILL_AREA_STYLE_COLOUR('',#11722);
#12731 = STYLED_ITEM('color',(#12732),#5234);
#12732 = PRESENTATION_STYLE_ASSIGNMENT((#12733));
#12733 = SURFACE_STYLE_USAGE(.BOTH.,#12734);
#12734 = SURFACE_SIDE_STYLE('',(#12735));
#12735 = SURFACE_STYLE_FILL_AREA(#12736);
#12736 = FILL_AREA_STYLE('',(#12737));
#12737 = FILL_AREA_STYLE_COLOUR('',#11722);
#12738 = STYLED_ITEM('color',(#12739),#5251);
#12739 = PRESENTATION_STYLE_ASSIGNMENT((#12740));
#12740 = SURFACE_STYLE_USAGE(.BOTH.,#12741);
#12741 = SURFACE_SIDE_STYLE('',(#12742));
#12742 = SURFACE_STYLE_FILL_AREA(#12743);
#12743 = FILL_AREA_STYLE('',(#12744));
#12744 = FILL_AREA_STYLE_COLOUR('',#11722);
#12745 = STYLED_ITEM('color',(#12746),#5268);
#12746 = PRESENTATION_STYLE_ASSIGNMENT((#12747));
#12747 = SURFACE_STYLE_USAGE(.BOTH.,#12748);
#12748 = SURFACE_SIDE_STYLE('',(#12749));
#12749 = SURFACE_STYLE_FILL_AREA(#12750);
#12750 = FILL_AREA_STYLE('',(#12751));
#12751 = FILL_AREA_STYLE_COLOUR('',#11722);
#12752 = STYLED_ITEM('color',(#12753),#5280);
#12753 = PRESENTATION_STYLE_ASSIGNMENT((#12754));
#12754 = SURFACE_STYLE_USAGE(.BOTH.,#12755);
#12755 = SURFACE_SIDE_STYLE('',(#12756));
#12756 = SURFACE_STYLE_FILL_AREA(#12757);
#12757 = FILL_AREA_STYLE('',(#12758));
#12758 = FILL_AREA_STYLE_COLOUR('',#11722);
#12759 = STYLED_ITEM('color',(#12760),#5297);
#12760 = PRESENTATION_STYLE_ASSIGNMENT((#12761));
#12761 = SURFACE_STYLE_USAGE(.BOTH.,#12762);
#12762 = SURFACE_SIDE_STYLE('',(#12763));
#12763 = SURFACE_STYLE_FILL_AREA(#12764);
#12764 = FILL_AREA_STYLE('',(#12765));
#12765 = FILL_AREA_STYLE_COLOUR('',#11722);
#12766 = STYLED_ITEM('color',(#12767),#5314);
#12767 = PRESENTATION_STYLE_ASSIGNMENT((#12768));
#12768 = SURFACE_STYLE_USAGE(.BOTH.,#12769);
#12769 = SURFACE_SIDE_STYLE('',(#12770));
#12770 = SURFACE_STYLE_FILL_AREA(#12771);
#12771 = FILL_AREA_STYLE('',(#12772));
#12772 = FILL_AREA_STYLE_COLOUR('',#11722);
#12773 = STYLED_ITEM('color',(#12774),#5326);
#12774 = PRESENTATION_STYLE_ASSIGNMENT((#12775));
#12775 = SURFACE_STYLE_USAGE(.BOTH.,#12776);
#12776 = SURFACE_SIDE_STYLE('',(#12777));
#12777 = SURFACE_STYLE_FILL_AREA(#12778);
#12778 = FILL_AREA_STYLE('',(#12779));
#12779 = FILL_AREA_STYLE_COLOUR('',#11722);
#12780 = STYLED_ITEM('color',(#12781),#5343);
#12781 = PRESENTATION_STYLE_ASSIGNMENT((#12782));
#12782 = SURFACE_STYLE_USAGE(.BOTH.,#12783);
#12783 = SURFACE_SIDE_STYLE('',(#12784));
#12784 = SURFACE_STYLE_FILL_AREA(#12785);
#12785 = FILL_AREA_STYLE('',(#12786));
#12786 = FILL_AREA_STYLE_COLOUR('',#11722);
#12787 = STYLED_ITEM('color',(#12788),#5360);
#12788 = PRESENTATION_STYLE_ASSIGNMENT((#12789));
#12789 = SURFACE_STYLE_USAGE(.BOTH.,#12790);
#12790 = SURFACE_SIDE_STYLE('',(#12791));
#12791 = SURFACE_STYLE_FILL_AREA(#12792);
#12792 = FILL_AREA_STYLE('',(#12793));
#12793 = FILL_AREA_STYLE_COLOUR('',#11722);
#12794 = STYLED_ITEM('color',(#12795),#5372);
#12795 = PRESENTATION_STYLE_ASSIGNMENT((#12796));
#12796 = SURFACE_STYLE_USAGE(.BOTH.,#12797);
#12797 = SURFACE_SIDE_STYLE('',(#12798));
#12798 = SURFACE_STYLE_FILL_AREA(#12799);
#12799 = FILL_AREA_STYLE('',(#12800));
#12800 = FILL_AREA_STYLE_COLOUR('',#11722);
#12801 = STYLED_ITEM('color',(#12802),#5389);
#12802 = PRESENTATION_STYLE_ASSIGNMENT((#12803));
#12803 = SURFACE_STYLE_USAGE(.BOTH.,#12804);
#12804 = SURFACE_SIDE_STYLE('',(#12805));
#12805 = SURFACE_STYLE_FILL_AREA(#12806);
#12806 = FILL_AREA_STYLE('',(#12807));
#12807 = FILL_AREA_STYLE_COLOUR('',#11722);
#12808 = STYLED_ITEM('color',(#12809),#5406);
#12809 = PRESENTATION_STYLE_ASSIGNMENT((#12810));
#12810 = SURFACE_STYLE_USAGE(.BOTH.,#12811);
#12811 = SURFACE_SIDE_STYLE('',(#12812));
#12812 = SURFACE_STYLE_FILL_AREA(#12813);
#12813 = FILL_AREA_STYLE('',(#12814));
#12814 = FILL_AREA_STYLE_COLOUR('',#11722);
#12815 = STYLED_ITEM('color',(#12816),#5418);
#12816 = PRESENTATION_STYLE_ASSIGNMENT((#12817));
#12817 = SURFACE_STYLE_USAGE(.BOTH.,#12818);
#12818 = SURFACE_SIDE_STYLE('',(#12819));
#12819 = SURFACE_STYLE_FILL_AREA(#12820);
#12820 = FILL_AREA_STYLE('',(#12821));
#12821 = FILL_AREA_STYLE_COLOUR('',#11722);
#12822 = STYLED_ITEM('color',(#12823),#5435);
#12823 = PRESENTATION_STYLE_ASSIGNMENT((#12824));
#12824 = SURFACE_STYLE_USAGE(.BOTH.,#12825);
#12825 = SURFACE_SIDE_STYLE('',(#12826));
#12826 = SURFACE_STYLE_FILL_AREA(#12827);
#12827 = FILL_AREA_STYLE('',(#12828));
#12828 = FILL_AREA_STYLE_COLOUR('',#11722);
#12829 = STYLED_ITEM('color',(#12830),#5452);
#12830 = PRESENTATION_STYLE_ASSIGNMENT((#12831));
#12831 = SURFACE_STYLE_USAGE(.BOTH.,#12832);
#12832 = SURFACE_SIDE_STYLE('',(#12833));
#12833 = SURFACE_STYLE_FILL_AREA(#12834);
#12834 = FILL_AREA_STYLE('',(#12835));
#12835 = FILL_AREA_STYLE_COLOUR('',#11722);
#12836 = STYLED_ITEM('color',(#12837),#5464);
#12837 = PRESENTATION_STYLE_ASSIGNMENT((#12838));
#12838 = SURFACE_STYLE_USAGE(.BOTH.,#12839);
#12839 = SURFACE_SIDE_STYLE('',(#12840));
#12840 = SURFACE_STYLE_FILL_AREA(#12841);
#12841 = FILL_AREA_STYLE('',(#12842));
#12842 = FILL_AREA_STYLE_COLOUR('',#11722);
#12843 = STYLED_ITEM('color',(#12844),#5476);
#12844 = PRESENTATION_STYLE_ASSIGNMENT((#12845));
#12845 = SURFACE_STYLE_USAGE(.BOTH.,#12846);
#12846 = SURFACE_SIDE_STYLE('',(#12847));
#12847 = SURFACE_STYLE_FILL_AREA(#12848);
#12848 = FILL_AREA_STYLE('',(#12849));
#12849 = FILL_AREA_STYLE_COLOUR('',#11722);
#12850 = STYLED_ITEM('color',(#12851),#5488);
#12851 = PRESENTATION_STYLE_ASSIGNMENT((#12852));
#12852 = SURFACE_STYLE_USAGE(.BOTH.,#12853);
#12853 = SURFACE_SIDE_STYLE('',(#12854));
#12854 = SURFACE_STYLE_FILL_AREA(#12855);
#12855 = FILL_AREA_STYLE('',(#12856));
#12856 = FILL_AREA_STYLE_COLOUR('',#11722);
#12857 = STYLED_ITEM('color',(#12858),#5500);
#12858 = PRESENTATION_STYLE_ASSIGNMENT((#12859));
#12859 = SURFACE_STYLE_USAGE(.BOTH.,#12860);
#12860 = SURFACE_SIDE_STYLE('',(#12861));
#12861 = SURFACE_STYLE_FILL_AREA(#12862);
#12862 = FILL_AREA_STYLE('',(#12863));
#12863 = FILL_AREA_STYLE_COLOUR('',#11722);
#12864 = STYLED_ITEM('color',(#12865),#5512);
#12865 = PRESENTATION_STYLE_ASSIGNMENT((#12866));
#12866 = SURFACE_STYLE_USAGE(.BOTH.,#12867);
#12867 = SURFACE_SIDE_STYLE('',(#12868));
#12868 = SURFACE_STYLE_FILL_AREA(#12869);
#12869 = FILL_AREA_STYLE('',(#12870));
#12870 = FILL_AREA_STYLE_COLOUR('',#11722);
#12871 = STYLED_ITEM('color',(#12872),#5524);
#12872 = PRESENTATION_STYLE_ASSIGNMENT((#12873));
#12873 = SURFACE_STYLE_USAGE(.BOTH.,#12874);
#12874 = SURFACE_SIDE_STYLE('',(#12875));
#12875 = SURFACE_STYLE_FILL_AREA(#12876);
#12876 = FILL_AREA_STYLE('',(#12877));
#12877 = FILL_AREA_STYLE_COLOUR('',#11722);
#12878 = STYLED_ITEM('color',(#12879),#5536);
#12879 = PRESENTATION_STYLE_ASSIGNMENT((#12880));
#12880 = SURFACE_STYLE_USAGE(.BOTH.,#12881);
#12881 = SURFACE_SIDE_STYLE('',(#12882));
#12882 = SURFACE_STYLE_FILL_AREA(#12883);
#12883 = FILL_AREA_STYLE('',(#12884));
#12884 = FILL_AREA_STYLE_COLOUR('',#11722);
#12885 = STYLED_ITEM('color',(#12886),#5548);
#12886 = PRESENTATION_STYLE_ASSIGNMENT((#12887));
#12887 = SURFACE_STYLE_USAGE(.BOTH.,#12888);
#12888 = SURFACE_SIDE_STYLE('',(#12889));
#12889 = SURFACE_STYLE_FILL_AREA(#12890);
#12890 = FILL_AREA_STYLE('',(#12891));
#12891 = FILL_AREA_STYLE_COLOUR('',#11722);
#12892 = MECHANICAL_DESIGN_GEOMETRIC_PRESENTATION_REPRESENTATION('',(
    #12893),#11506);
#12893 = STYLED_ITEM('color',(#12894),#11060);
#12894 = PRESENTATION_STYLE_ASSIGNMENT((#12895));
#12895 = SURFACE_STYLE_USAGE(.BOTH.,#12896);
#12896 = SURFACE_SIDE_STYLE('',(#12897));
#12897 = SURFACE_STYLE_FILL_AREA(#12898);
#12898 = FILL_AREA_STYLE('',(#12899));
#12899 = FILL_AREA_STYLE_COLOUR('',#12900);
#12900 = COLOUR_RGB('',0.313304153717,0.484529207832,0.410020903123);
#12901 = MECHANICAL_DESIGN_GEOMETRIC_PRESENTATION_REPRESENTATION('',(
    #12902,#12910,#12917,#12924,#12931,#12938,#12945,#12952,#12960,
    #12967,#12974,#12981,#12988,#12995,#13003,#13010,#13017,#13024,
    #13031,#13038,#13045,#13052,#13059,#13066,#13073,#13080),#6392);
#12902 = STYLED_ITEM('color',(#12903),#5604);
#12903 = PRESENTATION_STYLE_ASSIGNMENT((#12904));
#12904 = SURFACE_STYLE_USAGE(.BOTH.,#12905);
#12905 = SURFACE_SIDE_STYLE('',(#12906));
#12906 = SURFACE_STYLE_FILL_AREA(#12907);
#12907 = FILL_AREA_STYLE('',(#12908));
#12908 = FILL_AREA_STYLE_COLOUR('',#12909);
#12909 = COLOUR_RGB('',0.823999987314,0.819999987296,0.781000009244);
#12910 = STYLED_ITEM('color',(#12911),#5644);
#12911 = PRESENTATION_STYLE_ASSIGNMENT((#12912));
#12912 = SURFACE_STYLE_USAGE(.BOTH.,#12913);
#12913 = SURFACE_SIDE_STYLE('',(#12914));
#12914 = SURFACE_STYLE_FILL_AREA(#12915);
#12915 = FILL_AREA_STYLE('',(#12916));
#12916 = FILL_AREA_STYLE_COLOUR('',#12909);
#12917 = STYLED_ITEM('color',(#12918),#5727);
#12918 = PRESENTATION_STYLE_ASSIGNMENT((#12919));
#12919 = SURFACE_STYLE_USAGE(.BOTH.,#12920);
#12920 = SURFACE_SIDE_STYLE('',(#12921));
#12921 = SURFACE_STYLE_FILL_AREA(#12922);
#12922 = FILL_AREA_STYLE('',(#12923));
#12923 = FILL_AREA_STYLE_COLOUR('',#12909);
#12924 = STYLED_ITEM('color',(#12925),#5752);
#12925 = PRESENTATION_STYLE_ASSIGNMENT((#12926));
#12926 = SURFACE_STYLE_USAGE(.BOTH.,#12927);
#12927 = SURFACE_SIDE_STYLE('',(#12928));
#12928 = SURFACE_STYLE_FILL_AREA(#12929);
#12929 = FILL_AREA_STYLE('',(#12930));
#12930 = FILL_AREA_STYLE_COLOUR('',#12909);
#12931 = STYLED_ITEM('color',(#12932),#5777);
#12932 = PRESENTATION_STYLE_ASSIGNMENT((#12933));
#12933 = SURFACE_STYLE_USAGE(.BOTH.,#12934);
#12934 = SURFACE_SIDE_STYLE('',(#12935));
#12935 = SURFACE_STYLE_FILL_AREA(#12936);
#12936 = FILL_AREA_STYLE('',(#12937));
#12937 = FILL_AREA_STYLE_COLOUR('',#12909);
#12938 = STYLED_ITEM('color',(#12939),#5844);
#12939 = PRESENTATION_STYLE_ASSIGNMENT((#12940));
#12940 = SURFACE_STYLE_USAGE(.BOTH.,#12941);
#12941 = SURFACE_SIDE_STYLE('',(#12942));
#12942 = SURFACE_STYLE_FILL_AREA(#12943);
#12943 = FILL_AREA_STYLE('',(#12944));
#12944 = FILL_AREA_STYLE_COLOUR('',#12909);
#12945 = STYLED_ITEM('color',(#12946),#5861);
#12946 = PRESENTATION_STYLE_ASSIGNMENT((#12947));
#12947 = SURFACE_STYLE_USAGE(.BOTH.,#12948);
#12948 = SURFACE_SIDE_STYLE('',(#12949));
#12949 = SURFACE_STYLE_FILL_AREA(#12950);
#12950 = FILL_AREA_STYLE('',(#12951));
#12951 = FILL_AREA_STYLE_COLOUR('',#12909);
#12952 = STYLED_ITEM('color',(#12953),#5878);
#12953 = PRESENTATION_STYLE_ASSIGNMENT((#12954));
#12954 = SURFACE_STYLE_USAGE(.BOTH.,#12955);
#12955 = SURFACE_SIDE_STYLE('',(#12956));
#12956 = SURFACE_STYLE_FILL_AREA(#12957);
#12957 = FILL_AREA_STYLE('',(#12958));
#12958 = FILL_AREA_STYLE_COLOUR('',#12959);
#12959 = COLOUR_RGB('',0.894999966383,0.890999961016,0.813000030345);
#12960 = STYLED_ITEM('color',(#12961),#5927);
#12961 = PRESENTATION_STYLE_ASSIGNMENT((#12962));
#12962 = SURFACE_STYLE_USAGE(.BOTH.,#12963);
#12963 = SURFACE_SIDE_STYLE('',(#12964));
#12964 = SURFACE_STYLE_FILL_AREA(#12965);
#12965 = FILL_AREA_STYLE('',(#12966));
#12966 = FILL_AREA_STYLE_COLOUR('',#12909);
#12967 = STYLED_ITEM('color',(#12968),#5944);
#12968 = PRESENTATION_STYLE_ASSIGNMENT((#12969));
#12969 = SURFACE_STYLE_USAGE(.BOTH.,#12970);
#12970 = SURFACE_SIDE_STYLE('',(#12971));
#12971 = SURFACE_STYLE_FILL_AREA(#12972);
#12972 = FILL_AREA_STYLE('',(#12973));
#12973 = FILL_AREA_STYLE_COLOUR('',#12909);
#12974 = STYLED_ITEM('color',(#12975),#5961);
#12975 = PRESENTATION_STYLE_ASSIGNMENT((#12976));
#12976 = SURFACE_STYLE_USAGE(.BOTH.,#12977);
#12977 = SURFACE_SIDE_STYLE('',(#12978));
#12978 = SURFACE_STYLE_FILL_AREA(#12979);
#12979 = FILL_AREA_STYLE('',(#12980));
#12980 = FILL_AREA_STYLE_COLOUR('',#12959);
#12981 = STYLED_ITEM('color',(#12982),#6010);
#12982 = PRESENTATION_STYLE_ASSIGNMENT((#12983));
#12983 = SURFACE_STYLE_USAGE(.BOTH.,#12984);
#12984 = SURFACE_SIDE_STYLE('',(#12985));
#12985 = SURFACE_STYLE_FILL_AREA(#12986);
#12986 = FILL_AREA_STYLE('',(#12987));
#12987 = FILL_AREA_STYLE_COLOUR('',#12959);
#12988 = STYLED_ITEM('color',(#12989),#6027);
#12989 = PRESENTATION_STYLE_ASSIGNMENT((#12990));
#12990 = SURFACE_STYLE_USAGE(.BOTH.,#12991);
#12991 = SURFACE_SIDE_STYLE('',(#12992));
#12992 = SURFACE_STYLE_FILL_AREA(#12993);
#12993 = FILL_AREA_STYLE('',(#12994));
#12994 = FILL_AREA_STYLE_COLOUR('',#12909);
#12995 = STYLED_ITEM('color',(#12996),#6096);
#12996 = PRESENTATION_STYLE_ASSIGNMENT((#12997));
#12997 = SURFACE_STYLE_USAGE(.BOTH.,#12998);
#12998 = SURFACE_SIDE_STYLE('',(#12999));
#12999 = SURFACE_STYLE_FILL_AREA(#13000);
#13000 = FILL_AREA_STYLE('',(#13001));
#13001 = FILL_AREA_STYLE_COLOUR('',#13002);
#13002 = COLOUR_RGB('',8.200000279077E-02,8.600000121357E-02,
  9.399999706163E-02);
#13003 = STYLED_ITEM('color',(#13004),#6127);
#13004 = PRESENTATION_STYLE_ASSIGNMENT((#13005));
#13005 = SURFACE_STYLE_USAGE(.BOTH.,#13006);
#13006 = SURFACE_SIDE_STYLE('',(#13007));
#13007 = SURFACE_STYLE_FILL_AREA(#13008);
#13008 = FILL_AREA_STYLE('',(#13009));
#13009 = FILL_AREA_STYLE_COLOUR('',#13002);
#13010 = STYLED_ITEM('color',(#13011),#6151);
#13011 = PRESENTATION_STYLE_ASSIGNMENT((#13012));
#13012 = SURFACE_STYLE_USAGE(.BOTH.,#13013);
#13013 = SURFACE_SIDE_STYLE('',(#13014));
#13014 = SURFACE_STYLE_FILL_AREA(#13015);
#13015 = FILL_AREA_STYLE('',(#13016));
#13016 = FILL_AREA_STYLE_COLOUR('',#12909);
#13017 = STYLED_ITEM('color',(#13018),#6220);
#13018 = PRESENTATION_STYLE_ASSIGNMENT((#13019));
#13019 = SURFACE_STYLE_USAGE(.BOTH.,#13020);
#13020 = SURFACE_SIDE_STYLE('',(#13021));
#13021 = SURFACE_STYLE_FILL_AREA(#13022);
#13022 = FILL_AREA_STYLE('',(#13023));
#13023 = FILL_AREA_STYLE_COLOUR('',#13002);
#13024 = STYLED_ITEM('color',(#13025),#6244);
#13025 = PRESENTATION_STYLE_ASSIGNMENT((#13026));
#13026 = SURFACE_STYLE_USAGE(.BOTH.,#13027);
#13027 = SURFACE_SIDE_STYLE('',(#13028));
#13028 = SURFACE_STYLE_FILL_AREA(#13029);
#13029 = FILL_AREA_STYLE('',(#13030));
#13030 = FILL_AREA_STYLE_COLOUR('',#12909);
#13031 = STYLED_ITEM('color',(#13032),#6261);
#13032 = PRESENTATION_STYLE_ASSIGNMENT((#13033));
#13033 = SURFACE_STYLE_USAGE(.BOTH.,#13034);
#13034 = SURFACE_SIDE_STYLE('',(#13035));
#13035 = SURFACE_STYLE_FILL_AREA(#13036);
#13036 = FILL_AREA_STYLE('',(#13037));
#13037 = FILL_AREA_STYLE_COLOUR('',#12909);
#13038 = STYLED_ITEM('color',(#13039),#6278);
#13039 = PRESENTATION_STYLE_ASSIGNMENT((#13040));
#13040 = SURFACE_STYLE_USAGE(.BOTH.,#13041);
#13041 = SURFACE_SIDE_STYLE('',(#13042));
#13042 = SURFACE_STYLE_FILL_AREA(#13043);
#13043 = FILL_AREA_STYLE('',(#13044));
#13044 = FILL_AREA_STYLE_COLOUR('',#12909);
#13045 = STYLED_ITEM('color',(#13046),#6295);
#13046 = PRESENTATION_STYLE_ASSIGNMENT((#13047));
#13047 = SURFACE_STYLE_USAGE(.BOTH.,#13048);
#13048 = SURFACE_SIDE_STYLE('',(#13049));
#13049 = SURFACE_STYLE_FILL_AREA(#13050);
#13050 = FILL_AREA_STYLE('',(#13051));
#13051 = FILL_AREA_STYLE_COLOUR('',#12909);
#13052 = STYLED_ITEM('color',(#13053),#6312);
#13053 = PRESENTATION_STYLE_ASSIGNMENT((#13054));
#13054 = SURFACE_STYLE_USAGE(.BOTH.,#13055);
#13055 = SURFACE_SIDE_STYLE('',(#13056));
#13056 = SURFACE_STYLE_FILL_AREA(#13057);
#13057 = FILL_AREA_STYLE('',(#13058));
#13058 = FILL_AREA_STYLE_COLOUR('',#12909);
#13059 = STYLED_ITEM('color',(#13060),#6329);
#13060 = PRESENTATION_STYLE_ASSIGNMENT((#13061));
#13061 = SURFACE_STYLE_USAGE(.BOTH.,#13062);
#13062 = SURFACE_SIDE_STYLE('',(#13063));
#13063 = SURFACE_STYLE_FILL_AREA(#13064);
#13064 = FILL_AREA_STYLE('',(#13065));
#13065 = FILL_AREA_STYLE_COLOUR('',#12909);
#13066 = STYLED_ITEM('color',(#13067),#6346);
#13067 = PRESENTATION_STYLE_ASSIGNMENT((#13068));
#13068 = SURFACE_STYLE_USAGE(.BOTH.,#13069);
#13069 = SURFACE_SIDE_STYLE('',(#13070));
#13070 = SURFACE_STYLE_FILL_AREA(#13071);
#13071 = FILL_AREA_STYLE('',(#13072));
#13072 = FILL_AREA_STYLE_COLOUR('',#12909);
#13073 = STYLED_ITEM('color',(#13074),#6363);
#13074 = PRESENTATION_STYLE_ASSIGNMENT((#13075));
#13075 = SURFACE_STYLE_USAGE(.BOTH.,#13076);
#13076 = SURFACE_SIDE_STYLE('',(#13077));
#13077 = SURFACE_STYLE_FILL_AREA(#13078);
#13078 = FILL_AREA_STYLE('',(#13079));
#13079 = FILL_AREA_STYLE_COLOUR('',#13002);
#13080 = STYLED_ITEM('color',(#13081),#6380);
#13081 = PRESENTATION_STYLE_ASSIGNMENT((#13082));
#13082 = SURFACE_STYLE_USAGE(.BOTH.,#13083);
#13083 = SURFACE_SIDE_STYLE('',(#13084));
#13084 = SURFACE_STYLE_FILL_AREA(#13085);
#13085 = FILL_AREA_STYLE('',(#13086));
#13086 = FILL_AREA_STYLE_COLOUR('',#13002);
#13087 = MECHANICAL_DESIGN_GEOMETRIC_PRESENTATION_REPRESENTATION('',(
    #13088,#13096,#13103,#13110,#13117,#13124,#13132,#13139,#13146,
    #13153,#13160,#13167,#13174,#13181,#13188,#13195,#13202,#13209,
    #13216,#13223,#13230,#13237,#13244,#13251,#13258,#13265,#13272,
    #13279,#13286,#13293,#13300,#13307,#13314,#13321,#13328,#13335,
    #13342,#13349,#13356,#13363,#13370,#13377,#13384,#13391,#13398,
    #13405,#13412,#13419,#13426,#13433,#13440,#13447,#13454,#13461,
    #13468,#13475,#13482,#13489,#13496,#13503,#13510,#13517,#13524,
    #13531,#13538,#13545,#13552,#13559,#13566,#13573,#13580,#13587,
    #13594,#13601,#13608,#13615,#13622,#13629,#13636,#13643,#13650,
    #13657,#13664,#13671,#13678,#13685,#13692,#13699,#13706,#13713,
    #13720,#13727,#13734,#13741,#13748,#13755,#13762,#13769,#13776,
    #13784,#13791,#13798,#13805,#13812,#13819,#13826,#13833,#13840,
    #13847,#13854,#13861,#13868,#13875,#13882,#13889,#13896,#13903,
    #13910,#13917,#13924,#13931,#13938,#13945,#13952,#13959,#13966,
    #13973,#13980,#13987,#13994,#14001,#14008,#14015,#14022,#14029,
    #14036,#14043,#14050,#14057,#14064,#14071,#14078,#14085,#14092,
    #14099,#14106,#14113,#14120,#14127,#14134,#14141,#14148,#14155,
    #14162,#14169,#14176),#11041);
#13088 = STYLED_ITEM('color',(#13089),#6436);
#13089 = PRESENTATION_STYLE_ASSIGNMENT((#13090));
#13090 = SURFACE_STYLE_USAGE(.BOTH.,#13091);
#13091 = SURFACE_SIDE_STYLE('',(#13092));
#13092 = SURFACE_STYLE_FILL_AREA(#13093);
#13093 = FILL_AREA_STYLE('',(#13094));
#13094 = FILL_AREA_STYLE_COLOUR('',#13095);
#13095 = COLOUR_RGB('',0.823529417451,0.819607860991,0.780392170416);
#13096 = STYLED_ITEM('color',(#13097),#6478);
#13097 = PRESENTATION_STYLE_ASSIGNMENT((#13098));
#13098 = SURFACE_STYLE_USAGE(.BOTH.,#13099);
#13099 = SURFACE_SIDE_STYLE('',(#13100));
#13100 = SURFACE_STYLE_FILL_AREA(#13101);
#13101 = FILL_AREA_STYLE('',(#13102));
#13102 = FILL_AREA_STYLE_COLOUR('',#13095);
#13103 = STYLED_ITEM('color',(#13104),#6509);
#13104 = PRESENTATION_STYLE_ASSIGNMENT((#13105));
#13105 = SURFACE_STYLE_USAGE(.BOTH.,#13106);
#13106 = SURFACE_SIDE_STYLE('',(#13107));
#13107 = SURFACE_STYLE_FILL_AREA(#13108);
#13108 = FILL_AREA_STYLE('',(#13109));
#13109 = FILL_AREA_STYLE_COLOUR('',#13095);
#13110 = STYLED_ITEM('color',(#13111),#6540);
#13111 = PRESENTATION_STYLE_ASSIGNMENT((#13112));
#13112 = SURFACE_STYLE_USAGE(.BOTH.,#13113);
#13113 = SURFACE_SIDE_STYLE('',(#13114));
#13114 = SURFACE_STYLE_FILL_AREA(#13115);
#13115 = FILL_AREA_STYLE('',(#13116));
#13116 = FILL_AREA_STYLE_COLOUR('',#13095);
#13117 = STYLED_ITEM('color',(#13118),#6624);
#13118 = PRESENTATION_STYLE_ASSIGNMENT((#13119));
#13119 = SURFACE_STYLE_USAGE(.BOTH.,#13120);
#13120 = SURFACE_SIDE_STYLE('',(#13121));
#13121 = SURFACE_STYLE_FILL_AREA(#13122);
#13122 = FILL_AREA_STYLE('',(#13123));
#13123 = FILL_AREA_STYLE_COLOUR('',#13095);
#13124 = STYLED_ITEM('color',(#13125),#6708);
#13125 = PRESENTATION_STYLE_ASSIGNMENT((#13126));
#13126 = SURFACE_STYLE_USAGE(.BOTH.,#13127);
#13127 = SURFACE_SIDE_STYLE('',(#13128));
#13128 = SURFACE_STYLE_FILL_AREA(#13129);
#13129 = FILL_AREA_STYLE('',(#13130));
#13130 = FILL_AREA_STYLE_COLOUR('',#13131);
#13131 = COLOUR_RGB('',0.145098047169,0.14117647753,0.14117647753);
#13132 = STYLED_ITEM('color',(#13133),#6801);
#13133 = PRESENTATION_STYLE_ASSIGNMENT((#13134));
#13134 = SURFACE_STYLE_USAGE(.BOTH.,#13135);
#13135 = SURFACE_SIDE_STYLE('',(#13136));
#13136 = SURFACE_STYLE_FILL_AREA(#13137);
#13137 = FILL_AREA_STYLE('',(#13138));
#13138 = FILL_AREA_STYLE_COLOUR('',#13095);
#13139 = STYLED_ITEM('color',(#13140),#6818);
#13140 = PRESENTATION_STYLE_ASSIGNMENT((#13141));
#13141 = SURFACE_STYLE_USAGE(.BOTH.,#13142);
#13142 = SURFACE_SIDE_STYLE('',(#13143));
#13143 = SURFACE_STYLE_FILL_AREA(#13144);
#13144 = FILL_AREA_STYLE('',(#13145));
#13145 = FILL_AREA_STYLE_COLOUR('',#13131);
#13146 = STYLED_ITEM('color',(#13147),#6841);
#13147 = PRESENTATION_STYLE_ASSIGNMENT((#13148));
#13148 = SURFACE_STYLE_USAGE(.BOTH.,#13149);
#13149 = SURFACE_SIDE_STYLE('',(#13150));
#13150 = SURFACE_STYLE_FILL_AREA(#13151);
#13151 = FILL_AREA_STYLE('',(#13152));
#13152 = FILL_AREA_STYLE_COLOUR('',#13095);
#13153 = STYLED_ITEM('color',(#13154),#6879);
#13154 = PRESENTATION_STYLE_ASSIGNMENT((#13155));
#13155 = SURFACE_STYLE_USAGE(.BOTH.,#13156);
#13156 = SURFACE_SIDE_STYLE('',(#13157));
#13157 = SURFACE_STYLE_FILL_AREA(#13158);
#13158 = FILL_AREA_STYLE('',(#13159));
#13159 = FILL_AREA_STYLE_COLOUR('',#13095);
#13160 = STYLED_ITEM('color',(#13161),#6896);
#13161 = PRESENTATION_STYLE_ASSIGNMENT((#13162));
#13162 = SURFACE_STYLE_USAGE(.BOTH.,#13163);
#13163 = SURFACE_SIDE_STYLE('',(#13164));
#13164 = SURFACE_STYLE_FILL_AREA(#13165);
#13165 = FILL_AREA_STYLE('',(#13166));
#13166 = FILL_AREA_STYLE_COLOUR('',#13095);
#13167 = STYLED_ITEM('color',(#13168),#6913);
#13168 = PRESENTATION_STYLE_ASSIGNMENT((#13169));
#13169 = SURFACE_STYLE_USAGE(.BOTH.,#13170);
#13170 = SURFACE_SIDE_STYLE('',(#13171));
#13171 = SURFACE_STYLE_FILL_AREA(#13172);
#13172 = FILL_AREA_STYLE('',(#13173));
#13173 = FILL_AREA_STYLE_COLOUR('',#13095);
#13174 = STYLED_ITEM('color',(#13175),#6930);
#13175 = PRESENTATION_STYLE_ASSIGNMENT((#13176));
#13176 = SURFACE_STYLE_USAGE(.BOTH.,#13177);
#13177 = SURFACE_SIDE_STYLE('',(#13178));
#13178 = SURFACE_STYLE_FILL_AREA(#13179);
#13179 = FILL_AREA_STYLE('',(#13180));
#13180 = FILL_AREA_STYLE_COLOUR('',#13095);
#13181 = STYLED_ITEM('color',(#13182),#6947);
#13182 = PRESENTATION_STYLE_ASSIGNMENT((#13183));
#13183 = SURFACE_STYLE_USAGE(.BOTH.,#13184);
#13184 = SURFACE_SIDE_STYLE('',(#13185));
#13185 = SURFACE_STYLE_FILL_AREA(#13186);
#13186 = FILL_AREA_STYLE('',(#13187));
#13187 = FILL_AREA_STYLE_COLOUR('',#13095);
#13188 = STYLED_ITEM('color',(#13189),#6964);
#13189 = PRESENTATION_STYLE_ASSIGNMENT((#13190));
#13190 = SURFACE_STYLE_USAGE(.BOTH.,#13191);
#13191 = SURFACE_SIDE_STYLE('',(#13192));
#13192 = SURFACE_STYLE_FILL_AREA(#13193);
#13193 = FILL_AREA_STYLE('',(#13194));
#13194 = FILL_AREA_STYLE_COLOUR('',#13095);
#13195 = STYLED_ITEM('color',(#13196),#6976);
#13196 = PRESENTATION_STYLE_ASSIGNMENT((#13197));
#13197 = SURFACE_STYLE_USAGE(.BOTH.,#13198);
#13198 = SURFACE_SIDE_STYLE('',(#13199));
#13199 = SURFACE_STYLE_FILL_AREA(#13200);
#13200 = FILL_AREA_STYLE('',(#13201));
#13201 = FILL_AREA_STYLE_COLOUR('',#13131);
#13202 = STYLED_ITEM('color',(#13203),#7000);
#13203 = PRESENTATION_STYLE_ASSIGNMENT((#13204));
#13204 = SURFACE_STYLE_USAGE(.BOTH.,#13205);
#13205 = SURFACE_SIDE_STYLE('',(#13206));
#13206 = SURFACE_STYLE_FILL_AREA(#13207);
#13207 = FILL_AREA_STYLE('',(#13208));
#13208 = FILL_AREA_STYLE_COLOUR('',#13131);
#13209 = STYLED_ITEM('color',(#13210),#7063);
#13210 = PRESENTATION_STYLE_ASSIGNMENT((#13211));
#13211 = SURFACE_STYLE_USAGE(.BOTH.,#13212);
#13212 = SURFACE_SIDE_STYLE('',(#13213));
#13213 = SURFACE_STYLE_FILL_AREA(#13214);
#13214 = FILL_AREA_STYLE('',(#13215));
#13215 = FILL_AREA_STYLE_COLOUR('',#13131);
#13216 = STYLED_ITEM('color',(#13217),#7086);
#13217 = PRESENTATION_STYLE_ASSIGNMENT((#13218));
#13218 = SURFACE_STYLE_USAGE(.BOTH.,#13219);
#13219 = SURFACE_SIDE_STYLE('',(#13220));
#13220 = SURFACE_STYLE_FILL_AREA(#13221);
#13221 = FILL_AREA_STYLE('',(#13222));
#13222 = FILL_AREA_STYLE_COLOUR('',#13131);
#13223 = STYLED_ITEM('color',(#13224),#7109);
#13224 = PRESENTATION_STYLE_ASSIGNMENT((#13225));
#13225 = SURFACE_STYLE_USAGE(.BOTH.,#13226);
#13226 = SURFACE_SIDE_STYLE('',(#13227));
#13227 = SURFACE_STYLE_FILL_AREA(#13228);
#13228 = FILL_AREA_STYLE('',(#13229));
#13229 = FILL_AREA_STYLE_COLOUR('',#13131);
#13230 = STYLED_ITEM('color',(#13231),#7139);
#13231 = PRESENTATION_STYLE_ASSIGNMENT((#13232));
#13232 = SURFACE_STYLE_USAGE(.BOTH.,#13233);
#13233 = SURFACE_SIDE_STYLE('',(#13234));
#13234 = SURFACE_STYLE_FILL_AREA(#13235);
#13235 = FILL_AREA_STYLE('',(#13236));
#13236 = FILL_AREA_STYLE_COLOUR('',#13095);
#13237 = STYLED_ITEM('color',(#13238),#7170);
#13238 = PRESENTATION_STYLE_ASSIGNMENT((#13239));
#13239 = SURFACE_STYLE_USAGE(.BOTH.,#13240);
#13240 = SURFACE_SIDE_STYLE('',(#13241));
#13241 = SURFACE_STYLE_FILL_AREA(#13242);
#13242 = FILL_AREA_STYLE('',(#13243));
#13243 = FILL_AREA_STYLE_COLOUR('',#13131);
#13244 = STYLED_ITEM('color',(#13245),#7201);
#13245 = PRESENTATION_STYLE_ASSIGNMENT((#13246));
#13246 = SURFACE_STYLE_USAGE(.BOTH.,#13247);
#13247 = SURFACE_SIDE_STYLE('',(#13248));
#13248 = SURFACE_STYLE_FILL_AREA(#13249);
#13249 = FILL_AREA_STYLE('',(#13250));
#13250 = FILL_AREA_STYLE_COLOUR('',#13095);
#13251 = STYLED_ITEM('color',(#13252),#7232);
#13252 = PRESENTATION_STYLE_ASSIGNMENT((#13253));
#13253 = SURFACE_STYLE_USAGE(.BOTH.,#13254);
#13254 = SURFACE_SIDE_STYLE('',(#13255));
#13255 = SURFACE_STYLE_FILL_AREA(#13256);
#13256 = FILL_AREA_STYLE('',(#13257));
#13257 = FILL_AREA_STYLE_COLOUR('',#13095);
#13258 = STYLED_ITEM('color',(#13259),#7263);
#13259 = PRESENTATION_STYLE_ASSIGNMENT((#13260));
#13260 = SURFACE_STYLE_USAGE(.BOTH.,#13261);
#13261 = SURFACE_SIDE_STYLE('',(#13262));
#13262 = SURFACE_STYLE_FILL_AREA(#13263);
#13263 = FILL_AREA_STYLE('',(#13264));
#13264 = FILL_AREA_STYLE_COLOUR('',#13131);
#13265 = STYLED_ITEM('color',(#13266),#7294);
#13266 = PRESENTATION_STYLE_ASSIGNMENT((#13267));
#13267 = SURFACE_STYLE_USAGE(.BOTH.,#13268);
#13268 = SURFACE_SIDE_STYLE('',(#13269));
#13269 = SURFACE_STYLE_FILL_AREA(#13270);
#13270 = FILL_AREA_STYLE('',(#13271));
#13271 = FILL_AREA_STYLE_COLOUR('',#13131);
#13272 = STYLED_ITEM('color',(#13273),#7317);
#13273 = PRESENTATION_STYLE_ASSIGNMENT((#13274));
#13274 = SURFACE_STYLE_USAGE(.BOTH.,#13275);
#13275 = SURFACE_SIDE_STYLE('',(#13276));
#13276 = SURFACE_STYLE_FILL_AREA(#13277);
#13277 = FILL_AREA_STYLE('',(#13278));
#13278 = FILL_AREA_STYLE_COLOUR('',#13131);
#13279 = STYLED_ITEM('color',(#13280),#7340);
#13280 = PRESENTATION_STYLE_ASSIGNMENT((#13281));
#13281 = SURFACE_STYLE_USAGE(.BOTH.,#13282);
#13282 = SURFACE_SIDE_STYLE('',(#13283));
#13283 = SURFACE_STYLE_FILL_AREA(#13284);
#13284 = FILL_AREA_STYLE('',(#13285));
#13285 = FILL_AREA_STYLE_COLOUR('',#13131);
#13286 = STYLED_ITEM('color',(#13287),#7426);
#13287 = PRESENTATION_STYLE_ASSIGNMENT((#13288));
#13288 = SURFACE_STYLE_USAGE(.BOTH.,#13289);
#13289 = SURFACE_SIDE_STYLE('',(#13290));
#13290 = SURFACE_STYLE_FILL_AREA(#13291);
#13291 = FILL_AREA_STYLE('',(#13292));
#13292 = FILL_AREA_STYLE_COLOUR('',#13131);
#13293 = STYLED_ITEM('color',(#13294),#7443);
#13294 = PRESENTATION_STYLE_ASSIGNMENT((#13295));
#13295 = SURFACE_STYLE_USAGE(.BOTH.,#13296);
#13296 = SURFACE_SIDE_STYLE('',(#13297));
#13297 = SURFACE_STYLE_FILL_AREA(#13298);
#13298 = FILL_AREA_STYLE('',(#13299));
#13299 = FILL_AREA_STYLE_COLOUR('',#13095);
#13300 = STYLED_ITEM('color',(#13301),#7535);
#13301 = PRESENTATION_STYLE_ASSIGNMENT((#13302));
#13302 = SURFACE_STYLE_USAGE(.BOTH.,#13303);
#13303 = SURFACE_SIDE_STYLE('',(#13304));
#13304 = SURFACE_STYLE_FILL_AREA(#13305);
#13305 = FILL_AREA_STYLE('',(#13306));
#13306 = FILL_AREA_STYLE_COLOUR('',#13131);
#13307 = STYLED_ITEM('color',(#13308),#7558);
#13308 = PRESENTATION_STYLE_ASSIGNMENT((#13309));
#13309 = SURFACE_STYLE_USAGE(.BOTH.,#13310);
#13310 = SURFACE_SIDE_STYLE('',(#13311));
#13311 = SURFACE_STYLE_FILL_AREA(#13312);
#13312 = FILL_AREA_STYLE('',(#13313));
#13313 = FILL_AREA_STYLE_COLOUR('',#13131);
#13314 = STYLED_ITEM('color',(#13315),#7581);
#13315 = PRESENTATION_STYLE_ASSIGNMENT((#13316));
#13316 = SURFACE_STYLE_USAGE(.BOTH.,#13317);
#13317 = SURFACE_SIDE_STYLE('',(#13318));
#13318 = SURFACE_STYLE_FILL_AREA(#13319);
#13319 = FILL_AREA_STYLE('',(#13320));
#13320 = FILL_AREA_STYLE_COLOUR('',#13131);
#13321 = STYLED_ITEM('color',(#13322),#7604);
#13322 = PRESENTATION_STYLE_ASSIGNMENT((#13323));
#13323 = SURFACE_STYLE_USAGE(.BOTH.,#13324);
#13324 = SURFACE_SIDE_STYLE('',(#13325));
#13325 = SURFACE_STYLE_FILL_AREA(#13326);
#13326 = FILL_AREA_STYLE('',(#13327));
#13327 = FILL_AREA_STYLE_COLOUR('',#13131);
#13328 = STYLED_ITEM('color',(#13329),#7691);
#13329 = PRESENTATION_STYLE_ASSIGNMENT((#13330));
#13330 = SURFACE_STYLE_USAGE(.BOTH.,#13331);
#13331 = SURFACE_SIDE_STYLE('',(#13332));
#13332 = SURFACE_STYLE_FILL_AREA(#13333);
#13333 = FILL_AREA_STYLE('',(#13334));
#13334 = FILL_AREA_STYLE_COLOUR('',#13131);
#13335 = STYLED_ITEM('color',(#13336),#7708);
#13336 = PRESENTATION_STYLE_ASSIGNMENT((#13337));
#13337 = SURFACE_STYLE_USAGE(.BOTH.,#13338);
#13338 = SURFACE_SIDE_STYLE('',(#13339));
#13339 = SURFACE_STYLE_FILL_AREA(#13340);
#13340 = FILL_AREA_STYLE('',(#13341));
#13341 = FILL_AREA_STYLE_COLOUR('',#13131);
#13342 = STYLED_ITEM('color',(#13343),#7731);
#13343 = PRESENTATION_STYLE_ASSIGNMENT((#13344));
#13344 = SURFACE_STYLE_USAGE(.BOTH.,#13345);
#13345 = SURFACE_SIDE_STYLE('',(#13346));
#13346 = SURFACE_STYLE_FILL_AREA(#13347);
#13347 = FILL_AREA_STYLE('',(#13348));
#13348 = FILL_AREA_STYLE_COLOUR('',#13095);
#13349 = STYLED_ITEM('color',(#13350),#7823);
#13350 = PRESENTATION_STYLE_ASSIGNMENT((#13351));
#13351 = SURFACE_STYLE_USAGE(.BOTH.,#13352);
#13352 = SURFACE_SIDE_STYLE('',(#13353));
#13353 = SURFACE_STYLE_FILL_AREA(#13354);
#13354 = FILL_AREA_STYLE('',(#13355));
#13355 = FILL_AREA_STYLE_COLOUR('',#13131);
#13356 = STYLED_ITEM('color',(#13357),#7844);
#13357 = PRESENTATION_STYLE_ASSIGNMENT((#13358));
#13358 = SURFACE_STYLE_USAGE(.BOTH.,#13359);
#13359 = SURFACE_SIDE_STYLE('',(#13360));
#13360 = SURFACE_STYLE_FILL_AREA(#13361);
#13361 = FILL_AREA_STYLE('',(#13362));
#13362 = FILL_AREA_STYLE_COLOUR('',#13095);
#13363 = STYLED_ITEM('color',(#13364),#7936);
#13364 = PRESENTATION_STYLE_ASSIGNMENT((#13365));
#13365 = SURFACE_STYLE_USAGE(.BOTH.,#13366);
#13366 = SURFACE_SIDE_STYLE('',(#13367));
#13367 = SURFACE_STYLE_FILL_AREA(#13368);
#13368 = FILL_AREA_STYLE('',(#13369));
#13369 = FILL_AREA_STYLE_COLOUR('',#13095);
#13370 = STYLED_ITEM('color',(#13371),#7953);
#13371 = PRESENTATION_STYLE_ASSIGNMENT((#13372));
#13372 = SURFACE_STYLE_USAGE(.BOTH.,#13373);
#13373 = SURFACE_SIDE_STYLE('',(#13374));
#13374 = SURFACE_STYLE_FILL_AREA(#13375);
#13375 = FILL_AREA_STYLE('',(#13376));
#13376 = FILL_AREA_STYLE_COLOUR('',#13095);
#13377 = STYLED_ITEM('color',(#13378),#8045);
#13378 = PRESENTATION_STYLE_ASSIGNMENT((#13379));
#13379 = SURFACE_STYLE_USAGE(.BOTH.,#13380);
#13380 = SURFACE_SIDE_STYLE('',(#13381));
#13381 = SURFACE_STYLE_FILL_AREA(#13382);
#13382 = FILL_AREA_STYLE('',(#13383));
#13383 = FILL_AREA_STYLE_COLOUR('',#13131);
#13384 = STYLED_ITEM('color',(#13385),#8067);
#13385 = PRESENTATION_STYLE_ASSIGNMENT((#13386));
#13386 = SURFACE_STYLE_USAGE(.BOTH.,#13387);
#13387 = SURFACE_SIDE_STYLE('',(#13388));
#13388 = SURFACE_STYLE_FILL_AREA(#13389);
#13389 = FILL_AREA_STYLE('',(#13390));
#13390 = FILL_AREA_STYLE_COLOUR('',#13095);
#13391 = STYLED_ITEM('color',(#13392),#8092);
#13392 = PRESENTATION_STYLE_ASSIGNMENT((#13393));
#13393 = SURFACE_STYLE_USAGE(.BOTH.,#13394);
#13394 = SURFACE_SIDE_STYLE('',(#13395));
#13395 = SURFACE_STYLE_FILL_AREA(#13396);
#13396 = FILL_AREA_STYLE('',(#13397));
#13397 = FILL_AREA_STYLE_COLOUR('',#13095);
#13398 = STYLED_ITEM('color',(#13399),#8176);
#13399 = PRESENTATION_STYLE_ASSIGNMENT((#13400));
#13400 = SURFACE_STYLE_USAGE(.BOTH.,#13401);
#13401 = SURFACE_SIDE_STYLE('',(#13402));
#13402 = SURFACE_STYLE_FILL_AREA(#13403);
#13403 = FILL_AREA_STYLE('',(#13404));
#13404 = FILL_AREA_STYLE_COLOUR('',#13095);
#13405 = STYLED_ITEM('color',(#13406),#8268);
#13406 = PRESENTATION_STYLE_ASSIGNMENT((#13407));
#13407 = SURFACE_STYLE_USAGE(.BOTH.,#13408);
#13408 = SURFACE_SIDE_STYLE('',(#13409));
#13409 = SURFACE_STYLE_FILL_AREA(#13410);
#13410 = FILL_AREA_STYLE('',(#13411));
#13411 = FILL_AREA_STYLE_COLOUR('',#13095);
#13412 = STYLED_ITEM('color',(#13413),#8285);
#13413 = PRESENTATION_STYLE_ASSIGNMENT((#13414));
#13414 = SURFACE_STYLE_USAGE(.BOTH.,#13415);
#13415 = SURFACE_SIDE_STYLE('',(#13416));
#13416 = SURFACE_STYLE_FILL_AREA(#13417);
#13417 = FILL_AREA_STYLE('',(#13418));
#13418 = FILL_AREA_STYLE_COLOUR('',#13131);
#13419 = STYLED_ITEM('color',(#13420),#8307);
#13420 = PRESENTATION_STYLE_ASSIGNMENT((#13421));
#13421 = SURFACE_STYLE_USAGE(.BOTH.,#13422);
#13422 = SURFACE_SIDE_STYLE('',(#13423));
#13423 = SURFACE_STYLE_FILL_AREA(#13424);
#13424 = FILL_AREA_STYLE('',(#13425));
#13425 = FILL_AREA_STYLE_COLOUR('',#13131);
#13426 = STYLED_ITEM('color',(#13427),#8330);
#13427 = PRESENTATION_STYLE_ASSIGNMENT((#13428));
#13428 = SURFACE_STYLE_USAGE(.BOTH.,#13429);
#13429 = SURFACE_SIDE_STYLE('',(#13430));
#13430 = SURFACE_STYLE_FILL_AREA(#13431);
#13431 = FILL_AREA_STYLE('',(#13432));
#13432 = FILL_AREA_STYLE_COLOUR('',#13131);
#13433 = STYLED_ITEM('color',(#13434),#8353);
#13434 = PRESENTATION_STYLE_ASSIGNMENT((#13435));
#13435 = SURFACE_STYLE_USAGE(.BOTH.,#13436);
#13436 = SURFACE_SIDE_STYLE('',(#13437));
#13437 = SURFACE_STYLE_FILL_AREA(#13438);
#13438 = FILL_AREA_STYLE('',(#13439));
#13439 = FILL_AREA_STYLE_COLOUR('',#13131);
#13440 = STYLED_ITEM('color',(#13441),#8376);
#13441 = PRESENTATION_STYLE_ASSIGNMENT((#13442));
#13442 = SURFACE_STYLE_USAGE(.BOTH.,#13443);
#13443 = SURFACE_SIDE_STYLE('',(#13444));
#13444 = SURFACE_STYLE_FILL_AREA(#13445);
#13445 = FILL_AREA_STYLE('',(#13446));
#13446 = FILL_AREA_STYLE_COLOUR('',#13131);
#13447 = STYLED_ITEM('color',(#13448),#8443);
#13448 = PRESENTATION_STYLE_ASSIGNMENT((#13449));
#13449 = SURFACE_STYLE_USAGE(.BOTH.,#13450);
#13450 = SURFACE_SIDE_STYLE('',(#13451));
#13451 = SURFACE_STYLE_FILL_AREA(#13452);
#13452 = FILL_AREA_STYLE('',(#13453));
#13453 = FILL_AREA_STYLE_COLOUR('',#13131);
#13454 = STYLED_ITEM('color',(#13455),#8466);
#13455 = PRESENTATION_STYLE_ASSIGNMENT((#13456));
#13456 = SURFACE_STYLE_USAGE(.BOTH.,#13457);
#13457 = SURFACE_SIDE_STYLE('',(#13458));
#13458 = SURFACE_STYLE_FILL_AREA(#13459);
#13459 = FILL_AREA_STYLE('',(#13460));
#13460 = FILL_AREA_STYLE_COLOUR('',#13095);
#13461 = STYLED_ITEM('color',(#13462),#8485);
#13462 = PRESENTATION_STYLE_ASSIGNMENT((#13463));
#13463 = SURFACE_STYLE_USAGE(.BOTH.,#13464);
#13464 = SURFACE_SIDE_STYLE('',(#13465));
#13465 = SURFACE_STYLE_FILL_AREA(#13466);
#13466 = FILL_AREA_STYLE('',(#13467));
#13467 = FILL_AREA_STYLE_COLOUR('',#13095);
#13468 = STYLED_ITEM('color',(#13469),#8504);
#13469 = PRESENTATION_STYLE_ASSIGNMENT((#13470));
#13470 = SURFACE_STYLE_USAGE(.BOTH.,#13471);
#13471 = SURFACE_SIDE_STYLE('',(#13472));
#13472 = SURFACE_STYLE_FILL_AREA(#13473);
#13473 = FILL_AREA_STYLE('',(#13474));
#13474 = FILL_AREA_STYLE_COLOUR('',#13095);
#13475 = STYLED_ITEM('color',(#13476),#8523);
#13476 = PRESENTATION_STYLE_ASSIGNMENT((#13477));
#13477 = SURFACE_STYLE_USAGE(.BOTH.,#13478);
#13478 = SURFACE_SIDE_STYLE('',(#13479));
#13479 = SURFACE_STYLE_FILL_AREA(#13480);
#13480 = FILL_AREA_STYLE('',(#13481));
#13481 = FILL_AREA_STYLE_COLOUR('',#13095);
#13482 = STYLED_ITEM('color',(#13483),#8540);
#13483 = PRESENTATION_STYLE_ASSIGNMENT((#13484));
#13484 = SURFACE_STYLE_USAGE(.BOTH.,#13485);
#13485 = SURFACE_SIDE_STYLE('',(#13486));
#13486 = SURFACE_STYLE_FILL_AREA(#13487);
#13487 = FILL_AREA_STYLE('',(#13488));
#13488 = FILL_AREA_STYLE_COLOUR('',#13095);
#13489 = STYLED_ITEM('color',(#13490),#8557);
#13490 = PRESENTATION_STYLE_ASSIGNMENT((#13491));
#13491 = SURFACE_STYLE_USAGE(.BOTH.,#13492);
#13492 = SURFACE_SIDE_STYLE('',(#13493));
#13493 = SURFACE_STYLE_FILL_AREA(#13494);
#13494 = FILL_AREA_STYLE('',(#13495));
#13495 = FILL_AREA_STYLE_COLOUR('',#13095);
#13496 = STYLED_ITEM('color',(#13497),#8574);
#13497 = PRESENTATION_STYLE_ASSIGNMENT((#13498));
#13498 = SURFACE_STYLE_USAGE(.BOTH.,#13499);
#13499 = SURFACE_SIDE_STYLE('',(#13500));
#13500 = SURFACE_STYLE_FILL_AREA(#13501);
#13501 = FILL_AREA_STYLE('',(#13502));
#13502 = FILL_AREA_STYLE_COLOUR('',#13095);
#13503 = STYLED_ITEM('color',(#13504),#8591);
#13504 = PRESENTATION_STYLE_ASSIGNMENT((#13505));
#13505 = SURFACE_STYLE_USAGE(.BOTH.,#13506);
#13506 = SURFACE_SIDE_STYLE('',(#13507));
#13507 = SURFACE_STYLE_FILL_AREA(#13508);
#13508 = FILL_AREA_STYLE('',(#13509));
#13509 = FILL_AREA_STYLE_COLOUR('',#13095);
#13510 = STYLED_ITEM('color',(#13511),#8608);
#13511 = PRESENTATION_STYLE_ASSIGNMENT((#13512));
#13512 = SURFACE_STYLE_USAGE(.BOTH.,#13513);
#13513 = SURFACE_SIDE_STYLE('',(#13514));
#13514 = SURFACE_STYLE_FILL_AREA(#13515);
#13515 = FILL_AREA_STYLE('',(#13516));
#13516 = FILL_AREA_STYLE_COLOUR('',#13095);
#13517 = STYLED_ITEM('color',(#13518),#8625);
#13518 = PRESENTATION_STYLE_ASSIGNMENT((#13519));
#13519 = SURFACE_STYLE_USAGE(.BOTH.,#13520);
#13520 = SURFACE_SIDE_STYLE('',(#13521));
#13521 = SURFACE_STYLE_FILL_AREA(#13522);
#13522 = FILL_AREA_STYLE('',(#13523));
#13523 = FILL_AREA_STYLE_COLOUR('',#13095);
#13524 = STYLED_ITEM('color',(#13525),#8642);
#13525 = PRESENTATION_STYLE_ASSIGNMENT((#13526));
#13526 = SURFACE_STYLE_USAGE(.BOTH.,#13527);
#13527 = SURFACE_SIDE_STYLE('',(#13528));
#13528 = SURFACE_STYLE_FILL_AREA(#13529);
#13529 = FILL_AREA_STYLE('',(#13530));
#13530 = FILL_AREA_STYLE_COLOUR('',#13095);
#13531 = STYLED_ITEM('color',(#13532),#8654);
#13532 = PRESENTATION_STYLE_ASSIGNMENT((#13533));
#13533 = SURFACE_STYLE_USAGE(.BOTH.,#13534);
#13534 = SURFACE_SIDE_STYLE('',(#13535));
#13535 = SURFACE_STYLE_FILL_AREA(#13536);
#13536 = FILL_AREA_STYLE('',(#13537));
#13537 = FILL_AREA_STYLE_COLOUR('',#13131);
#13538 = STYLED_ITEM('color',(#13539),#8677);
#13539 = PRESENTATION_STYLE_ASSIGNMENT((#13540));
#13540 = SURFACE_STYLE_USAGE(.BOTH.,#13541);
#13541 = SURFACE_SIDE_STYLE('',(#13542));
#13542 = SURFACE_STYLE_FILL_AREA(#13543);
#13543 = FILL_AREA_STYLE('',(#13544));
#13544 = FILL_AREA_STYLE_COLOUR('',#13131);
#13545 = STYLED_ITEM('color',(#13546),#8700);
#13546 = PRESENTATION_STYLE_ASSIGNMENT((#13547));
#13547 = SURFACE_STYLE_USAGE(.BOTH.,#13548);
#13548 = SURFACE_SIDE_STYLE('',(#13549));
#13549 = SURFACE_STYLE_FILL_AREA(#13550);
#13550 = FILL_AREA_STYLE('',(#13551));
#13551 = FILL_AREA_STYLE_COLOUR('',#13131);
#13552 = STYLED_ITEM('color',(#13553),#8724);
#13553 = PRESENTATION_STYLE_ASSIGNMENT((#13554));
#13554 = SURFACE_STYLE_USAGE(.BOTH.,#13555);
#13555 = SURFACE_SIDE_STYLE('',(#13556));
#13556 = SURFACE_STYLE_FILL_AREA(#13557);
#13557 = FILL_AREA_STYLE('',(#13558));
#13558 = FILL_AREA_STYLE_COLOUR('',#13131);
#13559 = STYLED_ITEM('color',(#13560),#8754);
#13560 = PRESENTATION_STYLE_ASSIGNMENT((#13561));
#13561 = SURFACE_STYLE_USAGE(.BOTH.,#13562);
#13562 = SURFACE_SIDE_STYLE('',(#13563));
#13563 = SURFACE_STYLE_FILL_AREA(#13564);
#13564 = FILL_AREA_STYLE('',(#13565));
#13565 = FILL_AREA_STYLE_COLOUR('',#13095);
#13566 = STYLED_ITEM('color',(#13567),#8785);
#13567 = PRESENTATION_STYLE_ASSIGNMENT((#13568));
#13568 = SURFACE_STYLE_USAGE(.BOTH.,#13569);
#13569 = SURFACE_SIDE_STYLE('',(#13570));
#13570 = SURFACE_STYLE_FILL_AREA(#13571);
#13571 = FILL_AREA_STYLE('',(#13572));
#13572 = FILL_AREA_STYLE_COLOUR('',#13095);
#13573 = STYLED_ITEM('color',(#13574),#8816);
#13574 = PRESENTATION_STYLE_ASSIGNMENT((#13575));
#13575 = SURFACE_STYLE_USAGE(.BOTH.,#13576);
#13576 = SURFACE_SIDE_STYLE('',(#13577));
#13577 = SURFACE_STYLE_FILL_AREA(#13578);
#13578 = FILL_AREA_STYLE('',(#13579));
#13579 = FILL_AREA_STYLE_COLOUR('',#13131);
#13580 = STYLED_ITEM('color',(#13581),#8847);
#13581 = PRESENTATION_STYLE_ASSIGNMENT((#13582));
#13582 = SURFACE_STYLE_USAGE(.BOTH.,#13583);
#13583 = SURFACE_SIDE_STYLE('',(#13584));
#13584 = SURFACE_STYLE_FILL_AREA(#13585);
#13585 = FILL_AREA_STYLE('',(#13586));
#13586 = FILL_AREA_STYLE_COLOUR('',#13131);
#13587 = STYLED_ITEM('color',(#13588),#8878);
#13588 = PRESENTATION_STYLE_ASSIGNMENT((#13589));
#13589 = SURFACE_STYLE_USAGE(.BOTH.,#13590);
#13590 = SURFACE_SIDE_STYLE('',(#13591));
#13591 = SURFACE_STYLE_FILL_AREA(#13592);
#13592 = FILL_AREA_STYLE('',(#13593));
#13593 = FILL_AREA_STYLE_COLOUR('',#13095);
#13594 = STYLED_ITEM('color',(#13595),#8909);
#13595 = PRESENTATION_STYLE_ASSIGNMENT((#13596));
#13596 = SURFACE_STYLE_USAGE(.BOTH.,#13597);
#13597 = SURFACE_SIDE_STYLE('',(#13598));
#13598 = SURFACE_STYLE_FILL_AREA(#13599);
#13599 = FILL_AREA_STYLE('',(#13600));
#13600 = FILL_AREA_STYLE_COLOUR('',#13095);
#13601 = STYLED_ITEM('color',(#13602),#8940);
#13602 = PRESENTATION_STYLE_ASSIGNMENT((#13603));
#13603 = SURFACE_STYLE_USAGE(.BOTH.,#13604);
#13604 = SURFACE_SIDE_STYLE('',(#13605));
#13605 = SURFACE_STYLE_FILL_AREA(#13606);
#13606 = FILL_AREA_STYLE('',(#13607));
#13607 = FILL_AREA_STYLE_COLOUR('',#13131);
#13608 = STYLED_ITEM('color',(#13609),#8971);
#13609 = PRESENTATION_STYLE_ASSIGNMENT((#13610));
#13610 = SURFACE_STYLE_USAGE(.BOTH.,#13611);
#13611 = SURFACE_SIDE_STYLE('',(#13612));
#13612 = SURFACE_STYLE_FILL_AREA(#13613);
#13613 = FILL_AREA_STYLE('',(#13614));
#13614 = FILL_AREA_STYLE_COLOUR('',#13131);
#13615 = STYLED_ITEM('color',(#13616),#8988);
#13616 = PRESENTATION_STYLE_ASSIGNMENT((#13617));
#13617 = SURFACE_STYLE_USAGE(.BOTH.,#13618);
#13618 = SURFACE_SIDE_STYLE('',(#13619));
#13619 = SURFACE_STYLE_FILL_AREA(#13620);
#13620 = FILL_AREA_STYLE('',(#13621));
#13621 = FILL_AREA_STYLE_COLOUR('',#13131);
#13622 = STYLED_ITEM('color',(#13623),#9004);
#13623 = PRESENTATION_STYLE_ASSIGNMENT((#13624));
#13624 = SURFACE_STYLE_USAGE(.BOTH.,#13625);
#13625 = SURFACE_SIDE_STYLE('',(#13626));
#13626 = SURFACE_STYLE_FILL_AREA(#13627);
#13627 = FILL_AREA_STYLE('',(#13628));
#13628 = FILL_AREA_STYLE_COLOUR('',#13095);
#13629 = STYLED_ITEM('color',(#13630),#9021);
#13630 = PRESENTATION_STYLE_ASSIGNMENT((#13631));
#13631 = SURFACE_STYLE_USAGE(.BOTH.,#13632);
#13632 = SURFACE_SIDE_STYLE('',(#13633));
#13633 = SURFACE_STYLE_FILL_AREA(#13634);
#13634 = FILL_AREA_STYLE('',(#13635));
#13635 = FILL_AREA_STYLE_COLOUR('',#13095);
#13636 = STYLED_ITEM('color',(#13637),#9038);
#13637 = PRESENTATION_STYLE_ASSIGNMENT((#13638));
#13638 = SURFACE_STYLE_USAGE(.BOTH.,#13639);
#13639 = SURFACE_SIDE_STYLE('',(#13640));
#13640 = SURFACE_STYLE_FILL_AREA(#13641);
#13641 = FILL_AREA_STYLE('',(#13642));
#13642 = FILL_AREA_STYLE_COLOUR('',#13095);
#13643 = STYLED_ITEM('color',(#13644),#9055);
#13644 = PRESENTATION_STYLE_ASSIGNMENT((#13645));
#13645 = SURFACE_STYLE_USAGE(.BOTH.,#13646);
#13646 = SURFACE_SIDE_STYLE('',(#13647));
#13647 = SURFACE_STYLE_FILL_AREA(#13648);
#13648 = FILL_AREA_STYLE('',(#13649));
#13649 = FILL_AREA_STYLE_COLOUR('',#13095);
#13650 = STYLED_ITEM('color',(#13651),#9072);
#13651 = PRESENTATION_STYLE_ASSIGNMENT((#13652));
#13652 = SURFACE_STYLE_USAGE(.BOTH.,#13653);
#13653 = SURFACE_SIDE_STYLE('',(#13654));
#13654 = SURFACE_STYLE_FILL_AREA(#13655);
#13655 = FILL_AREA_STYLE('',(#13656));
#13656 = FILL_AREA_STYLE_COLOUR('',#13095);
#13657 = STYLED_ITEM('color',(#13658),#9089);
#13658 = PRESENTATION_STYLE_ASSIGNMENT((#13659));
#13659 = SURFACE_STYLE_USAGE(.BOTH.,#13660);
#13660 = SURFACE_SIDE_STYLE('',(#13661));
#13661 = SURFACE_STYLE_FILL_AREA(#13662);
#13662 = FILL_AREA_STYLE('',(#13663));
#13663 = FILL_AREA_STYLE_COLOUR('',#13095);
#13664 = STYLED_ITEM('color',(#13665),#9106);
#13665 = PRESENTATION_STYLE_ASSIGNMENT((#13666));
#13666 = SURFACE_STYLE_USAGE(.BOTH.,#13667);
#13667 = SURFACE_SIDE_STYLE('',(#13668));
#13668 = SURFACE_STYLE_FILL_AREA(#13669);
#13669 = FILL_AREA_STYLE('',(#13670));
#13670 = FILL_AREA_STYLE_COLOUR('',#13095);
#13671 = STYLED_ITEM('color',(#13672),#9123);
#13672 = PRESENTATION_STYLE_ASSIGNMENT((#13673));
#13673 = SURFACE_STYLE_USAGE(.BOTH.,#13674);
#13674 = SURFACE_SIDE_STYLE('',(#13675));
#13675 = SURFACE_STYLE_FILL_AREA(#13676);
#13676 = FILL_AREA_STYLE('',(#13677));
#13677 = FILL_AREA_STYLE_COLOUR('',#13095);
#13678 = STYLED_ITEM('color',(#13679),#9135);
#13679 = PRESENTATION_STYLE_ASSIGNMENT((#13680));
#13680 = SURFACE_STYLE_USAGE(.BOTH.,#13681);
#13681 = SURFACE_SIDE_STYLE('',(#13682));
#13682 = SURFACE_STYLE_FILL_AREA(#13683);
#13683 = FILL_AREA_STYLE('',(#13684));
#13684 = FILL_AREA_STYLE_COLOUR('',#13095);
#13685 = STYLED_ITEM('color',(#13686),#9152);
#13686 = PRESENTATION_STYLE_ASSIGNMENT((#13687));
#13687 = SURFACE_STYLE_USAGE(.BOTH.,#13688);
#13688 = SURFACE_SIDE_STYLE('',(#13689));
#13689 = SURFACE_STYLE_FILL_AREA(#13690);
#13690 = FILL_AREA_STYLE('',(#13691));
#13691 = FILL_AREA_STYLE_COLOUR('',#13095);
#13692 = STYLED_ITEM('color',(#13693),#9169);
#13693 = PRESENTATION_STYLE_ASSIGNMENT((#13694));
#13694 = SURFACE_STYLE_USAGE(.BOTH.,#13695);
#13695 = SURFACE_SIDE_STYLE('',(#13696));
#13696 = SURFACE_STYLE_FILL_AREA(#13697);
#13697 = FILL_AREA_STYLE('',(#13698));
#13698 = FILL_AREA_STYLE_COLOUR('',#13095);
#13699 = STYLED_ITEM('color',(#13700),#9186);
#13700 = PRESENTATION_STYLE_ASSIGNMENT((#13701));
#13701 = SURFACE_STYLE_USAGE(.BOTH.,#13702);
#13702 = SURFACE_SIDE_STYLE('',(#13703));
#13703 = SURFACE_STYLE_FILL_AREA(#13704);
#13704 = FILL_AREA_STYLE('',(#13705));
#13705 = FILL_AREA_STYLE_COLOUR('',#13095);
#13706 = STYLED_ITEM('color',(#13707),#9203);
#13707 = PRESENTATION_STYLE_ASSIGNMENT((#13708));
#13708 = SURFACE_STYLE_USAGE(.BOTH.,#13709);
#13709 = SURFACE_SIDE_STYLE('',(#13710));
#13710 = SURFACE_STYLE_FILL_AREA(#13711);
#13711 = FILL_AREA_STYLE('',(#13712));
#13712 = FILL_AREA_STYLE_COLOUR('',#13095);
#13713 = STYLED_ITEM('color',(#13714),#9220);
#13714 = PRESENTATION_STYLE_ASSIGNMENT((#13715));
#13715 = SURFACE_STYLE_USAGE(.BOTH.,#13716);
#13716 = SURFACE_SIDE_STYLE('',(#13717));
#13717 = SURFACE_STYLE_FILL_AREA(#13718);
#13718 = FILL_AREA_STYLE('',(#13719));
#13719 = FILL_AREA_STYLE_COLOUR('',#13095);
#13720 = STYLED_ITEM('color',(#13721),#9237);
#13721 = PRESENTATION_STYLE_ASSIGNMENT((#13722));
#13722 = SURFACE_STYLE_USAGE(.BOTH.,#13723);
#13723 = SURFACE_SIDE_STYLE('',(#13724));
#13724 = SURFACE_STYLE_FILL_AREA(#13725);
#13725 = FILL_AREA_STYLE('',(#13726));
#13726 = FILL_AREA_STYLE_COLOUR('',#13095);
#13727 = STYLED_ITEM('color',(#13728),#9254);
#13728 = PRESENTATION_STYLE_ASSIGNMENT((#13729));
#13729 = SURFACE_STYLE_USAGE(.BOTH.,#13730);
#13730 = SURFACE_SIDE_STYLE('',(#13731));
#13731 = SURFACE_STYLE_FILL_AREA(#13732);
#13732 = FILL_AREA_STYLE('',(#13733));
#13733 = FILL_AREA_STYLE_COLOUR('',#13095);
#13734 = STYLED_ITEM('color',(#13735),#9266);
#13735 = PRESENTATION_STYLE_ASSIGNMENT((#13736));
#13736 = SURFACE_STYLE_USAGE(.BOTH.,#13737);
#13737 = SURFACE_SIDE_STYLE('',(#13738));
#13738 = SURFACE_STYLE_FILL_AREA(#13739);
#13739 = FILL_AREA_STYLE('',(#13740));
#13740 = FILL_AREA_STYLE_COLOUR('',#13131);
#13741 = STYLED_ITEM('color',(#13742),#9289);
#13742 = PRESENTATION_STYLE_ASSIGNMENT((#13743));
#13743 = SURFACE_STYLE_USAGE(.BOTH.,#13744);
#13744 = SURFACE_SIDE_STYLE('',(#13745));
#13745 = SURFACE_STYLE_FILL_AREA(#13746);
#13746 = FILL_AREA_STYLE('',(#13747));
#13747 = FILL_AREA_STYLE_COLOUR('',#13131);
#13748 = STYLED_ITEM('color',(#13749),#9305);
#13749 = PRESENTATION_STYLE_ASSIGNMENT((#13750));
#13750 = SURFACE_STYLE_USAGE(.BOTH.,#13751);
#13751 = SURFACE_SIDE_STYLE('',(#13752));
#13752 = SURFACE_STYLE_FILL_AREA(#13753);
#13753 = FILL_AREA_STYLE('',(#13754));
#13754 = FILL_AREA_STYLE_COLOUR('',#13131);
#13755 = STYLED_ITEM('color',(#13756),#9328);
#13756 = PRESENTATION_STYLE_ASSIGNMENT((#13757));
#13757 = SURFACE_STYLE_USAGE(.BOTH.,#13758);
#13758 = SURFACE_SIDE_STYLE('',(#13759));
#13759 = SURFACE_STYLE_FILL_AREA(#13760);
#13760 = FILL_AREA_STYLE('',(#13761));
#13761 = FILL_AREA_STYLE_COLOUR('',#13131);
#13762 = STYLED_ITEM('color',(#13763),#9415);
#13763 = PRESENTATION_STYLE_ASSIGNMENT((#13764));
#13764 = SURFACE_STYLE_USAGE(.BOTH.,#13765);
#13765 = SURFACE_SIDE_STYLE('',(#13766));
#13766 = SURFACE_STYLE_FILL_AREA(#13767);
#13767 = FILL_AREA_STYLE('',(#13768));
#13768 = FILL_AREA_STYLE_COLOUR('',#13131);
#13769 = STYLED_ITEM('color',(#13770),#9438);
#13770 = PRESENTATION_STYLE_ASSIGNMENT((#13771));
#13771 = SURFACE_STYLE_USAGE(.BOTH.,#13772);
#13772 = SURFACE_SIDE_STYLE('',(#13773));
#13773 = SURFACE_STYLE_FILL_AREA(#13774);
#13774 = FILL_AREA_STYLE('',(#13775));
#13775 = FILL_AREA_STYLE_COLOUR('',#13131);
#13776 = STYLED_ITEM('color',(#13777),#9455);
#13777 = PRESENTATION_STYLE_ASSIGNMENT((#13778));
#13778 = SURFACE_STYLE_USAGE(.BOTH.,#13779);
#13779 = SURFACE_SIDE_STYLE('',(#13780));
#13780 = SURFACE_STYLE_FILL_AREA(#13781);
#13781 = FILL_AREA_STYLE('',(#13782));
#13782 = FILL_AREA_STYLE_COLOUR('',#13783);
#13783 = COLOUR_RGB('',0.690196106937,0.662745111292,0.596078458879);
#13784 = STYLED_ITEM('color',(#13785),#9480);
#13785 = PRESENTATION_STYLE_ASSIGNMENT((#13786));
#13786 = SURFACE_STYLE_USAGE(.BOTH.,#13787);
#13787 = SURFACE_SIDE_STYLE('',(#13788));
#13788 = SURFACE_STYLE_FILL_AREA(#13789);
#13789 = FILL_AREA_STYLE('',(#13790));
#13790 = FILL_AREA_STYLE_COLOUR('',#13131);
#13791 = STYLED_ITEM('color',(#13792),#9496);
#13792 = PRESENTATION_STYLE_ASSIGNMENT((#13793));
#13793 = SURFACE_STYLE_USAGE(.BOTH.,#13794);
#13794 = SURFACE_SIDE_STYLE('',(#13795));
#13795 = SURFACE_STYLE_FILL_AREA(#13796);
#13796 = FILL_AREA_STYLE('',(#13797));
#13797 = FILL_AREA_STYLE_COLOUR('',#13131);
#13798 = STYLED_ITEM('color',(#13799),#9512);
#13799 = PRESENTATION_STYLE_ASSIGNMENT((#13800));
#13800 = SURFACE_STYLE_USAGE(.BOTH.,#13801);
#13801 = SURFACE_SIDE_STYLE('',(#13802));
#13802 = SURFACE_STYLE_FILL_AREA(#13803);
#13803 = FILL_AREA_STYLE('',(#13804));
#13804 = FILL_AREA_STYLE_COLOUR('',#13131);
#13805 = STYLED_ITEM('color',(#13806),#9529);
#13806 = PRESENTATION_STYLE_ASSIGNMENT((#13807));
#13807 = SURFACE_STYLE_USAGE(.BOTH.,#13808);
#13808 = SURFACE_SIDE_STYLE('',(#13809));
#13809 = SURFACE_STYLE_FILL_AREA(#13810);
#13810 = FILL_AREA_STYLE('',(#13811));
#13811 = FILL_AREA_STYLE_COLOUR('',#13095);
#13812 = STYLED_ITEM('color',(#13813),#9621);
#13813 = PRESENTATION_STYLE_ASSIGNMENT((#13814));
#13814 = SURFACE_STYLE_USAGE(.BOTH.,#13815);
#13815 = SURFACE_SIDE_STYLE('',(#13816));
#13816 = SURFACE_STYLE_FILL_AREA(#13817);
#13817 = FILL_AREA_STYLE('',(#13818));
#13818 = FILL_AREA_STYLE_COLOUR('',#13095);
#13819 = STYLED_ITEM('color',(#13820),#9713);
#13820 = PRESENTATION_STYLE_ASSIGNMENT((#13821));
#13821 = SURFACE_STYLE_USAGE(.BOTH.,#13822);
#13822 = SURFACE_SIDE_STYLE('',(#13823));
#13823 = SURFACE_STYLE_FILL_AREA(#13824);
#13824 = FILL_AREA_STYLE('',(#13825));
#13825 = FILL_AREA_STYLE_COLOUR('',#13131);
#13826 = STYLED_ITEM('color',(#13827),#9734);
#13827 = PRESENTATION_STYLE_ASSIGNMENT((#13828));
#13828 = SURFACE_STYLE_USAGE(.BOTH.,#13829);
#13829 = SURFACE_SIDE_STYLE('',(#13830));
#13830 = SURFACE_STYLE_FILL_AREA(#13831);
#13831 = FILL_AREA_STYLE('',(#13832));
#13832 = FILL_AREA_STYLE_COLOUR('',#13095);
#13833 = STYLED_ITEM('color',(#13834),#9759);
#13834 = PRESENTATION_STYLE_ASSIGNMENT((#13835));
#13835 = SURFACE_STYLE_USAGE(.BOTH.,#13836);
#13836 = SURFACE_SIDE_STYLE('',(#13837));
#13837 = SURFACE_STYLE_FILL_AREA(#13838);
#13838 = FILL_AREA_STYLE('',(#13839));
#13839 = FILL_AREA_STYLE_COLOUR('',#13095);
#13840 = STYLED_ITEM('color',(#13841),#9843);
#13841 = PRESENTATION_STYLE_ASSIGNMENT((#13842));
#13842 = SURFACE_STYLE_USAGE(.BOTH.,#13843);
#13843 = SURFACE_SIDE_STYLE('',(#13844));
#13844 = SURFACE_STYLE_FILL_AREA(#13845);
#13845 = FILL_AREA_STYLE('',(#13846));
#13846 = FILL_AREA_STYLE_COLOUR('',#13095);
#13847 = STYLED_ITEM('color',(#13848),#9935);
#13848 = PRESENTATION_STYLE_ASSIGNMENT((#13849));
#13849 = SURFACE_STYLE_USAGE(.BOTH.,#13850);
#13850 = SURFACE_SIDE_STYLE('',(#13851));
#13851 = SURFACE_STYLE_FILL_AREA(#13852);
#13852 = FILL_AREA_STYLE('',(#13853));
#13853 = FILL_AREA_STYLE_COLOUR('',#13095);
#13854 = STYLED_ITEM('color',(#13855),#9952);
#13855 = PRESENTATION_STYLE_ASSIGNMENT((#13856));
#13856 = SURFACE_STYLE_USAGE(.BOTH.,#13857);
#13857 = SURFACE_SIDE_STYLE('',(#13858));
#13858 = SURFACE_STYLE_FILL_AREA(#13859);
#13859 = FILL_AREA_STYLE('',(#13860));
#13860 = FILL_AREA_STYLE_COLOUR('',#13131);
#13861 = STYLED_ITEM('color',(#13862),#9974);
#13862 = PRESENTATION_STYLE_ASSIGNMENT((#13863));
#13863 = SURFACE_STYLE_USAGE(.BOTH.,#13864);
#13864 = SURFACE_SIDE_STYLE('',(#13865));
#13865 = SURFACE_STYLE_FILL_AREA(#13866);
#13866 = FILL_AREA_STYLE('',(#13867));
#13867 = FILL_AREA_STYLE_COLOUR('',#13095);
#13868 = STYLED_ITEM('color',(#13869),#10066);
#13869 = PRESENTATION_STYLE_ASSIGNMENT((#13870));
#13870 = SURFACE_STYLE_USAGE(.BOTH.,#13871);
#13871 = SURFACE_SIDE_STYLE('',(#13872));
#13872 = SURFACE_STYLE_FILL_AREA(#13873);
#13873 = FILL_AREA_STYLE('',(#13874));
#13874 = FILL_AREA_STYLE_COLOUR('',#13095);
#13875 = STYLED_ITEM('color',(#13876),#10158);
#13876 = PRESENTATION_STYLE_ASSIGNMENT((#13877));
#13877 = SURFACE_STYLE_USAGE(.BOTH.,#13878);
#13878 = SURFACE_SIDE_STYLE('',(#13879));
#13879 = SURFACE_STYLE_FILL_AREA(#13880);
#13880 = FILL_AREA_STYLE('',(#13881));
#13881 = FILL_AREA_STYLE_COLOUR('',#13131);
#13882 = STYLED_ITEM('color',(#13883),#10180);
#13883 = PRESENTATION_STYLE_ASSIGNMENT((#13884));
#13884 = SURFACE_STYLE_USAGE(.BOTH.,#13885);
#13885 = SURFACE_SIDE_STYLE('',(#13886));
#13886 = SURFACE_STYLE_FILL_AREA(#13887);
#13887 = FILL_AREA_STYLE('',(#13888));
#13888 = FILL_AREA_STYLE_COLOUR('',#13095);
#13889 = STYLED_ITEM('color',(#13890),#10205);
#13890 = PRESENTATION_STYLE_ASSIGNMENT((#13891));
#13891 = SURFACE_STYLE_USAGE(.BOTH.,#13892);
#13892 = SURFACE_SIDE_STYLE('',(#13893));
#13893 = SURFACE_STYLE_FILL_AREA(#13894);
#13894 = FILL_AREA_STYLE('',(#13895));
#13895 = FILL_AREA_STYLE_COLOUR('',#13095);
#13896 = STYLED_ITEM('color',(#13897),#10289);
#13897 = PRESENTATION_STYLE_ASSIGNMENT((#13898));
#13898 = SURFACE_STYLE_USAGE(.BOTH.,#13899);
#13899 = SURFACE_SIDE_STYLE('',(#13900));
#13900 = SURFACE_STYLE_FILL_AREA(#13901);
#13901 = FILL_AREA_STYLE('',(#13902));
#13902 = FILL_AREA_STYLE_COLOUR('',#13095);
#13903 = STYLED_ITEM('color',(#13904),#10381);
#13904 = PRESENTATION_STYLE_ASSIGNMENT((#13905));
#13905 = SURFACE_STYLE_USAGE(.BOTH.,#13906);
#13906 = SURFACE_SIDE_STYLE('',(#13907));
#13907 = SURFACE_STYLE_FILL_AREA(#13908);
#13908 = FILL_AREA_STYLE('',(#13909));
#13909 = FILL_AREA_STYLE_COLOUR('',#13095);
#13910 = STYLED_ITEM('color',(#13911),#10398);
#13911 = PRESENTATION_STYLE_ASSIGNMENT((#13912));
#13912 = SURFACE_STYLE_USAGE(.BOTH.,#13913);
#13913 = SURFACE_SIDE_STYLE('',(#13914));
#13914 = SURFACE_STYLE_FILL_AREA(#13915);
#13915 = FILL_AREA_STYLE('',(#13916));
#13916 = FILL_AREA_STYLE_COLOUR('',#13131);
#13917 = STYLED_ITEM('color',(#13918),#10420);
#13918 = PRESENTATION_STYLE_ASSIGNMENT((#13919));
#13919 = SURFACE_STYLE_USAGE(.BOTH.,#13920);
#13920 = SURFACE_SIDE_STYLE('',(#13921));
#13921 = SURFACE_STYLE_FILL_AREA(#13922);
#13922 = FILL_AREA_STYLE('',(#13923));
#13923 = FILL_AREA_STYLE_COLOUR('',#13131);
#13924 = STYLED_ITEM('color',(#13925),#10432);
#13925 = PRESENTATION_STYLE_ASSIGNMENT((#13926));
#13926 = SURFACE_STYLE_USAGE(.BOTH.,#13927);
#13927 = SURFACE_SIDE_STYLE('',(#13928));
#13928 = SURFACE_STYLE_FILL_AREA(#13929);
#13929 = FILL_AREA_STYLE('',(#13930));
#13930 = FILL_AREA_STYLE_COLOUR('',#13095);
#13931 = STYLED_ITEM('color',(#13932),#10451);
#13932 = PRESENTATION_STYLE_ASSIGNMENT((#13933));
#13933 = SURFACE_STYLE_USAGE(.BOTH.,#13934);
#13934 = SURFACE_SIDE_STYLE('',(#13935));
#13935 = SURFACE_STYLE_FILL_AREA(#13936);
#13936 = FILL_AREA_STYLE('',(#13937));
#13937 = FILL_AREA_STYLE_COLOUR('',#13095);
#13938 = STYLED_ITEM('color',(#13939),#10470);
#13939 = PRESENTATION_STYLE_ASSIGNMENT((#13940));
#13940 = SURFACE_STYLE_USAGE(.BOTH.,#13941);
#13941 = SURFACE_SIDE_STYLE('',(#13942));
#13942 = SURFACE_STYLE_FILL_AREA(#13943);
#13943 = FILL_AREA_STYLE('',(#13944));
#13944 = FILL_AREA_STYLE_COLOUR('',#13095);
#13945 = STYLED_ITEM('color',(#13946),#10489);
#13946 = PRESENTATION_STYLE_ASSIGNMENT((#13947));
#13947 = SURFACE_STYLE_USAGE(.BOTH.,#13948);
#13948 = SURFACE_SIDE_STYLE('',(#13949));
#13949 = SURFACE_STYLE_FILL_AREA(#13950);
#13950 = FILL_AREA_STYLE('',(#13951));
#13951 = FILL_AREA_STYLE_COLOUR('',#13095);
#13952 = STYLED_ITEM('color',(#13953),#10508);
#13953 = PRESENTATION_STYLE_ASSIGNMENT((#13954));
#13954 = SURFACE_STYLE_USAGE(.BOTH.,#13955);
#13955 = SURFACE_SIDE_STYLE('',(#13956));
#13956 = SURFACE_STYLE_FILL_AREA(#13957);
#13957 = FILL_AREA_STYLE('',(#13958));
#13958 = FILL_AREA_STYLE_COLOUR('',#13783);
#13959 = STYLED_ITEM('color',(#13960),#10517);
#13960 = PRESENTATION_STYLE_ASSIGNMENT((#13961));
#13961 = SURFACE_STYLE_USAGE(.BOTH.,#13962);
#13962 = SURFACE_SIDE_STYLE('',(#13963));
#13963 = SURFACE_STYLE_FILL_AREA(#13964);
#13964 = FILL_AREA_STYLE('',(#13965));
#13965 = FILL_AREA_STYLE_COLOUR('',#13095);
#13966 = STYLED_ITEM('color',(#13967),#10534);
#13967 = PRESENTATION_STYLE_ASSIGNMENT((#13968));
#13968 = SURFACE_STYLE_USAGE(.BOTH.,#13969);
#13969 = SURFACE_SIDE_STYLE('',(#13970));
#13970 = SURFACE_STYLE_FILL_AREA(#13971);
#13971 = FILL_AREA_STYLE('',(#13972));
#13972 = FILL_AREA_STYLE_COLOUR('',#13095);
#13973 = STYLED_ITEM('color',(#13974),#10551);
#13974 = PRESENTATION_STYLE_ASSIGNMENT((#13975));
#13975 = SURFACE_STYLE_USAGE(.BOTH.,#13976);
#13976 = SURFACE_SIDE_STYLE('',(#13977));
#13977 = SURFACE_STYLE_FILL_AREA(#13978);
#13978 = FILL_AREA_STYLE('',(#13979));
#13979 = FILL_AREA_STYLE_COLOUR('',#13095);
#13980 = STYLED_ITEM('color',(#13981),#10568);
#13981 = PRESENTATION_STYLE_ASSIGNMENT((#13982));
#13982 = SURFACE_STYLE_USAGE(.BOTH.,#13983);
#13983 = SURFACE_SIDE_STYLE('',(#13984));
#13984 = SURFACE_STYLE_FILL_AREA(#13985);
#13985 = FILL_AREA_STYLE('',(#13986));
#13986 = FILL_AREA_STYLE_COLOUR('',#13095);
#13987 = STYLED_ITEM('color',(#13988),#10585);
#13988 = PRESENTATION_STYLE_ASSIGNMENT((#13989));
#13989 = SURFACE_STYLE_USAGE(.BOTH.,#13990);
#13990 = SURFACE_SIDE_STYLE('',(#13991));
#13991 = SURFACE_STYLE_FILL_AREA(#13992);
#13992 = FILL_AREA_STYLE('',(#13993));
#13993 = FILL_AREA_STYLE_COLOUR('',#13095);
#13994 = STYLED_ITEM('color',(#13995),#10602);
#13995 = PRESENTATION_STYLE_ASSIGNMENT((#13996));
#13996 = SURFACE_STYLE_USAGE(.BOTH.,#13997);
#13997 = SURFACE_SIDE_STYLE('',(#13998));
#13998 = SURFACE_STYLE_FILL_AREA(#13999);
#13999 = FILL_AREA_STYLE('',(#14000));
#14000 = FILL_AREA_STYLE_COLOUR('',#13095);
#14001 = STYLED_ITEM('color',(#14002),#10619);
#14002 = PRESENTATION_STYLE_ASSIGNMENT((#14003));
#14003 = SURFACE_STYLE_USAGE(.BOTH.,#14004);
#14004 = SURFACE_SIDE_STYLE('',(#14005));
#14005 = SURFACE_STYLE_FILL_AREA(#14006);
#14006 = FILL_AREA_STYLE('',(#14007));
#14007 = FILL_AREA_STYLE_COLOUR('',#13095);
#14008 = STYLED_ITEM('color',(#14009),#10636);
#14009 = PRESENTATION_STYLE_ASSIGNMENT((#14010));
#14010 = SURFACE_STYLE_USAGE(.BOTH.,#14011);
#14011 = SURFACE_SIDE_STYLE('',(#14012));
#14012 = SURFACE_STYLE_FILL_AREA(#14013);
#14013 = FILL_AREA_STYLE('',(#14014));
#14014 = FILL_AREA_STYLE_COLOUR('',#13095);
#14015 = STYLED_ITEM('color',(#14016),#10648);
#14016 = PRESENTATION_STYLE_ASSIGNMENT((#14017));
#14017 = SURFACE_STYLE_USAGE(.BOTH.,#14018);
#14018 = SURFACE_SIDE_STYLE('',(#14019));
#14019 = SURFACE_STYLE_FILL_AREA(#14020);
#14020 = FILL_AREA_STYLE('',(#14021));
#14021 = FILL_AREA_STYLE_COLOUR('',#13095);
#14022 = STYLED_ITEM('color',(#14023),#10665);
#14023 = PRESENTATION_STYLE_ASSIGNMENT((#14024));
#14024 = SURFACE_STYLE_USAGE(.BOTH.,#14025);
#14025 = SURFACE_SIDE_STYLE('',(#14026));
#14026 = SURFACE_STYLE_FILL_AREA(#14027);
#14027 = FILL_AREA_STYLE('',(#14028));
#14028 = FILL_AREA_STYLE_COLOUR('',#13095);
#14029 = STYLED_ITEM('color',(#14030),#10682);
#14030 = PRESENTATION_STYLE_ASSIGNMENT((#14031));
#14031 = SURFACE_STYLE_USAGE(.BOTH.,#14032);
#14032 = SURFACE_SIDE_STYLE('',(#14033));
#14033 = SURFACE_STYLE_FILL_AREA(#14034);
#14034 = FILL_AREA_STYLE('',(#14035));
#14035 = FILL_AREA_STYLE_COLOUR('',#13095);
#14036 = STYLED_ITEM('color',(#14037),#10699);
#14037 = PRESENTATION_STYLE_ASSIGNMENT((#14038));
#14038 = SURFACE_STYLE_USAGE(.BOTH.,#14039);
#14039 = SURFACE_SIDE_STYLE('',(#14040));
#14040 = SURFACE_STYLE_FILL_AREA(#14041);
#14041 = FILL_AREA_STYLE('',(#14042));
#14042 = FILL_AREA_STYLE_COLOUR('',#13095);
#14043 = STYLED_ITEM('color',(#14044),#10716);
#14044 = PRESENTATION_STYLE_ASSIGNMENT((#14045));
#14045 = SURFACE_STYLE_USAGE(.BOTH.,#14046);
#14046 = SURFACE_SIDE_STYLE('',(#14047));
#14047 = SURFACE_STYLE_FILL_AREA(#14048);
#14048 = FILL_AREA_STYLE('',(#14049));
#14049 = FILL_AREA_STYLE_COLOUR('',#13095);
#14050 = STYLED_ITEM('color',(#14051),#10733);
#14051 = PRESENTATION_STYLE_ASSIGNMENT((#14052));
#14052 = SURFACE_STYLE_USAGE(.BOTH.,#14053);
#14053 = SURFACE_SIDE_STYLE('',(#14054));
#14054 = SURFACE_STYLE_FILL_AREA(#14055);
#14055 = FILL_AREA_STYLE('',(#14056));
#14056 = FILL_AREA_STYLE_COLOUR('',#13095);
#14057 = STYLED_ITEM('color',(#14058),#10750);
#14058 = PRESENTATION_STYLE_ASSIGNMENT((#14059));
#14059 = SURFACE_STYLE_USAGE(.BOTH.,#14060);
#14060 = SURFACE_SIDE_STYLE('',(#14061));
#14061 = SURFACE_STYLE_FILL_AREA(#14062);
#14062 = FILL_AREA_STYLE('',(#14063));
#14063 = FILL_AREA_STYLE_COLOUR('',#13095);
#14064 = STYLED_ITEM('color',(#14065),#10767);
#14065 = PRESENTATION_STYLE_ASSIGNMENT((#14066));
#14066 = SURFACE_STYLE_USAGE(.BOTH.,#14067);
#14067 = SURFACE_SIDE_STYLE('',(#14068));
#14068 = SURFACE_STYLE_FILL_AREA(#14069);
#14069 = FILL_AREA_STYLE('',(#14070));
#14070 = FILL_AREA_STYLE_COLOUR('',#13095);
#14071 = STYLED_ITEM('color',(#14072),#10779);
#14072 = PRESENTATION_STYLE_ASSIGNMENT((#14073));
#14073 = SURFACE_STYLE_USAGE(.BOTH.,#14074);
#14074 = SURFACE_SIDE_STYLE('',(#14075));
#14075 = SURFACE_STYLE_FILL_AREA(#14076);
#14076 = FILL_AREA_STYLE('',(#14077));
#14077 = FILL_AREA_STYLE_COLOUR('',#13095);
#14078 = STYLED_ITEM('color',(#14079),#10796);
#14079 = PRESENTATION_STYLE_ASSIGNMENT((#14080));
#14080 = SURFACE_STYLE_USAGE(.BOTH.,#14081);
#14081 = SURFACE_SIDE_STYLE('',(#14082));
#14082 = SURFACE_STYLE_FILL_AREA(#14083);
#14083 = FILL_AREA_STYLE('',(#14084));
#14084 = FILL_AREA_STYLE_COLOUR('',#13095);
#14085 = STYLED_ITEM('color',(#14086),#10813);
#14086 = PRESENTATION_STYLE_ASSIGNMENT((#14087));
#14087 = SURFACE_STYLE_USAGE(.BOTH.,#14088);
#14088 = SURFACE_SIDE_STYLE('',(#14089));
#14089 = SURFACE_STYLE_FILL_AREA(#14090);
#14090 = FILL_AREA_STYLE('',(#14091));
#14091 = FILL_AREA_STYLE_COLOUR('',#13095);
#14092 = STYLED_ITEM('color',(#14093),#10830);
#14093 = PRESENTATION_STYLE_ASSIGNMENT((#14094));
#14094 = SURFACE_STYLE_USAGE(.BOTH.,#14095);
#14095 = SURFACE_SIDE_STYLE('',(#14096));
#14096 = SURFACE_STYLE_FILL_AREA(#14097);
#14097 = FILL_AREA_STYLE('',(#14098));
#14098 = FILL_AREA_STYLE_COLOUR('',#13095);
#14099 = STYLED_ITEM('color',(#14100),#10847);
#14100 = PRESENTATION_STYLE_ASSIGNMENT((#14101));
#14101 = SURFACE_STYLE_USAGE(.BOTH.,#14102);
#14102 = SURFACE_SIDE_STYLE('',(#14103));
#14103 = SURFACE_STYLE_FILL_AREA(#14104);
#14104 = FILL_AREA_STYLE('',(#14105));
#14105 = FILL_AREA_STYLE_COLOUR('',#13095);
#14106 = STYLED_ITEM('color',(#14107),#10864);
#14107 = PRESENTATION_STYLE_ASSIGNMENT((#14108));
#14108 = SURFACE_STYLE_USAGE(.BOTH.,#14109);
#14109 = SURFACE_SIDE_STYLE('',(#14110));
#14110 = SURFACE_STYLE_FILL_AREA(#14111);
#14111 = FILL_AREA_STYLE('',(#14112));
#14112 = FILL_AREA_STYLE_COLOUR('',#13095);
#14113 = STYLED_ITEM('color',(#14114),#10881);
#14114 = PRESENTATION_STYLE_ASSIGNMENT((#14115));
#14115 = SURFACE_STYLE_USAGE(.BOTH.,#14116);
#14116 = SURFACE_SIDE_STYLE('',(#14117));
#14117 = SURFACE_STYLE_FILL_AREA(#14118);
#14118 = FILL_AREA_STYLE('',(#14119));
#14119 = FILL_AREA_STYLE_COLOUR('',#13095);
#14120 = STYLED_ITEM('color',(#14121),#10898);
#14121 = PRESENTATION_STYLE_ASSIGNMENT((#14122));
#14122 = SURFACE_STYLE_USAGE(.BOTH.,#14123);
#14123 = SURFACE_SIDE_STYLE('',(#14124));
#14124 = SURFACE_STYLE_FILL_AREA(#14125);
#14125 = FILL_AREA_STYLE('',(#14126));
#14126 = FILL_AREA_STYLE_COLOUR('',#13095);
#14127 = STYLED_ITEM('color',(#14128),#10910);
#14128 = PRESENTATION_STYLE_ASSIGNMENT((#14129));
#14129 = SURFACE_STYLE_USAGE(.BOTH.,#14130);
#14130 = SURFACE_SIDE_STYLE('',(#14131));
#14131 = SURFACE_STYLE_FILL_AREA(#14132);
#14132 = FILL_AREA_STYLE('',(#14133));
#14133 = FILL_AREA_STYLE_COLOUR('',#13095);
#14134 = STYLED_ITEM('color',(#14135),#10927);
#14135 = PRESENTATION_STYLE_ASSIGNMENT((#14136));
#14136 = SURFACE_STYLE_USAGE(.BOTH.,#14137);
#14137 = SURFACE_SIDE_STYLE('',(#14138));
#14138 = SURFACE_STYLE_FILL_AREA(#14139);
#14139 = FILL_AREA_STYLE('',(#14140));
#14140 = FILL_AREA_STYLE_COLOUR('',#13095);
#14141 = STYLED_ITEM('color',(#14142),#10944);
#14142 = PRESENTATION_STYLE_ASSIGNMENT((#14143));
#14143 = SURFACE_STYLE_USAGE(.BOTH.,#14144);
#14144 = SURFACE_SIDE_STYLE('',(#14145));
#14145 = SURFACE_STYLE_FILL_AREA(#14146);
#14146 = FILL_AREA_STYLE('',(#14147));
#14147 = FILL_AREA_STYLE_COLOUR('',#13095);
#14148 = STYLED_ITEM('color',(#14149),#10961);
#14149 = PRESENTATION_STYLE_ASSIGNMENT((#14150));
#14150 = SURFACE_STYLE_USAGE(.BOTH.,#14151);
#14151 = SURFACE_SIDE_STYLE('',(#14152));
#14152 = SURFACE_STYLE_FILL_AREA(#14153);
#14153 = FILL_AREA_STYLE('',(#14154));
#14154 = FILL_AREA_STYLE_COLOUR('',#13095);
#14155 = STYLED_ITEM('color',(#14156),#10978);
#14156 = PRESENTATION_STYLE_ASSIGNMENT((#14157));
#14157 = SURFACE_STYLE_USAGE(.BOTH.,#14158);
#14158 = SURFACE_SIDE_STYLE('',(#14159));
#14159 = SURFACE_STYLE_FILL_AREA(#14160);
#14160 = FILL_AREA_STYLE('',(#14161));
#14161 = FILL_AREA_STYLE_COLOUR('',#13095);
#14162 = STYLED_ITEM('color',(#14163),#10995);
#14163 = PRESENTATION_STYLE_ASSIGNMENT((#14164));
#14164 = SURFACE_STYLE_USAGE(.BOTH.,#14165);
#14165 = SURFACE_SIDE_STYLE('',(#14166));
#14166 = SURFACE_STYLE_FILL_AREA(#14167);
#14167 = FILL_AREA_STYLE('',(#14168));
#14168 = FILL_AREA_STYLE_COLOUR('',#13095);
#14169 = STYLED_ITEM('color',(#14170),#11012);
#14170 = PRESENTATION_STYLE_ASSIGNMENT((#14171));
#14171 = SURFACE_STYLE_USAGE(.BOTH.,#14172);
#14172 = SURFACE_SIDE_STYLE('',(#14173));
#14173 = SURFACE_STYLE_FILL_AREA(#14174);
#14174 = FILL_AREA_STYLE('',(#14175));
#14175 = FILL_AREA_STYLE_COLOUR('',#13095);
#14176 = STYLED_ITEM('color',(#14177),#11029);
#14177 = PRESENTATION_STYLE_ASSIGNMENT((#14178));
#14178 = SURFACE_STYLE_USAGE(.BOTH.,#14179);
#14179 = SURFACE_SIDE_STYLE('',(#14180));
#14180 = SURFACE_STYLE_FILL_AREA(#14181);
#14181 = FILL_AREA_STYLE('',(#14182));
#14182 = FILL_AREA_STYLE_COLOUR('',#13095);
ENDSEC;
END-ISO-10303-21;
